位移,,,,,
-0.57943365,0.01562,0.01562,-0.57943365,0.01562,0.01562
-0.544152442,0.10959,0.09397,-0.544152442,0.10959,0.09397
-0.377774214,0.15647,0.04688,-0.377774214,0.15647,0.04688
-0.034858368,0.24589,0.08942,-0.034858368,0.24589,0.08942
0.154628244,0.29277,0.04688,0.154628244,0.29277,0.04688
0.542144353,0.38649,0.09372,0.542144353,0.38649,0.09372
0.80035351,0.44903,0.06254,0.80035351,0.44903,0.06254
1.111276029,0.52715,0.07812,1.111276029,0.52715,0.07812
1.401999142,0.60528,0.07813,1.401999142,0.60528,0.07813
1.561781975,0.65216,0.04688,1.561781975,0.65216,0.04688
1.751410286,0.71465,0.06249,1.751410286,0.71465,0.06249
1.913760001,0.77717,0.06252,1.913760001,0.77717,0.06252
2.097120874,0.87092,0.09375,2.097120874,0.87092,0.09375
2.193675569,0.95199,0.08107,2.193675569,0.95199,0.08107
2.22129679,1.01452,0.06253,2.22129679,1.01452,0.06253
2.219108209,1.06139,0.04687,2.219108209,1.06139,0.04687
2.150603747,1.1566,0.09521,2.150603747,1.1566,0.09521
2.059583106,1.21911,0.06251,2.059583106,1.21911,0.06251
1.937926918,1.28162,0.06251,1.937926918,1.28162,0.06251
1.746940893,1.35974,0.07812,1.746940893,1.35974,0.07812
1.614262218,1.40659,0.04685,1.614262218,1.40659,0.04685
1.368331295,1.48475,0.07816,1.368331295,1.48475,0.07816
1.047228447,1.5786,0.09385,1.047228447,1.5786,0.09385
0.825952913,1.641,0.0624,0.825952913,1.641,0.0624
0.603947729,1.7035,0.0625,0.603947729,1.7035,0.0625
0.281230154,1.79726,0.09376,0.281230154,1.79726,0.09376
0.129037626,1.84413,0.04687,0.129037626,1.84413,0.04687
-0.061129041,1.90664,0.06251,-0.061129041,1.90664,0.06251
-0.232796002,1.96914,0.0625,-0.232796002,1.96914,0.0625
-0.384390947,2.03144,0.0623,-0.384390947,2.03144,0.0623
-0.544171881,2.10978,0.07834,-0.544171881,2.10978,0.07834
-0.687210494,2.20333,0.09355,-0.687210494,2.20333,0.09355
-0.739610262,2.25041,0.04708,-0.739610262,2.25041,0.04708
-0.796879864,2.32854,0.07813,-0.796879864,2.32854,0.07813
-0.825391036,2.40666,0.07812,-0.825391036,2.40666,0.07812
-0.827661792,2.46915,0.06249,-0.827661792,2.46915,0.06249
-0.816632497,2.53147,0.06232,-0.816632497,2.53147,0.06232
-0.795055272,2.59418,0.06271,-0.795055272,2.59418,0.06271
-0.757540978,2.67231,0.07813,-0.757540978,2.67231,0.07813
-0.715414823,2.75043,0.07812,-0.715414823,2.75043,0.07812
-0.682667768,2.81273,0.0623,-0.682667768,2.81273,0.0623
-0.641028022,2.9067,0.09397,-0.641028022,2.9067,0.09397
-0.619221876,2.98479,0.07809,-0.619221876,2.98479,0.07809
-0.61305629,3.03149,0.0467,-0.61305629,3.03149,0.0467
-0.618312394,3.12557,0.09408,-0.618312394,3.12557,0.09408
-0.630020065,3.17234,0.04677,-0.630020065,3.17234,0.04677
-0.661958604,3.25046,0.07812,-0.661958604,3.25046,0.07812
-0.699338584,3.31295,0.06249,-0.699338584,3.31295,0.06249
-0.744174061,3.37547,0.06252,-0.744174061,3.37547,0.06252
-0.82129898,3.46924,0.09377,-0.82129898,3.46924,0.09377
-0.875684576,3.53152,0.06228,-0.875684576,3.53152,0.06228
-0.942725708,3.60985,0.07833,-0.942725708,3.60985,0.07833
-0.991366916,3.67236,0.06251,-0.991366916,3.67236,0.06251
-1.042516273,3.75049,0.07813,-1.042516273,3.75049,0.07813
-1.075324461,3.8286,0.07811,-1.075324461,3.8286,0.07811
-1.087549755,3.89112,0.06252,-1.087549755,3.89112,0.06252
-1.084112341,3.95362,0.0625,-1.084112341,3.95362,0.0625
-1.034937277,4.063,0.10938,-1.034937277,4.063,0.10938
-1.023162545,4.07862,0.01562,-1.023162545,4.07862,0.01562
-0.949265821,4.15676,0.07814,-0.949265821,4.15676,0.07814
-0.845861463,4.23488,0.07812,-0.845861463,4.23488,0.07812
-0.745600011,4.29719,0.06231,-0.745600011,4.29719,0.06231
-0.625276483,4.36124,0.06405,-0.625276483,4.36124,0.06405
-0.46057088,4.43937,0.07813,-0.46057088,4.43937,0.07813
-0.317501698,4.50185,0.06248,-0.317501698,4.50185,0.06248
-0.16630212,4.56434,0.06249,-0.16630212,4.56434,0.06249
0.028225747,4.64249,0.07815,0.028225747,4.64249,0.07815
0.262368039,4.73626,0.09377,0.262368039,4.73626,0.09377
0.559355862,4.86127,0.12501,0.559355862,4.86127,0.12501
0.727587885,4.93939,0.07812,0.727587885,4.93939,0.07812
0.849397875,5.00186,0.06247,0.849397875,5.00186,0.06247
0.956351555,5.0644,0.06254,0.956351555,5.0644,0.06254
1.048815429,5.1269,0.0625,1.048815429,5.1269,0.0625
1.143026801,5.20483,0.07793,1.143026801,5.20483,0.07793
1.199244868,5.26766,0.06283,1.199244868,5.26766,0.06283
1.254411646,5.36129,0.09363,1.254411646,5.36129,0.09363
1.274154505,5.43942,0.07813,1.274154505,5.43942,0.07813
1.274826853,5.50192,0.0625,1.274826853,5.50192,0.0625
1.261844434,5.56442,0.0625,1.261844434,5.56442,0.0625
1.231380277,5.64256,0.07814,1.231380277,5.64256,0.07814
1.205872279,5.68947,0.04691,1.205872279,5.68947,0.04691
1.165600569,5.75194,0.06247,1.165600569,5.75194,0.06247
1.105819631,5.83006,0.07812,1.105819631,5.83006,0.07812
1.03938287,5.90819,0.07813,1.03938287,5.90819,0.07813
0.964624388,5.98971,0.08152,0.964624388,5.98971,0.08152
0.904744043,6.05242,0.06271,0.904744043,6.05242,0.06271
0.857652916,6.10059,0.04817,0.857652916,6.10059,0.04817
0.77938288,6.17894,0.07835,0.77938288,6.17894,0.07835
0.715614442,6.24152,0.06258,0.715614442,6.24152,0.06258
0.617254958,6.3352,0.09368,0.617254958,6.3352,0.09368
0.54950365,6.39749,0.06229,0.54950365,6.39749,0.06229
0.459892336,6.47596,0.07847,0.459892336,6.47596,0.07847
0.385015434,6.53831,0.06235,0.385015434,6.53831,0.06235
0.305875898,6.60085,0.06254,0.305875898,6.60085,0.06254
0.199604438,6.67897,0.07812,0.199604438,6.67897,0.07812
0.061579023,6.77273,0.09376,0.061579023,6.77273,0.09376
-0.012036417,6.81963,0.0469,-0.012036417,6.81963,0.0469
-0.114737212,6.88211,0.06248,-0.114737212,6.88211,0.06248
-0.249797276,6.96023,0.07812,-0.249797276,6.96023,0.07812
-0.420100464,7.05421,0.09398,-0.420100464,7.05421,0.09398
-0.535784777,7.11648,0.06227,-0.535784777,7.11648,0.06227
-0.68122767,7.19462,0.07814,-0.68122767,7.19462,0.07814
-0.795418206,7.25713,0.06251,-0.795418206,7.25713,0.06251
-0.905238363,7.31963,0.0625,-0.905238363,7.31963,0.0625
-1.057486536,7.41338,0.09375,-1.057486536,7.41338,0.09375
-1.125505027,7.46006,0.04668,-1.125505027,7.46006,0.04668
-1.205871265,7.52276,0.0627,-1.205871265,7.52276,0.0627
-1.287705868,7.60088,0.07812,-1.287705868,7.60088,0.07812
-1.349873215,7.69465,0.09377,-1.349873215,7.69465,0.09377
-1.36796991,7.75693,0.06228,-1.36796991,7.75693,0.06228
-1.361813985,7.83527,0.07834,-1.361813985,7.83527,0.07834
-1.323584152,7.91319,0.07792,-1.323584152,7.91319,0.07792
-1.268664655,7.97569,0.0625,-1.268664655,7.97569,0.0625
-1.193526737,8.03841,0.06272,-1.193526737,8.03841,0.06272
-1.099329819,8.10089,0.06248,-1.099329819,8.10089,0.06248
-0.953373288,8.17904,0.07815,-0.953373288,8.17904,0.07815
-0.74744162,8.2728,0.09376,-0.74744162,8.2728,0.09376
-0.594493548,8.3353,0.0625,-0.594493548,8.3353,0.0625
-0.473897009,8.38198,0.04668,-0.473897009,8.38198,0.04668
-0.263739605,8.46031,0.07833,-0.263739605,8.46031,0.07833
-0.092202288,8.52289,0.06258,-0.092202288,8.52289,0.06258
0.078448805,8.58537,0.06248,0.078448805,8.58537,0.06248
0.245402676,8.64783,0.06246,0.245402676,8.64783,0.06246
0.442653499,8.72596,0.07813,0.442653499,8.72596,0.07813
0.588955988,8.78845,0.06249,0.588955988,8.78845,0.06249
0.751470398,8.86658,0.07813,0.751470398,8.86658,0.07813
0.862853547,8.92909,0.06251,0.862853547,8.92909,0.06251
0.976453084,9.00722,0.07813,0.976453084,9.00722,0.07813
1.043047024,9.06971,0.06249,1.043047024,9.06971,0.06249
1.10430996,9.16347,0.09376,1.10430996,9.16347,0.09376
1.117539844,9.22597,0.0625,1.117539844,9.22597,0.0625
1.113763256,9.27286,0.04689,1.113763256,9.27286,0.04689
1.071943593,9.36661,0.09375,1.071943593,9.36661,0.09375
1.020078371,9.42911,0.0625,1.020078371,9.42911,0.0625
0.951694374,9.49174,0.06263,0.951694374,9.49174,0.06263
0.821080795,9.58537,0.09363,0.821080795,9.58537,0.09363
0.745960163,9.63206,0.04669,0.745960163,9.63206,0.04669
0.580341481,9.7258,0.09374,0.580341481,9.7258,0.09374
0.462093054,9.7885,0.0627,0.462093054,9.7885,0.0627
0.280423336,9.88226,0.09376,0.280423336,9.88226,0.09376
0.18984187,9.92914,0.04688,0.18984187,9.92914,0.04688
0.100763938,9.97602,0.04688,0.100763938,9.97602,0.04688
-0.042204029,10.05414,0.07812,-0.042204029,10.05414,0.07812
-0.173488788,10.13205,0.07791,-0.173488788,10.13205,0.07791
-0.269618286,10.19455,0.0625,-0.269618286,10.19455,0.0625
-0.404679322,10.29758,0.10303,-0.404679322,10.29758,0.10303
-0.457601027,10.3465,0.04892,-0.457601027,10.3465,0.04892
-0.501141607,10.3934,0.0469,-0.501141607,10.3934,0.0469
-0.548619605,10.45612,0.06272,-0.548619605,10.45612,0.06272
-0.583411366,10.52006,0.06394,-0.583411366,10.52006,0.06394
-0.605464511,10.58255,0.06249,-0.605464511,10.58255,0.06249
-0.616243549,10.67629,0.09374,-0.616243549,10.67629,0.09374
-0.612345999,10.7232,0.04691,-0.612345999,10.7232,0.04691
-0.593977179,10.80131,0.07811,-0.593977179,10.80131,0.07811
-0.560499809,10.87946,0.07815,-0.560499809,10.87946,0.07815
-0.523918909,10.94553,0.06607,-0.523918909,10.94553,0.06607
-0.471296262,11.02368,0.07815,-0.471296262,11.02368,0.07815
-0.4364603,11.07046,0.04678,-0.4364603,11.07046,0.04678
-0.372991499,11.15003,0.07957,-0.372991499,11.15003,0.07957
-0.306910659,11.22837,0.07834,-0.306910659,11.22837,0.07834
-0.226730038,11.32225,0.09388,-0.226730038,11.32225,0.09388
-0.161244371,11.40025,0.078,-0.161244371,11.40025,0.078
-0.123279241,11.44714,0.04689,-0.123279241,11.44714,0.04689
-0.07494064,11.50963,0.06249,-0.07494064,11.50963,0.06249
-0.018763804,11.58777,0.07814,-0.018763804,11.58777,0.07814
0.022361566,11.65027,0.0625,0.022361566,11.65027,0.0625
0.059051654,11.71274,0.06247,0.059051654,11.71274,0.06247
0.106774113,11.80653,0.09379,0.106774113,11.80653,0.09379
0.120422519,11.83777,0.03124,0.120422519,11.83777,0.03124
0.150211343,11.91591,0.07814,0.150211343,11.91591,0.07814
0.169565307,11.97854,0.06263,0.169565307,11.97854,0.06263
0.188694103,12.05665,0.07811,0.188694103,12.05665,0.07811
0.202446203,12.13466,0.07801,0.202446203,12.13466,0.07801
0.212083692,12.21258,0.07792,0.212083692,12.21258,0.07792
0.218391457,12.28977,0.07719,0.218391457,12.28977,0.07719
0.220478385,12.32548,0.03571,0.220478385,12.32548,0.03571
0.223388062,12.38798,0.0625,0.223388062,12.38798,0.0625
0.22807361,12.5142,0.12622,0.22807361,12.5142,0.12622
0.230884855,12.57692,0.06272,0.230884855,12.57692,0.06272
0.236303644,12.66266,0.08574,0.236303644,12.66266,0.08574
0.239989855,12.70602,0.04336,0.239989855,12.70602,0.04336
0.248828951,12.78417,0.07815,0.248828951,12.78417,0.07815
0.255687236,12.83224,0.04807,0.255687236,12.83224,0.04807
0.269247638,12.91037,0.07813,0.269247638,12.91037,0.07813
0.289428699,13.00412,0.09375,0.289428699,13.00412,0.09375
0.297095939,13.03538,0.03126,0.297095939,13.03538,0.03126
0.317556545,13.11351,0.07813,0.317556545,13.11351,0.07813
0.335017677,13.17601,0.0625,0.335017677,13.17601,0.0625
0.361648938,13.26977,0.09376,0.361648938,13.26977,0.09376
0.378735497,13.33227,0.0625,0.378735497,13.33227,0.0625
0.394462996,13.39477,0.0625,0.394462996,13.39477,0.0625
0.407754938,13.45705,0.06228,0.407754938,13.45705,0.06228
0.415846337,13.50414,0.04709,0.415846337,13.50414,0.04709
0.425070472,13.59791,0.09377,0.425070472,13.59791,0.09377
0.425414358,13.64819,0.05028,0.425414358,13.64819,0.05028
0.417853684,13.72652,0.07833,0.417853684,13.72652,0.07833
0.404434057,13.79072,0.0642,0.404434057,13.79072,0.0642
0.38396911,13.85323,0.06251,0.38396911,13.85323,0.06251
0.34671613,13.93136,0.07813,0.34671613,13.93136,0.07813
0.28579847,14.02512,0.09376,0.28579847,14.02512,0.09376
0.235425818,14.08741,0.06229,0.235425818,14.08741,0.06229
0.177133055,14.15012,0.06271,0.177133055,14.15012,0.06271
0.075420278,14.24386,0.09374,0.075420278,14.24386,0.09374
0.038034857,14.27513,0.03127,0.038034857,14.27513,0.03127
-0.060472028,14.35326,0.07813,-0.060472028,14.35326,0.07813
-0.144816523,14.41576,0.0625,-0.144816523,14.41576,0.0625
-0.232154022,14.47828,0.06252,-0.232154022,14.47828,0.06252
-0.343555696,14.55645,0.07817,-0.343555696,14.55645,0.07817
-0.476646999,14.65014,0.09369,-0.476646999,14.65014,0.09369
-0.562431494,14.71276,0.06262,-0.562431494,14.71276,0.06262
-0.737955696,14.85328,0.14052,-0.737955696,14.85328,0.14052
-0.804167877,14.91578,0.0625,-0.804167877,14.91578,0.0625
-0.889804287,15.01312,0.09734,-0.889804287,15.01312,0.09734
-0.922323723,15.06023,0.04711,-0.922323723,15.06023,0.04711
-0.962378928,15.13978,0.07955,-0.962378928,15.13978,0.07955
-0.984196459,15.23331,0.09353,-0.984196459,15.23331,0.09353
-0.983956238,15.29604,0.06273,-0.983956238,15.29604,0.06273
-0.970361283,15.35854,0.0625,-0.970361283,15.35854,0.0625
-0.928018965,15.45229,0.09375,-0.928018965,15.45229,0.09375
-0.872173678,15.53042,0.07813,-0.872173678,15.53042,0.07813
-0.831152926,15.57739,0.04697,-0.831152926,15.57739,0.04697
-0.748314546,15.65846,0.08107,-0.748314546,15.65846,0.08107
-0.65522458,15.73661,0.07815,-0.65522458,15.73661,0.07815
-0.572286494,15.80031,0.0637,-0.572286494,15.80031,0.0637
-0.462548025,15.87865,0.07834,-0.462548025,15.87865,0.07834
-0.371522111,15.94114,0.06249,-0.371522111,15.94114,0.06249
-0.236322531,16.03168,0.09054,-0.236322531,16.03168,0.09054
-0.179722795,16.06939,0.03771,-0.179722795,16.06939,0.03771
-0.086388552,16.1319,0.06251,-0.086388552,16.1319,0.06251
0.030004689,16.21141,0.07951,0.030004689,16.21141,0.07951
0.140215257,16.28954,0.07813,0.140215257,16.28954,0.07813
0.24018675,16.36408,0.07454,0.24018675,16.36408,0.07454
0.327990626,16.43343,0.06935,0.327990626,16.43343,0.06935
0.421981653,16.51298,0.07955,0.421981653,16.51298,0.07955
0.473859212,16.55986,0.04688,0.473859212,16.55986,0.04688
0.554297716,16.638,0.07814,0.554297716,16.638,0.07814
0.627404916,16.71612,0.07812,0.627404916,16.71612,0.07812
0.705992345,16.80988,0.09376,0.705992345,16.80988,0.09376
0.729992308,16.84112,0.03124,0.729992308,16.84112,0.03124
0.785305881,16.91926,0.07814,0.785305881,16.91926,0.07814
0.825083473,16.98176,0.0625,0.825083473,16.98176,0.0625
0.861050138,17.04427,0.06251,0.861050138,17.04427,0.06251
0.907173083,17.13802,0.09375,0.907173083,17.13802,0.09375
0.933095974,17.20052,0.0625,0.933095974,17.20052,0.0625
0.954172143,17.263,0.06248,0.954172143,17.263,0.06248
0.974336199,17.34116,0.07816,0.974336199,17.34116,0.07816
0.982494383,17.38804,0.04688,0.982494383,17.38804,0.04688
0.98907632,17.46616,0.07812,0.98907632,17.46616,0.07812
0.986284904,17.54433,0.07817,0.986284904,17.54433,0.07817
0.976070965,17.60679,0.06246,0.976070965,17.60679,0.06246
0.952494976,17.68492,0.07813,0.952494976,17.68492,0.07813
0.930596162,17.73559,0.05067,0.930596162,17.73559,0.05067
0.885596962,17.81392,0.07833,0.885596962,17.81392,0.07833
0.825595466,17.8936,0.07968,0.825595466,17.8936,0.07968
0.767620756,17.95631,0.06271,0.767620756,17.95631,0.06271
0.700202179,18.01881,0.0625,0.700202179,18.01881,0.0625
0.60415048,18.09693,0.07812,0.60415048,18.09693,0.07812
0.493658757,18.17506,0.07813,0.493658757,18.17506,0.07813
0.371923193,18.2532,0.07814,0.371923193,18.2532,0.07814
0.238959533,18.33133,0.07813,0.238959533,18.33133,0.07813
0.126982279,18.39384,0.06251,0.126982279,18.39384,0.06251
0.010841468,18.45634,0.0625,0.010841468,18.45634,0.0625
-0.137799197,18.53447,0.07813,-0.137799197,18.53447,0.07813
-0.316925188,18.62823,0.09376,-0.316925188,18.62823,0.09376
-0.434392854,18.69072,0.06249,-0.434392854,18.69072,0.06249
-0.548355452,18.75322,0.0625,-0.548355452,18.75322,0.0625
-0.682708632,18.83132,0.0781,-0.682708632,18.83132,0.0781
-0.782889647,18.89386,0.06254,-0.782889647,18.89386,0.06254
-0.873996337,18.95636,0.0625,-0.873996337,18.95636,0.0625
-0.991988114,19.05011,0.09375,-0.991988114,19.05011,0.09375
-1.044663541,19.10062,0.05051,-1.044663541,19.10062,0.05051
-1.109336423,19.17898,0.07836,-1.109336423,19.17898,0.07836
-1.155283932,19.2587,0.07972,-1.155283932,19.2587,0.07972
-1.175071968,19.32117,0.06247,-1.175071968,19.32117,0.06247
-1.181721995,19.38369,0.06252,-1.181721995,19.38369,0.06252
-1.175343483,19.4462,0.06251,-1.175343483,19.4462,0.06251
-1.154833724,19.5087,0.0625,-1.154833724,19.5087,0.0625
-1.11171771,19.58683,0.07813,-1.11171771,19.58683,0.07813
-1.036274958,19.68059,0.09376,-1.036274958,19.68059,0.09376
-0.973772494,19.74287,0.06228,-0.973772494,19.74287,0.06228
-0.821678687,19.8679,0.12503,-0.821678687,19.8679,0.12503
-0.75735418,19.91497,0.04707,-0.75735418,19.91497,0.04707
-0.644143532,19.9931,0.07813,-0.644143532,19.9931,0.07813
-0.549242563,20.05561,0.06251,-0.549242563,20.05561,0.06251
-0.427476459,20.13374,0.07813,-0.427476459,20.13374,0.07813
-0.304841348,20.21188,0.07814,-0.304841348,20.21188,0.07814
-0.207769307,20.27437,0.06249,-0.207769307,20.27437,0.06249
-0.089656821,20.35229,0.07792,-0.089656821,20.35229,0.07792
0.041188662,20.44351,0.09122,0.041188662,20.44351,0.09122
0.092380859,20.48139,0.03788,0.092380859,20.48139,0.03788
0.191925036,20.55952,0.07813,0.191925036,20.55952,0.07813
0.299245367,20.65455,0.09503,0.299245367,20.65455,0.09503
0.346245585,20.70165,0.0471,0.346245585,20.70165,0.0471
0.413583777,20.77978,0.07813,0.413583777,20.77978,0.07813
0.46879477,20.85788,0.0781,0.46879477,20.85788,0.0781
0.510181839,20.93604,0.07816,0.510181839,20.93604,0.07816
0.528543798,20.98292,0.04688,0.528543798,20.98292,0.04688
0.551168176,21.07945,0.09653,0.551168176,21.07945,0.09653
0.554048704,21.17344,0.09399,0.554048704,21.17344,0.09399
0.551167881,21.20619,0.03275,0.551167881,21.20619,0.03275
0.530914339,21.29986,0.09367,0.530914339,21.29986,0.09367
0.514749996,21.34681,0.04695,0.514749996,21.34681,0.04695
0.487968454,21.40932,0.06251,0.487968454,21.40932,0.06251
0.455970732,21.47184,0.06252,0.455970732,21.47184,0.06252
0.410512286,21.54997,0.07813,0.410512286,21.54997,0.07813
0.359966161,21.6281,0.07813,0.359966161,21.6281,0.07813
0.317905959,21.6906,0.0625,0.317905959,21.6906,0.0625
0.265044857,21.76873,0.07813,0.265044857,21.76873,0.07813
0.223944812,21.83136,0.06263,0.223944812,21.83136,0.06263
0.194866342,21.87809,0.04673,0.194866342,21.87809,0.04673
0.150505398,21.95623,0.07814,0.150505398,21.95623,0.07814
0.107336873,22.05001,0.09378,0.107336873,22.05001,0.09378
0.091129018,22.09687,0.04686,0.091129018,22.09687,0.04686
0.075747836,22.15937,0.0625,0.075747836,22.15937,0.0625
0.06659273,22.25317,0.0938,0.06659273,22.25317,0.0938
0.073819338,22.33131,0.07814,0.073819338,22.33131,0.07814
0.093485601,22.40947,0.07816,0.093485601,22.40947,0.07816
0.111400272,22.45625,0.04678,0.111400272,22.45625,0.04678
0.15132084,22.5344,0.07815,0.15132084,22.5344,0.07815
0.212717762,22.62815,0.09375,0.212717762,22.62815,0.09375
0.285435642,22.7219,0.09375,0.285435642,22.7219,0.09375
0.337851973,22.78441,0.06251,0.337851973,22.78441,0.06251
0.391469153,22.84691,0.0625,0.391469153,22.84691,0.0625
0.444364268,22.90941,0.0625,0.444364268,22.90941,0.0625
0.518398231,23.00316,0.09375,0.518398231,23.00316,0.09375
0.570260408,23.0813,0.07814,0.570260408,23.0813,0.07814
0.610408267,23.16005,0.07875,0.610408267,23.16005,0.07875
0.627417667,23.20925,0.0492,0.627417667,23.20925,0.0492
0.638316454,23.27195,0.0627,0.638316454,23.27195,0.0627
0.636797997,23.33565,0.0637,0.636797997,23.33565,0.0637
0.607882902,23.4294,0.09375,0.607882902,23.4294,0.09375
0.581218428,23.47628,0.04688,0.581218428,23.47628,0.04688
0.519266048,23.55439,0.07811,0.519266048,23.55439,0.07811
0.452145053,23.61696,0.06257,0.452145053,23.61696,0.06257
0.393438879,23.66387,0.04691,0.393438879,23.66387,0.04691
0.279877175,23.74212,0.07825,0.279877175,23.74212,0.07825
0.177158781,23.80443,0.06231,0.177158781,23.80443,0.06231
0.035654437,23.88255,0.07812,0.035654437,23.88255,0.07812
-0.083976326,23.94506,0.06251,-0.083976326,23.94506,0.06251
-0.238167613,24.02319,0.07813,-0.238167613,24.02319,0.07813
-0.392198314,24.10132,0.07813,-0.392198314,24.10132,0.07813
-0.511001983,24.16382,0.0625,-0.511001983,24.16382,0.0625
-0.623201826,24.22632,0.0625,-0.623201826,24.22632,0.0625
-0.773123882,24.32014,0.09382,-0.773123882,24.32014,0.09382
-0.856875976,24.38258,0.06244,-0.856875976,24.38258,0.06244
-0.952865091,24.47642,0.09384,-0.952865091,24.47642,0.09384
-0.993131284,24.53546,0.05904,-0.993131284,24.53546,0.05904
-1.015287538,24.59004,0.05458,-1.015287538,24.59004,0.05458
-1.019775771,24.66938,0.07934,-1.019775771,24.66938,0.07934
-0.994625843,24.74774,0.07836,-0.994625843,24.74774,0.07836
-0.872983313,24.88837,0.14063,-0.872983313,24.88837,0.14063
-0.747213358,24.98191,0.09354,-0.747213358,24.98191,0.09354
-0.6730822,25.02901,0.0471,-0.6730822,25.02901,0.0471
-0.566138708,25.0916,0.06259,-0.566138708,25.0916,0.06259
-0.452158508,25.15401,0.06241,-0.452158508,25.15401,0.06241
-0.304027772,25.23214,0.07813,-0.304027772,25.23214,0.07813
-0.15679329,25.31005,0.07791,-0.15679329,25.31005,0.07791
-0.01583239,25.38818,0.07813,-0.01583239,25.38818,0.07813
0.08880354,25.45088,0.0627,0.08880354,25.45088,0.0627
0.201723402,25.52903,0.07815,0.201723402,25.52903,0.07815
0.277482782,25.59155,0.06252,0.277482782,25.59155,0.06252
0.336881195,25.65404,0.06249,0.336881195,25.65404,0.06249
0.377360846,25.71653,0.06249,0.377360846,25.71653,0.06249
0.403488084,25.79466,0.07813,0.403488084,25.79466,0.07813
0.398154376,25.87279,0.07813,0.398154376,25.87279,0.07813
0.379929192,25.923,0.05021,0.379929192,25.923,0.05021
0.329949846,26.00136,0.07836,0.329949846,26.00136,0.07836
0.268719089,26.06527,0.06391,0.268719089,26.06527,0.06391
0.211054406,26.11557,0.0503,0.211054406,26.11557,0.0503
0.106906095,26.19393,0.07836,0.106906095,26.19393,0.07836
-0.012050158,26.27328,0.07935,-0.012050158,26.27328,0.07935
-0.085625228,26.32016,0.04688,-0.085625228,26.32016,0.04688
-0.209727996,26.39829,0.07813,-0.209727996,26.39829,0.07813
-0.329010175,26.47626,0.07797,-0.329010175,26.47626,0.07797
-0.374776516,26.50766,0.0314,-0.374776516,26.50766,0.0314
-0.477464352,26.58557,0.07791,-0.477464352,26.58557,0.07791
-0.547627347,26.64829,0.06272,-0.547627347,26.64829,0.06272
-0.622358434,26.74183,0.09354,-0.622358434,26.74183,0.09354
-0.654142343,26.82018,0.07835,-0.654142343,26.82018,0.07835
-0.657119113,26.89809,0.07791,-0.657119113,26.89809,0.07791
-0.642321221,26.94515,0.04706,-0.642321221,26.94515,0.04706
-0.604611028,27.00769,0.06254,-0.604611028,27.00769,0.06254
-0.546076063,27.07018,0.06249,-0.546076063,27.07018,0.06249
-0.447923706,27.1481,0.07792,-0.447923706,27.1481,0.07792
-0.34741217,27.21062,0.06252,-0.34741217,27.21062,0.06252
-0.23514894,27.2713,0.06068,-0.23514894,27.2713,0.06068
-0.061341789,27.35493,0.08363,-0.061341789,27.35493,0.08363
0.046995529,27.40295,0.04802,0.046995529,27.40295,0.04802
0.270117511,27.4969,0.09395,0.270117511,27.4969,0.09395
0.422038246,27.55944,0.06254,0.422038246,27.55944,0.06254
0.609740051,27.63757,0.07813,0.609740051,27.63757,0.07813
0.788860406,27.7157,0.07813,0.788860406,27.7157,0.07813
0.921885796,27.77821,0.06251,0.921885796,27.77821,0.06251
1.043057796,27.8407,0.06249,1.043057796,27.8407,0.06249
1.172178505,27.91884,0.07814,1.172178505,27.91884,0.07814
1.255919221,27.98131,0.06247,1.255919221,27.98131,0.06247
1.320916101,28.04384,0.06253,1.320916101,28.04384,0.06253
1.376894121,28.1376,0.09376,1.376894121,28.1376,0.09376
1.386355777,28.18452,0.04692,1.386355777,28.18452,0.04692
1.380778549,28.24698,0.06246,1.380778549,28.24698,0.06246
1.328592448,28.34082,0.09384,1.328592448,28.34082,0.09384
1.268424737,28.40323,0.06241,1.268424737,28.40323,0.06241
1.163687728,28.48133,0.0781,1.163687728,28.48133,0.0781
1.087859868,28.52824,0.04691,1.087859868,28.52824,0.04691
0.910169143,28.62189,0.09365,0.910169143,28.62189,0.09365
0.74005306,28.70013,0.07824,0.74005306,28.70013,0.07824
0.591855465,28.76262,0.06249,0.591855465,28.76262,0.06249
0.397565919,28.84081,0.07819,0.397565919,28.84081,0.07819
0.238078006,28.90326,0.06245,0.238078006,28.90326,0.06245
0.077444737,28.96577,0.06251,0.077444737,28.96577,0.06251
-0.198187046,29.07522,0.10945,-0.198187046,29.07522,0.10945
-0.348291923,29.13765,0.06243,-0.348291923,29.13765,0.06243
-0.455607671,29.18452,0.04687,-0.455607671,29.18452,0.04687
-0.652949616,29.27805,0.09353,-0.652949616,29.27805,0.09353
-0.798361865,29.35641,0.07836,-0.798361865,29.35641,0.07836
-0.897964789,29.41891,0.0625,-0.897964789,29.41891,0.0625
-1.003206439,29.49704,0.07813,-1.003206439,29.49704,0.07813
-1.06866049,29.55955,0.06251,-1.06866049,29.55955,0.06251
-1.118097592,29.62204,0.06249,-1.118097592,29.62204,0.06249
-1.159051099,29.70017,0.07813,-1.159051099,29.70017,0.07813
-1.171897017,29.76268,0.06251,-1.171897017,29.76268,0.06251
-1.167506511,29.8408,0.07812,-1.167506511,29.8408,0.07812
-1.131523865,29.93436,0.09356,-1.131523865,29.93436,0.09356
-1.091140268,29.99707,0.06271,-1.091140268,29.99707,0.06271
-1.03738721,30.05954,0.06247,-1.03738721,30.05954,0.06247
-0.954909849,30.13749,0.07795,-0.954909849,30.13749,0.07795
-0.856703765,30.21583,0.07834,-0.856703765,30.21583,0.07834
-0.746182128,30.29395,0.07812,-0.746182128,30.29395,0.07812
-0.650007533,30.35645,0.0625,-0.650007533,30.35645,0.0625
-0.548369733,30.41896,0.06251,-0.548369733,30.41896,0.06251
-0.416275997,30.49709,0.07813,-0.416275997,30.49709,0.07813
-0.307657476,30.55956,0.06247,-0.307657476,30.55956,0.06247
-0.197653087,30.62219,0.06263,-0.197653087,30.62219,0.06263
-0.060497004,30.70034,0.07815,-0.060497004,30.70034,0.07815
0.074180436,30.77848,0.07814,0.074180436,30.77848,0.07814
0.204612128,30.8565,0.07802,0.204612128,30.8565,0.07802
0.328670871,30.9346,0.0781,0.328670871,30.9346,0.0781
0.422643839,30.99711,0.06251,0.422643839,30.99711,0.06251
0.530724125,31.07521,0.0781,0.530724125,31.07521,0.0781
0.624041432,31.14925,0.07404,0.624041432,31.14925,0.07404
0.684899644,31.20349,0.05424,0.684899644,31.20349,0.05424
0.746901822,31.26615,0.06266,0.746901822,31.26615,0.06266
0.800900694,31.32989,0.06374,0.800900694,31.32989,0.06374
0.853616308,31.40802,0.07813,0.853616308,31.40802,0.07813
0.889519888,31.48615,0.07813,0.889519888,31.48615,0.07813
0.906733589,31.54865,0.0625,0.906733589,31.54865,0.0625
0.911429156,31.61116,0.06251,0.911429156,31.61116,0.06251
0.901558932,31.68935,0.07819,0.901558932,31.68935,0.07819
0.872853364,31.76741,0.07806,0.872853364,31.76741,0.07806
0.846828072,31.81429,0.04688,0.846828072,31.81429,0.04688
0.788589914,31.89242,0.07813,0.788589914,31.89242,0.07813
0.693833979,31.98608,0.09366,0.693833979,31.98608,0.09366
0.636669521,32.03306,0.04698,0.636669521,32.03306,0.04698
0.551667132,32.09552,0.06246,0.551667132,32.09552,0.06246
0.429616459,32.17369,0.07817,0.429616459,32.17369,0.07817
0.264892378,32.26737,0.09368,0.264892378,32.26737,0.09368
0.145137498,32.32972,0.06235,0.145137498,32.32972,0.06235
0.017960338,32.39257,0.06285,0.017960338,32.39257,0.06285
-0.147537485,32.47058,0.07801,-0.147537485,32.47058,0.07801
-0.318199988,32.5487,0.07812,-0.318199988,32.5487,0.07812
-0.456318068,32.61118,0.06248,-0.456318068,32.61118,0.06248
-0.593806159,32.67372,0.06254,-0.593806159,32.67372,0.06254
-0.728677862,32.73622,0.0625,-0.728677862,32.73622,0.0625
-0.921030371,32.82975,0.09353,-0.921030371,32.82975,0.09353
-1.011808954,32.87685,0.0471,-1.011808954,32.87685,0.0471
-1.175786274,32.9704,0.09355,-1.175786274,32.9704,0.09355
-1.248416884,33.01747,0.04707,-1.248416884,33.01747,0.04707
-1.35223594,33.09561,0.07814,-1.35223594,33.09561,0.07814
-1.429720915,33.17375,0.07814,-1.429720915,33.17375,0.07814
-1.463518358,33.22039,0.04664,-1.463518358,33.22039,0.04664
-1.497946228,33.29874,0.07835,-1.497946228,33.29874,0.07835
-1.495411412,33.39249,0.09375,-1.495411412,33.39249,0.09375
-1.468249892,33.455,0.06251,-1.468249892,33.455,0.06251
-1.418617706,33.5175,0.0625,-1.418617706,33.5175,0.0625
-1.348615722,33.58001,0.06251,-1.348615722,33.58001,0.06251
-1.204949721,33.67376,0.09375,-1.204949721,33.67376,0.09375
-1.116905978,33.72044,0.04668,-1.116905978,33.72044,0.04668
-0.98221404,33.78324,0.0628,-0.98221404,33.78324,0.0628
-0.8324603,33.84542,0.06218,-0.8324603,33.84542,0.06218
-0.576273205,33.93953,0.09411,-0.576273205,33.93953,0.09411
-0.391741495,34.0019,0.06237,-0.391741495,34.0019,0.06237
-0.196398396,34.06441,0.06251,-0.196398396,34.06441,0.06251
0.056357965,34.14252,0.07811,0.056357965,34.14252,0.07811
0.262093611,34.20483,0.06231,0.262093611,34.20483,0.06231
0.521576602,34.28331,0.07848,0.521576602,34.28331,0.07848
0.724733162,34.34567,0.06236,0.724733162,34.34567,0.06236
1.017085002,34.43927,0.0936,1.017085002,34.43927,0.0936
1.200713765,34.50171,0.06244,1.200713765,34.50171,0.06244
1.330762497,34.54881,0.0471,1.330762497,34.54881,0.0471
1.526659787,34.62694,0.07813,1.526659787,34.62694,0.07813
1.727160258,34.72047,0.09353,1.727160258,34.72047,0.09353
1.945341177,34.86132,0.14085,1.945341177,34.86132,0.14085
2.00597621,34.92383,0.06251,2.00597621,34.92383,0.06251
2.051888274,35.00196,0.07813,2.051888274,35.00196,0.07813
2.058697122,35.08008,0.07812,2.058697122,35.08008,0.07812
2.040406728,35.14258,0.0625,2.040406728,35.14258,0.0625
1.969549142,35.23634,0.09376,1.969549142,35.23634,0.09376
1.916482624,35.28302,0.04668,1.916482624,35.28302,0.04668
1.80297031,35.36135,0.07833,1.80297031,35.36135,0.07833
1.720737063,35.40834,0.04699,1.720737063,35.40834,0.04699
1.528331047,35.50198,0.09364,1.528331047,35.50198,0.09364
1.379975212,35.56449,0.06251,1.379975212,35.56449,0.06251
1.177825166,35.64261,0.07812,1.177825166,35.64261,0.07812
1.004607571,35.70489,0.06228,1.004607571,35.70489,0.06228
0.774435715,35.78325,0.07836,0.774435715,35.78325,0.07836
0.584438921,35.84575,0.0625,0.584438921,35.84575,0.0625
0.390078695,35.9083,0.06255,0.390078695,35.9083,0.06255
0.144851251,35.98645,0.07815,0.144851251,35.98645,0.07815
-0.050652199,36.04888,0.06243,-0.050652199,36.04888,0.06243
-0.291168213,36.12701,0.07813,-0.291168213,36.12701,0.07813
-0.532684237,36.20794,0.08093,-0.532684237,36.20794,0.08093
-0.710859607,36.27049,0.06255,-0.710859607,36.27049,0.06255
-0.883539144,36.33421,0.06372,-0.883539144,36.33421,0.06372
-1.080569387,36.41254,0.07833,-1.080569387,36.41254,0.07833
-1.290677293,36.5063,0.09376,-1.290677293,36.5063,0.09376
-1.411968101,36.5688,0.0625,-1.411968101,36.5688,0.0625
-1.518046108,36.6313,0.0625,-1.518046108,36.6313,0.0625
-1.607616825,36.69358,0.06228,-1.607616825,36.69358,0.06228
-1.693161174,36.77173,0.07815,-1.693161174,36.77173,0.07815
-1.75171202,36.85011,0.07838,-1.75171202,36.85011,0.07838
-1.77411081,36.91256,0.06245,-1.77411081,36.91256,0.06245
-1.777544671,36.97506,0.0625,-1.777544671,36.97506,0.0625
-1.755696075,37.05318,0.07812,-1.755696075,37.05318,0.07812
-1.71430846,37.1157,0.06252,-1.71430846,37.1157,0.06252
-1.637855886,37.19382,0.07812,-1.637855886,37.19382,0.07812
-1.556021325,37.2563,0.06248,-1.556021325,37.2563,0.06248
-1.429826297,37.33446,0.07816,-1.429826297,37.33446,0.07816
-1.281307142,37.41259,0.07813,-1.281307142,37.41259,0.07813
-1.113253903,37.49072,0.07813,-1.113253903,37.49072,0.07813
-0.967794835,37.55321,0.06249,-0.967794835,37.55321,0.06249
-0.775729124,37.63113,0.07792,-0.775729124,37.63113,0.07792
-0.616614903,37.69385,0.06272,-0.616614903,37.69385,0.06272
-0.457074827,37.75613,0.06228,-0.457074827,37.75613,0.06228
-0.258673812,37.83449,0.07836,-0.258673812,37.83449,0.07836
-0.104951304,37.89711,0.06262,-0.104951304,37.89711,0.06262
0.074651805,37.97512,0.07801,0.074651805,37.97512,0.07801
0.207390239,38.03762,0.0625,0.207390239,38.03762,0.0625
0.354259325,38.11575,0.07813,0.354259325,38.11575,0.07813
0.477653331,38.19388,0.07813,0.477653331,38.19388,0.07813
0.588032218,38.28741,0.09353,0.588032218,38.28741,0.09353
0.627648262,38.33443,0.04702,0.627648262,38.33443,0.04702
0.669539689,38.41264,0.07821,0.669539689,38.41264,0.07821
0.68052983,38.47521,0.06257,0.68052983,38.47521,0.06257
0.64836644,38.60015,0.12494,0.64836644,38.60015,0.12494
0.61754505,38.64703,0.04688,0.61754505,38.64703,0.04688
0.546922613,38.72516,0.07813,0.546922613,38.72516,0.07813
0.457882401,38.80326,0.0781,0.457882401,38.80326,0.0781
0.374459943,38.86578,0.06252,0.374459943,38.86578,0.06252
0.284506504,38.9283,0.06252,0.284506504,38.9283,0.06252
0.166974921,39.00642,0.07812,0.166974921,39.00642,0.07812
0.072296835,39.06893,0.06251,0.072296835,39.06893,0.06251
-0.042116077,39.14698,0.07805,-0.042116077,39.14698,0.07805
-0.126671227,39.20966,0.06268,-0.126671227,39.20966,0.06268
-0.219391625,39.28778,0.07812,-0.219391625,39.28778,0.07812
-0.266180812,39.33452,0.04674,-0.266180812,39.33452,0.04674
-0.327691602,39.4127,0.07818,-0.327691602,39.4127,0.07818
-0.353385919,39.45957,0.04687,-0.353385919,39.45957,0.04687
-0.375356744,39.5377,0.07813,-0.375356744,39.5377,0.07813
-0.370739575,39.61583,0.07813,-0.370739575,39.61583,0.07813
-0.347849785,39.67813,0.0623,-0.347849785,39.67813,0.0623
-0.296542107,39.75646,0.07833,-0.296542107,39.75646,0.07833
-0.144187263,39.89708,0.14062,-0.144187263,39.89708,0.14062
-0.055583072,39.95959,0.06251,-0.055583072,39.95959,0.06251
0.094059416,40.05335,0.09376,0.094059416,40.05335,0.09376
0.202316829,40.11585,0.0625,0.202316829,40.11585,0.0625
0.342016195,40.19398,0.07813,0.342016195,40.19398,0.07813
0.45444538,40.25648,0.0625,0.45444538,40.25648,0.0625
0.591544428,40.33458,0.0781,0.591544428,40.33458,0.0781
0.696204242,40.39712,0.06254,0.696204242,40.39712,0.06254
0.79298534,40.45962,0.0625,0.79298534,40.45962,0.0625
0.90120526,40.53775,0.07813,0.90120526,40.53775,0.07813
0.976265557,40.60028,0.06253,0.976265557,40.60028,0.06253
1.050952919,40.67843,0.07815,1.050952919,40.67843,0.07815
1.09704044,40.74089,0.06246,1.09704044,40.74089,0.06246
1.134633324,40.81901,0.07812,1.134633324,40.81901,0.07812
1.152315149,40.91288,0.09387,1.152315149,40.91288,0.09387
1.147254195,40.97527,0.06239,1.147254195,40.97527,0.06239
1.124579041,41.0534,0.07813,1.124579041,41.0534,0.07813
1.092560341,41.11591,0.06251,1.092560341,41.11591,0.06251
1.032921846,41.20239,0.08648,1.032921846,41.20239,0.08648
0.997319815,41.24451,0.04212,0.997319815,41.24451,0.04212
0.905926856,41.33848,0.09397,0.905926856,41.33848,0.09397
0.853738057,41.38658,0.0481,0.853738057,41.38658,0.0481
0.762760384,41.46472,0.07814,0.762760384,41.46472,0.07814
0.685488454,41.52724,0.06252,0.685488454,41.52724,0.06252
0.584996858,41.60536,0.07812,0.584996858,41.60536,0.07812
0.481286789,41.68327,0.07791,0.481286789,41.68327,0.07791
0.3962431,41.74599,0.06272,0.3962431,41.74599,0.06272
0.267338373,41.83954,0.09355,0.267338373,41.83954,0.09355
0.201840802,41.88659,0.04705,0.201840802,41.88659,0.04705
0.070442892,41.98018,0.09359,0.070442892,41.98018,0.09359
0.026270908,42.01143,0.03125,0.026270908,42.01143,0.03125
-0.085165417,42.08977,0.07834,-0.085165417,42.08977,0.07834
-0.174417521,42.15206,0.06229,-0.174417521,42.15206,0.06229
-0.309759025,42.24582,0.09376,-0.309759025,42.24582,0.09376
-0.491208298,42.371,0.12518,-0.491208298,42.371,0.12518
-0.581374209,42.43352,0.06252,-0.581374209,42.43352,0.06252
-0.692247785,42.51145,0.07793,-0.692247785,42.51145,0.07793
-0.80064804,42.58978,0.07833,-0.80064804,42.58978,0.07833
-0.88363332,42.65209,0.06231,-0.88363332,42.65209,0.06231
-0.96259612,42.71479,0.0627,-0.96259612,42.71479,0.0627
-1.07089292,42.80854,0.09375,-1.07089292,42.80854,0.09375
-1.13416202,42.87102,0.06248,-1.13416202,42.87102,0.06248
-1.213727869,42.9648,0.09378,-1.213727869,42.9648,0.09378
-1.235891821,42.99606,0.03126,-1.235891821,42.99606,0.03126
-1.277790515,43.07419,0.07813,-1.277790515,43.07419,0.07813
-1.303026108,43.15232,0.07813,-1.303026108,43.15232,0.07813
-1.308010527,43.21482,0.0625,-1.308010527,43.21482,0.0625
-1.297381998,43.29295,0.07813,-1.297381998,43.29295,0.07813
-1.237471224,43.41793,0.12498,-1.237471224,43.41793,0.12498
-1.215729917,43.44898,0.03105,-1.215729917,43.44898,0.03105
-1.202366212,43.46483,0.01585,-1.202366212,43.46483,0.01585
-1.112830756,43.55859,0.09376,-1.112830756,43.55859,0.09376
-1.03974074,43.62108,0.06249,-1.03974074,43.62108,0.06249
-0.974958327,43.67118,0.0501,-0.974958327,43.67118,0.0501
-0.887043451,43.73392,0.06274,-0.887043451,43.73392,0.06274
-0.742696504,43.82908,0.09516,-0.742696504,43.82908,0.09516
-0.643764411,43.89138,0.0623,-0.643764411,43.89138,0.0623
-0.5174764,43.96972,0.07834,-0.5174764,43.96972,0.07834
-0.417455962,44.03222,0.0625,-0.417455962,44.03222,0.0625
-0.296077726,44.11034,0.07812,-0.296077726,44.11034,0.07812
-0.203929843,44.17284,0.0625,-0.203929843,44.17284,0.0625
-0.09616064,44.25097,0.07813,-0.09616064,44.25097,0.07813
-0.018390001,44.31348,0.06251,-0.018390001,44.31348,0.06251
0.068752712,44.39158,0.0781,0.068752712,44.39158,0.0781
0.129622105,44.45411,0.06253,0.129622105,44.45411,0.06253
0.181985457,44.51662,0.06251,0.181985457,44.51662,0.06251
0.237496887,44.59474,0.07812,0.237496887,44.59474,0.07812
0.273839207,44.65725,0.06251,0.273839207,44.65725,0.06251
0.304079403,44.71975,0.0625,0.304079403,44.71975,0.0625
0.356784613,44.86053,0.14078,0.356784613,44.86053,0.14078
0.380608512,44.93861,0.07808,0.380608512,44.93861,0.07808
0.394446888,44.98518,0.04657,0.394446888,44.98518,0.04657
0.413659582,45.0479,0.06272,0.413659582,45.0479,0.06272
0.434830372,45.1104,0.0625,0.434830372,45.1104,0.0625
0.458968818,45.17303,0.06263,0.458968818,45.17303,0.06263
0.493956021,45.25105,0.07802,0.493956021,45.25105,0.07802
0.545686868,45.34479,0.09374,0.545686868,45.34479,0.09374
0.575574294,45.39166,0.04687,0.575574294,45.39166,0.04687
0.619278089,45.45414,0.06248,0.619278089,45.45414,0.06248
0.680149246,45.53229,0.07815,0.680149246,45.53229,0.07815
0.719167284,45.57918,0.04689,0.719167284,45.57918,0.04689
0.787119182,45.6573,0.07812,0.787119182,45.6573,0.07812
0.856901554,45.73543,0.07813,0.856901554,45.73543,0.07813
0.925511077,45.81356,0.07813,0.925511077,45.81356,0.07813
0.977323617,45.87586,0.0623,0.977323617,45.87586,0.0623
1.046726139,45.96961,0.09375,1.046726139,45.96961,0.09375
1.076195349,46.01668,0.04707,1.076195349,46.01668,0.04707
1.120986274,46.11046,0.09378,1.120986274,46.11046,0.09378
1.141148907,46.18859,0.07813,1.141148907,46.18859,0.07813
1.1451207,46.24583,0.05724,1.1451207,46.24583,0.05724
1.134719602,46.31686,0.07103,1.134719602,46.31686,0.07103
1.111811102,46.38054,0.06368,1.111811102,46.38054,0.06368
1.076554155,46.44325,0.06271,1.076554155,46.44325,0.06271
1.027898902,46.50578,0.06253,1.027898902,46.50578,0.06253
0.948798474,46.58391,0.07813,0.948798474,46.58391,0.07813
0.873034341,46.64641,0.0625,0.873034341,46.64641,0.0625
0.761821046,46.72454,0.07813,0.761821046,46.72454,0.07813
0.662459356,46.78723,0.06269,0.662459356,46.78723,0.06269
0.499184347,46.8808,0.09357,0.499184347,46.8808,0.09357
0.35332465,46.95872,0.07792,0.35332465,46.95872,0.07792
0.231663945,47.02123,0.06251,0.231663945,47.02123,0.06251
0.107533462,47.08394,0.06271,0.107533462,47.08394,0.06271
-0.047812822,47.16207,0.07813,-0.047812822,47.16207,0.07813
-0.201317344,47.2402,0.07813,-0.201317344,47.2402,0.07813
-0.4644514,47.38083,0.14063,-0.4644514,47.38083,0.14063
-0.573729885,47.44338,0.06255,-0.573729885,47.44338,0.06255
-0.676404176,47.50581,0.06243,-0.676404176,47.50581,0.06243
-0.772002943,47.56833,0.06252,-0.772002943,47.56833,0.06252
-0.881728459,47.64646,0.07813,-0.881728459,47.64646,0.07813
-0.960044454,47.70897,0.06251,-0.960044454,47.70897,0.06251
-1.046195735,47.78688,0.07791,-1.046195735,47.78688,0.07791
-1.106362245,47.8494,0.06252,-1.106362245,47.8494,0.06252
-1.179212667,47.94315,0.09375,-1.179212667,47.94315,0.09375
-1.217051255,48.00583,0.06268,-1.217051255,48.00583,0.06268
-1.245372704,48.06836,0.06253,-1.245372704,48.06836,0.06253
-1.26888032,48.14649,0.07813,-1.26888032,48.14649,0.07813
-1.276590147,48.20885,0.06236,-1.276590147,48.20885,0.06236
-1.271673176,48.29987,0.09102,-1.271673176,48.29987,0.09102
-1.26211884,48.34077,0.0409,-1.26211884,48.34077,0.0409
-1.232089112,48.4202,0.07943,-1.232089112,48.4202,0.07943
-1.197225514,48.48294,0.06274,-1.197225514,48.48294,0.06274
-1.139886585,48.56084,0.0779,-1.139886585,48.56084,0.0779
-1.097617191,48.60794,0.0471,-1.097617191,48.60794,0.0471
-0.997018497,48.70147,0.09353,-0.997018497,48.70147,0.09353
-0.916718523,48.7642,0.06273,-0.916718523,48.7642,0.06273
-0.827995731,48.82671,0.06251,-0.827995731,48.82671,0.06251
-0.731200216,48.88921,0.0625,-0.731200216,48.88921,0.0625
-0.599724391,48.96713,0.07792,-0.599724391,48.96713,0.07792
-0.45820553,49.04547,0.07834,-0.45820553,49.04547,0.07834
-0.27943784,49.13923,0.09376,-0.27943784,49.13923,0.09376
-0.157394948,49.20173,0.0625,-0.157394948,49.20173,0.0625
-0.034935091,49.26423,0.0625,-0.034935091,49.26423,0.0625
0.116435304,49.34258,0.07835,0.116435304,49.34258,0.07835
0.205499346,49.3901,0.04752,0.205499346,49.3901,0.04752
0.344967936,49.46825,0.07815,0.344967936,49.46825,0.07815
0.473349057,49.54625,0.078,0.473349057,49.54625,0.078
0.564998274,49.60855,0.0623,0.564998274,49.60855,0.0623
0.646421632,49.67128,0.06273,0.646421632,49.67128,0.06273
0.732577038,49.7494,0.07812,0.732577038,49.7494,0.07812
0.835319632,49.89006,0.14066,0.835319632,49.89006,0.14066
0.860715274,49.95254,0.06248,0.860715274,49.95254,0.06248
0.873944074,50.03064,0.0781,0.873944074,50.03064,0.0781
0.867970947,50.12422,0.09358,0.867970947,50.12422,0.09358
0.857037316,50.17109,0.04687,0.857037316,50.17109,0.04687
0.835736316,50.2336,0.06251,0.835736316,50.2336,0.06251
0.793104555,50.32756,0.09396,0.793104555,50.32756,0.09396
0.760773116,50.39007,0.06251,0.760773116,50.39007,0.06251
0.727624333,50.45256,0.06249,0.727624333,50.45256,0.06249
0.688419468,50.53069,0.07813,0.688419468,50.53069,0.07813
0.654737369,50.60882,0.07813,0.654737369,50.60882,0.07813
0.630141343,50.68673,0.07791,0.630141343,50.68673,0.07791
0.620542521,50.73383,0.0471,0.620542521,50.73383,0.0471
0.614184957,50.81196,0.07813,0.614184957,50.81196,0.07813
0.618417728,50.87445,0.06249,0.618417728,50.87445,0.06249
0.633904343,50.95237,0.07792,0.633904343,50.95237,0.07792
0.66711966,51.04627,0.0939,0.66711966,51.04627,0.0939
0.680910388,51.07739,0.03112,0.680910388,51.07739,0.03112
0.718349899,51.15573,0.07834,0.718349899,51.15573,0.07834
0.764770542,51.24948,0.09375,0.764770542,51.24948,0.09375
0.783825185,51.29191,0.04243,0.783825185,51.29191,0.04243
0.804934823,51.34623,0.05432,0.804934823,51.34623,0.05432
0.823980097,51.42574,0.07951,0.823980097,51.42574,0.07951
0.825939445,51.50415,0.07841,0.825939445,51.50415,0.07841
0.809688886,51.56658,0.06243,0.809688886,51.56658,0.06243
0.776828921,51.6289,0.06232,0.776828921,51.6289,0.06232
0.725376584,51.69141,0.06251,0.725376584,51.69141,0.06251
0.652660498,51.75411,0.0627,0.652660498,51.75411,0.0627
0.529746686,51.83225,0.07814,0.529746686,51.83225,0.07814
0.374226553,51.91037,0.07812,0.374226553,51.91037,0.07812
0.225224686,51.97287,0.0625,0.225224686,51.97287,0.0625
0.057616268,52.03538,0.06251,0.057616268,52.03538,0.06251
-0.162635676,52.10939,0.07401,-0.162635676,52.10939,0.07401
-0.382513777,52.17744,0.06805,-0.382513777,52.17744,0.06805
-0.597222487,52.24095,0.06351,-0.597222487,52.24095,0.06351
-0.868781363,52.31928,0.07833,-0.868781363,52.31928,0.07833
-1.138451742,52.39741,0.07813,-1.138451742,52.39741,0.07813
-1.295162842,52.44428,0.04687,-1.295162842,52.44428,0.04687
-1.540753702,52.52241,0.07813,-1.540753702,52.52241,0.07813
-1.761293179,52.60043,0.07802,-1.761293179,52.60043,0.07802
-1.942193843,52.67845,0.07802,-1.942193843,52.67845,0.07802
-2.058056186,52.74096,0.06251,-2.058056186,52.74096,0.06251
-2.142129534,52.80348,0.06252,-2.142129534,52.80348,0.06252
-2.19552558,52.8818,0.07832,-2.19552558,52.8818,0.07832
-2.194176764,52.95993,0.07813,-2.194176764,52.95993,0.07813
-2.165264238,53.00681,0.04688,-2.165264238,53.00681,0.04688
-2.068752298,53.08493,0.07812,-2.068752298,53.08493,0.07812
-1.953881866,53.14745,0.06252,-1.953881866,53.14745,0.06252
-1.759468146,53.22558,0.07813,-1.759468146,53.22558,0.07813
-1.523082971,53.30365,0.07807,-1.523082971,53.30365,0.07807
-1.361217275,53.35068,0.04703,-1.361217275,53.35068,0.04703
-1.065782208,53.42883,0.07815,-1.065782208,53.42883,0.07815
-0.750918762,53.50684,0.07801,-0.750918762,53.50684,0.07801
-0.423859846,53.58497,0.07813,-0.423859846,53.58497,0.07813
-0.227293913,53.63182,0.04685,-0.227293913,53.63182,0.04685
0.030448784,53.69413,0.06231,0.030448784,53.69413,0.06231
0.279893676,53.75685,0.06272,0.279893676,53.75685,0.06272
0.569155139,53.83499,0.07814,0.569155139,53.83499,0.07814
0.728179263,53.88186,0.04687,0.728179263,53.88186,0.04687
0.964853824,53.95999,0.07813,0.964853824,53.95999,0.07813
1.123171619,54.02237,0.06238,1.123171619,54.02237,0.06238
1.284686945,54.10062,0.07825,1.284686945,54.10062,0.07825
1.376938818,54.16326,0.06264,1.376938818,54.16326,0.06264
1.452575411,54.24106,0.0778,1.452575411,54.24106,0.0778
1.481502932,54.30376,0.0627,1.481502932,54.30376,0.0627
1.481597122,54.36627,0.06251,1.481597122,54.36627,0.06251
1.450270395,54.44439,0.07812,1.450270395,54.44439,0.07812
1.385679137,54.52235,0.07796,1.385679137,54.52235,0.07796
1.316259381,54.58516,0.06281,1.316259381,54.58516,0.06281
1.191550169,54.67874,0.09358,1.191550169,54.67874,0.09358
1.100428656,54.74111,0.06237,1.100428656,54.74111,0.06237
0.892812006,54.88191,0.1408,0.892812006,54.88191,0.1408
0.80732468,54.94442,0.06251,0.80732468,54.94442,0.06251
0.713458079,55.02232,0.0779,0.713458079,55.02232,0.0779
0.649295425,55.08504,0.06272,0.649295425,55.08504,0.06272
0.586345354,55.16318,0.07814,0.586345354,55.16318,0.07814
0.550394354,55.22548,0.0623,0.550394354,55.22548,0.0623
0.521376087,55.30381,0.07833,0.521376087,55.30381,0.07833
0.511732338,55.36631,0.0625,0.511732338,55.36631,0.0625
0.510984005,55.42881,0.0625,0.510984005,55.42881,0.0625
0.51964583,55.50694,0.07813,0.51964583,55.50694,0.07813
0.53512254,55.58507,0.07813,0.53512254,55.58507,0.07813
0.548426192,55.64737,0.0623,0.548426192,55.64737,0.0623
0.559390771,55.71004,0.06267,0.559390771,55.71004,0.06267
0.565722662,55.78821,0.07817,0.565722662,55.78821,0.07817
0.558787881,55.86633,0.07812,0.558787881,55.86633,0.07812
0.546664349,55.91322,0.04689,0.546664349,55.91322,0.04689
0.500823566,56.00676,0.09354,0.500823566,56.00676,0.09354
0.436807012,56.08511,0.07835,0.436807012,56.08511,0.07835
0.369754962,56.1476,0.06249,0.369754962,56.1476,0.06249
0.263061814,56.22553,0.07793,0.263061814,56.22553,0.07793
0.162101163,56.28831,0.06278,0.162101163,56.28831,0.06278
0.043008904,56.35388,0.06557,0.043008904,56.35388,0.06557
-0.115609325,56.43224,0.07836,-0.115609325,56.43224,0.07836
-0.253538854,56.49617,0.06393,-0.253538854,56.49617,0.06393
-0.393736639,56.55866,0.06249,-0.393736639,56.55866,0.06249
-0.606175141,56.65221,0.09355,-0.606175141,56.65221,0.09355
-0.71140354,56.69927,0.04706,-0.71140354,56.69927,0.04706
-0.878311476,56.77743,0.07816,-0.878311476,56.77743,0.07816
-1.032185013,56.85556,0.07813,-1.032185013,56.85556,0.07813
-1.140731498,56.91806,0.0625,-1.140731498,56.91806,0.0625
-1.257161518,56.99619,0.07813,-1.257161518,56.99619,0.07813
-1.345242547,57.07431,0.07812,-1.345242547,57.07431,0.07812
-1.384955258,57.1212,0.04689,-1.384955258,57.1212,0.04689
-1.428504128,57.19932,0.07812,-1.428504128,57.19932,0.07812
-1.438814285,57.27745,0.07813,-1.438814285,57.27745,0.07813
-1.431548146,57.32433,0.04688,-1.431548146,57.32433,0.04688
-1.397808648,57.40246,0.07813,-1.397808648,57.40246,0.07813
-1.349988661,57.46496,0.0625,-1.349988661,57.46496,0.0625
-1.2704839,57.54309,0.07813,-1.2704839,57.54309,0.07813
-1.192345142,57.60539,0.0623,-1.192345142,57.60539,0.0623
-1.078833048,57.68371,0.07832,-1.078833048,57.68371,0.07832
-0.953817062,57.76182,0.07811,-0.953817062,57.76182,0.07811
-0.820655536,57.8399,0.07808,-0.820655536,57.8399,0.07808
-0.71087514,57.90249,0.06259,-0.71087514,57.90249,0.06259
-0.545840887,57.99602,0.09353,-0.545840887,57.99602,0.09353
-0.463839127,58.04312,0.0471,-0.463839127,58.04312,0.0471
-0.331297394,58.12125,0.07813,-0.331297394,58.12125,0.07813
-0.229142886,58.18375,0.0625,-0.229142886,58.18375,0.0625
-0.130953843,58.24627,0.06252,-0.130953843,58.24627,0.06252
-0.015011466,58.32439,0.07812,-0.015011466,58.32439,0.07812
0.115544329,58.41813,0.09374,0.115544329,58.41813,0.09374
0.157412051,58.44945,0.03132,0.157412051,58.44945,0.03132
0.257235449,58.5276,0.07815,0.257235449,58.5276,0.07815
0.352989164,58.60572,0.07812,0.352989164,58.60572,0.07812
0.445450022,58.68389,0.07817,0.445450022,58.68389,0.07817
0.499781327,58.73066,0.04677,0.499781327,58.73066,0.04677
0.607014643,58.82419,0.09353,0.607014643,58.82419,0.09353
0.678235489,58.88692,0.06273,0.678235489,58.88692,0.06273
0.7487027,58.94942,0.0625,0.7487027,58.94942,0.0625
0.818310569,59.01192,0.0625,0.818310569,59.01192,0.0625
0.903514785,59.09005,0.07813,0.903514785,59.09005,0.07813
0.969249989,59.15255,0.0625,0.969249989,59.15255,0.0625
1.031261933,59.21505,0.0625,1.031261933,59.21505,0.0625
1.10219317,59.29296,0.07791,1.10219317,59.29296,0.07791
1.16259561,59.37131,0.07835,1.16259561,59.37131,0.07835
1.210286549,59.44945,0.07814,1.210286549,59.44945,0.07814
1.239389059,59.52757,0.07812,1.239389059,59.52757,0.07812
1.249403053,59.59004,0.06247,1.249403053,59.59004,0.06247
1.240742731,59.6682,0.07816,1.240742731,59.6682,0.07816
1.208554521,59.74633,0.07813,1.208554521,59.74633,0.07813
1.099356953,59.87134,0.12501,1.099356953,59.87134,0.12501
0.997662055,59.94951,0.07817,0.997662055,59.94951,0.07817
0.871122609,60.02549,0.07598,0.871122609,60.02549,0.07598
0.770532445,60.07824,0.05275,0.770532445,60.07824,0.05275
0.600334891,60.15779,0.07955,0.600334891,60.15779,0.07955
0.452696015,60.22007,0.06228,0.452696015,60.22007,0.06228
0.294925884,60.28279,0.06272,0.294925884,60.28279,0.06272
0.131032869,60.3453,0.06251,0.131032869,60.3453,0.06251
-0.079211959,60.42343,0.07813,-0.079211959,60.42343,0.07813
-0.247510208,60.48593,0.0625,-0.247510208,60.48593,0.0625
-0.452692532,60.56406,0.07813,-0.452692532,60.56406,0.07813
-0.60883123,60.62662,0.06256,-0.60883123,60.62662,0.06256
-0.754590815,60.68907,0.06245,-0.754590815,60.68907,0.06245
-0.916977727,60.7672,0.07813,-0.916977727,60.7672,0.07813
-1.02833707,60.82965,0.06245,-1.02833707,60.82965,0.06245
-1.14165657,60.90783,0.07818,-1.14165657,60.90783,0.07818
-1.23377043,61.00158,0.09375,-1.23377043,61.00158,0.09375
-1.26521269,61.06409,0.06251,-1.26521269,61.06409,0.06251
-1.274798803,61.11076,0.04667,-1.274798803,61.11076,0.04667
-1.255296053,61.20471,0.09395,-1.255296053,61.20471,0.09395
-1.226707457,61.25159,0.04688,-1.226707457,61.25159,0.04688
-1.15082874,61.3297,0.07811,-1.15082874,61.3297,0.07811
-1.065620719,61.39547,0.06577,-1.065620719,61.39547,0.06577
-0.965614085,61.4582,0.06273,-0.965614085,61.4582,0.06273
-0.84849182,61.52212,0.06392,-0.84849182,61.52212,0.06392
-0.656641569,61.61565,0.09353,-0.656641569,61.61565,0.09353
-0.518442526,61.67815,0.0625,-0.518442526,61.67815,0.0625
-0.375491044,61.74088,0.06273,-0.375491044,61.74088,0.06273
-0.232083112,61.80318,0.0623,-0.232083112,61.80318,0.0623
-0.01965947,61.89713,0.09395,-0.01965947,61.89713,0.09395
0.114229428,61.95942,0.06229,0.114229428,61.95942,0.06229
0.240669347,62.02213,0.06271,0.240669347,62.02213,0.06271
0.38461803,62.10027,0.07814,0.38461803,62.10027,0.07814
0.484151772,62.16277,0.0625,0.484151772,62.16277,0.0625
0.58986479,62.24091,0.07814,0.58986479,62.24091,0.07814
0.708396863,62.36606,0.12515,0.708396863,62.36606,0.12515
0.755918516,62.45944,0.09338,0.755918516,62.45944,0.09338
0.76663646,62.50632,0.04688,0.76663646,62.50632,0.04688
0.763024068,62.60008,0.09376,0.763024068,62.60008,0.09376
0.742249392,62.6626,0.06252,0.742249392,62.6626,0.06252
0.700013379,62.74093,0.07833,0.700013379,62.74093,0.07833
0.640977443,62.81906,0.07813,0.640977443,62.81906,0.07813
0.584172534,62.88154,0.06248,0.584172534,62.88154,0.06248
0.520400339,62.94429,0.06275,0.520400339,62.94429,0.06275
0.433633984,63.02219,0.0779,0.433633984,63.02219,0.0779
0.36053158,63.0847,0.06251,0.36053158,63.0847,0.06251
0.267197725,63.16283,0.07813,0.267197725,63.16283,0.07813
0.192803655,63.22531,0.06248,0.192803655,63.22531,0.06248
0.084942786,63.31886,0.09355,0.084942786,63.31886,0.09355
0.033294529,63.36596,0.0471,0.033294529,63.36596,0.0471
-0.046952922,63.44389,0.07793,-0.046952922,63.44389,0.07793
-0.105618955,63.5066,0.06271,-0.105618955,63.5066,0.06271
-0.158096318,63.5691,0.0625,-0.158096318,63.5691,0.0625
-0.204623551,63.6316,0.0625,-0.204623551,63.6316,0.0625
-0.253862036,63.70973,0.07813,-0.253862036,63.70973,0.07813
-0.292677884,63.78786,0.07813,-0.292677884,63.78786,0.07813
-0.321485205,63.86599,0.07813,-0.321485205,63.86599,0.07813
-0.334213721,63.91266,0.04667,-0.334213721,63.91266,0.04667
-0.35020315,64.00642,0.09376,-0.35020315,64.00642,0.09376
-0.354440885,64.08475,0.07833,-0.354440885,64.08475,0.07833
-0.353692381,64.13163,0.04688,-0.353692381,64.13163,0.04688
-0.345894629,64.2255,0.09387,-0.345894629,64.2255,0.09387
-0.336972262,64.28789,0.06239,-0.336972262,64.28789,0.06239
-0.325809387,64.35039,0.0625,-0.325809387,64.35039,0.0625
-0.309484432,64.42831,0.07792,-0.309484432,64.42831,0.07792
-0.29191128,64.50665,0.07834,-0.29191128,64.50665,0.07834
-0.277708179,64.56914,0.06249,-0.277708179,64.56914,0.06249
-0.263906003,64.63165,0.06251,-0.263906003,64.63165,0.06251
-0.247867091,64.70977,0.07812,-0.247867091,64.70977,0.07812
-0.224259374,64.8504,0.14063,-0.224259374,64.8504,0.14063
-0.21325072,64.94395,0.09355,-0.21325072,64.94395,0.09355
-0.209117669,64.99105,0.0471,-0.209117669,64.99105,0.0471
-0.203396832,65.0848,0.09375,-0.203396832,65.0848,0.09375
-0.201566528,65.13168,0.04688,-0.201566528,65.13168,0.04688
-0.199502347,65.20981,0.07813,-0.199502347,65.20981,0.07813
-0.197946167,65.28794,0.07813,-0.197946167,65.28794,0.07813
-0.196362099,65.35044,0.0625,-0.196362099,65.35044,0.0625
-0.192738289,65.42856,0.07812,-0.192738289,65.42856,0.07812
-0.187930893,65.49165,0.06309,-0.187930893,65.49165,0.06309
-0.175797773,65.58462,0.09297,-0.175797773,65.58462,0.09297
-0.170036297,65.61616,0.03154,-0.170036297,65.61616,0.03154
-0.151643006,65.69429,0.07813,-0.151643006,65.69429,0.07813
-0.125806281,65.77246,0.07817,-0.125806281,65.77246,0.07817
-0.099786495,65.83484,0.06238,-0.099786495,65.83484,0.06238
-0.050396969,65.92859,0.09375,-0.050396969,65.92859,0.09375
-0.021044741,65.97544,0.04685,-0.021044741,65.97544,0.04685
0.034514107,66.05361,0.07817,0.034514107,66.05361,0.07817
0.112330844,66.14735,0.09374,0.112330844,66.14735,0.09374
0.155360842,66.19427,0.04692,0.155360842,66.19427,0.04692
0.231736515,66.27216,0.07789,0.231736515,66.27216,0.07789
0.329724291,66.36612,0.09396,0.329724291,66.36612,0.09396
0.400231239,66.4316,0.06548,0.400231239,66.4316,0.06548
0.450916171,66.47849,0.04689,0.450916171,66.47849,0.04689
0.551831265,66.57367,0.09518,0.551831265,66.57367,0.09518
0.615074872,66.6364,0.06273,0.615074872,66.6364,0.06273
0.65949453,66.68328,0.04688,0.65949453,66.68328,0.04688
0.738698234,66.77703,0.09375,0.738698234,66.77703,0.09375
0.782822864,66.83953,0.0625,0.782822864,66.83953,0.0625
0.818518408,66.90203,0.0625,0.818518408,66.90203,0.0625
0.852956321,66.99583,0.0938,0.852956321,66.99583,0.0938
0.860909772,67.04267,0.04684,0.860909772,67.04267,0.04684
0.859540592,67.1208,0.07813,0.859540592,67.1208,0.07813
0.845424913,67.1833,0.0625,0.845424913,67.1833,0.0625
0.801450691,67.27686,0.09356,0.801450691,67.27686,0.09356
0.757439023,67.33956,0.0627,0.757439023,67.33956,0.0627
0.702310716,67.40207,0.06251,0.702310716,67.40207,0.06251
0.617417743,67.48017,0.0781,0.617417743,67.48017,0.0781
0.497454597,67.57373,0.09356,0.497454597,67.57373,0.09356
0.430444366,67.62082,0.04709,0.430444366,67.62082,0.04709
0.311753282,67.69895,0.07813,0.311753282,67.69895,0.07813
0.236548414,67.74584,0.04689,0.236548414,67.74584,0.04689
0.107413326,67.82397,0.07813,0.107413326,67.82397,0.07813
-0.023719706,67.90209,0.07812,-0.023719706,67.90209,0.07812
-0.153871272,67.98022,0.07813,-0.153871272,67.98022,0.07813
-0.230239503,68.02707,0.04685,-0.230239503,68.02707,0.04685
-0.329113313,68.08959,0.06252,-0.329113313,68.08959,0.06252
-0.445202541,68.16751,0.07792,-0.445202541,68.16751,0.07792
-0.531855658,68.23024,0.06273,-0.531855658,68.23024,0.06273
-0.611396299,68.29273,0.06249,-0.611396299,68.29273,0.06249
-0.699199827,68.37087,0.07814,-0.699199827,68.37087,0.07814
-0.774846308,68.44899,0.07812,-0.774846308,68.44899,0.07812
-0.824564469,68.51129,0.0623,-0.824564469,68.51129,0.0623
-0.875394969,68.58963,0.07834,-0.875394969,68.58963,0.07834
-0.912576555,68.66775,0.07812,-0.912576555,68.66775,0.07812
-0.933260464,68.73026,0.06251,-0.933260464,68.73026,0.06251
-0.946493076,68.79256,0.0623,-0.946493076,68.79256,0.0623
-0.952467445,68.88085,0.08829,-0.952467445,68.88085,0.08829
-0.949502621,68.93952,0.05867,-0.949502621,68.93952,0.05867
-0.93686012,69.019,0.07948,-0.93686012,69.019,0.07948
-0.916328338,69.09736,0.07836,-0.916328338,69.09736,0.07836
-0.900181355,69.14405,0.04669,-0.900181355,69.14405,0.04669
-0.874637599,69.20672,0.06267,-0.874637599,69.20672,0.06267
-0.836659222,69.28487,0.07815,-0.836659222,69.28487,0.07815
-0.801992603,69.34737,0.0625,-0.801992603,69.34737,0.0625
-0.742017531,69.44112,0.09375,-0.742017531,69.44112,0.09375
-0.708613769,69.488,0.04688,-0.708613769,69.488,0.04688
-0.660740729,69.55048,0.06248,-0.660740729,69.55048,0.06248
-0.594148504,69.62861,0.07813,-0.594148504,69.62861,0.07813
-0.505188413,69.72238,0.09377,-0.505188413,69.72238,0.09377
-0.37003616,69.84739,0.12501,-0.37003616,69.84739,0.12501
-0.275110474,69.92543,0.07804,-0.275110474,69.92543,0.07804
-0.193819821,69.98803,0.0626,-0.193819821,69.98803,0.0626
-0.129798422,70.03487,0.04684,-0.129798422,70.03487,0.04684
0.028518889,70.14406,0.10919,0.028518889,70.14406,0.10919
0.124221047,70.20656,0.0625,0.124221047,70.20656,0.0625
0.247671752,70.28469,0.07813,0.247671752,70.28469,0.07813
0.397025067,70.37738,0.09269,0.397025067,70.37738,0.09269
0.447555035,70.40864,0.03126,0.447555035,70.40864,0.03126
0.597566034,70.50241,0.09377,0.597566034,70.50241,0.09377
0.671144314,70.54963,0.04722,0.671144314,70.54963,0.04722
0.766559668,70.61336,0.06373,0.766559668,70.61336,0.06373
0.854993856,70.67585,0.06249,0.854993856,70.67585,0.06249
0.956663415,70.75402,0.07817,0.956663415,70.75402,0.07817
1.027654254,70.81628,0.06226,1.027654254,70.81628,0.06226
1.116905557,70.91002,0.09374,1.116905557,70.91002,0.09374
1.15238719,70.95711,0.04709,1.15238719,70.95711,0.04709
1.195389138,71.03524,0.07813,1.195389138,71.03524,0.07813
1.218458939,71.11337,0.07813,1.218458939,71.11337,0.07813
1.22137186,71.17594,0.06257,1.22137186,71.17594,0.06257
1.214675793,71.22276,0.04682,1.214675793,71.22276,0.04682
1.187237973,71.30089,0.07813,1.187237973,71.30089,0.07813
1.136698996,71.37901,0.07812,1.136698996,71.37901,0.07812
1.0696869,71.45512,0.07611,1.0696869,71.45512,0.07611
0.993841184,71.52305,0.06793,0.993841184,71.52305,0.06793
0.911758604,71.58684,0.06379,0.911758604,71.58684,0.06379
0.821561115,71.64967,0.06283,0.821561115,71.64967,0.06283
0.671259981,71.74332,0.09365,0.671259981,71.74332,0.09365
0.563922811,71.80561,0.06229,0.563922811,71.80561,0.06229
0.451794002,71.86811,0.0625,0.451794002,71.86811,0.0625
0.336753586,71.93084,0.06273,0.336753586,71.93084,0.06273
0.163439238,72.02459,0.09375,0.163439238,72.02459,0.09375
0.077441101,72.07154,0.04695,0.077441101,72.07154,0.04695
-0.034693456,72.13396,0.06242,-0.034693456,72.13396,0.06242
-0.195034293,72.22752,0.09356,-0.195034293,72.22752,0.09356
-0.295471183,72.29004,0.06252,-0.295471183,72.29004,0.06252
-0.366319762,72.33705,0.04701,-0.366319762,72.33705,0.04701
-0.494266177,72.43066,0.09361,-0.494266177,72.43066,0.09361
-0.586683847,72.50899,0.07833,-0.586683847,72.50899,0.07833
-0.603008559,72.52462,0.01563,-0.603008559,72.52462,0.01563
-0.677645651,72.60275,0.07813,-0.677645651,72.60275,0.07813
-0.745681292,72.69649,0.09374,-0.745681292,72.69649,0.09374
-0.770935866,72.74339,0.0469,-0.770935866,72.74339,0.0469
-0.790439976,72.79026,0.04687,-0.790439976,72.79026,0.04687
-0.810310866,72.86838,0.07812,-0.810310866,72.86838,0.07812
-0.815307637,72.93088,0.0625,-0.815307637,72.93088,0.0625
-0.811220068,72.99339,0.06251,-0.811220068,72.99339,0.06251
-0.792778649,73.07152,0.07813,-0.792778649,73.07152,0.07813
-0.762439718,73.14965,0.07813,-0.762439718,73.14965,0.07813
-0.729113379,73.21195,0.0623,-0.729113379,73.21195,0.0623
-0.667748221,73.3057,0.09375,-0.667748221,73.3057,0.09375
-0.619685318,73.36841,0.06271,-0.619685318,73.36841,0.06271
-0.567754479,73.4309,0.06249,-0.567754479,73.4309,0.06249
-0.526619366,73.47779,0.04689,-0.526619366,73.47779,0.04689
-0.423770442,73.5897,0.11191,-0.423770442,73.5897,0.11191
-0.378598718,73.63789,0.04819,-0.378598718,73.63789,0.04819
-0.305871532,73.71623,0.07834,-0.305871532,73.71623,0.07834
-0.24840514,73.78017,0.06394,-0.24840514,73.78017,0.06394
-0.194928931,73.84266,0.06249,-0.194928931,73.84266,0.06249
-0.133887555,73.9208,0.07814,-0.133887555,73.9208,0.07814
-0.111108384,73.95211,0.03131,-0.111108384,73.95211,0.03131
-0.052542393,74.04581,0.0937,-0.052542393,74.04581,0.0937
-0.015236779,74.12391,0.0781,-0.015236779,74.12391,0.0781
0.006986665,74.18656,0.06265,0.006986665,74.18656,0.06265
0.021823913,74.24894,0.06238,0.021823913,74.24894,0.06238
0.02807175,74.31145,0.06251,0.02807175,74.31145,0.06251
0.025472565,74.38959,0.07814,0.025472565,74.38959,0.07814
0.011090841,74.46771,0.07812,0.011090841,74.46771,0.07812
-0.008002966,74.53021,0.0625,-0.008002966,74.53021,0.0625
-0.039986273,74.60836,0.07815,-0.039986273,74.60836,0.07815
-0.079619017,74.68652,0.07816,-0.079619017,74.68652,0.07816
-0.124021908,74.76467,0.07815,-0.124021908,74.76467,0.07815
-0.198069408,74.8896,0.12493,-0.198069408,74.8896,0.12493
-0.249228972,74.98336,0.09376,-0.249228972,74.98336,0.09376
-0.278431438,75.04586,0.0625,-0.278431438,75.04586,0.0625
-0.305479899,75.124,0.07814,-0.305479899,75.124,0.07814
-0.3187166,75.18649,0.06249,-0.3187166,75.18649,0.06249
-0.323071907,75.24899,0.0625,-0.323071907,75.24899,0.0625
-0.312189361,75.32713,0.07814,-0.312189361,75.32713,0.07814
-0.284752969,75.40525,0.07812,-0.284752969,75.40525,0.07812
-0.25915181,75.45213,0.04688,-0.25915181,75.45213,0.04688
-0.200238573,75.53026,0.07813,-0.200238573,75.53026,0.07813
-0.124087725,75.60839,0.07813,-0.124087725,75.60839,0.07813
-0.069879278,75.6554,0.04701,-0.069879278,75.6554,0.04701
0.033093357,75.73352,0.07812,0.033093357,75.73352,0.07812
0.148129077,75.81152,0.078,0.148129077,75.81152,0.078
0.221954262,75.8584,0.04688,0.221954262,75.8584,0.04688
0.349711496,75.93633,0.07793,0.349711496,75.93633,0.07793
0.505828048,76.03028,0.09395,0.505828048,76.03028,0.09395
0.631828192,76.10841,0.07813,0.631828192,76.10841,0.07813
0.725992794,76.17089,0.06248,0.725992794,76.17089,0.06248
0.791491226,76.2178,0.04691,0.791491226,76.2178,0.04691
0.904027205,76.31133,0.09353,0.904027205,76.31133,0.09353
0.949677425,76.35842,0.04709,0.949677425,76.35842,0.04709
1.007557601,76.43972,0.0813,1.007557601,76.43972,0.0813
1.035698864,76.51805,0.07833,1.035698864,76.51805,0.07833
1.037803458,76.58056,0.06251,1.037803458,76.58056,0.06251
1.013780592,76.65993,0.07937,1.013780592,76.65993,0.07937
0.972440736,76.72264,0.06271,0.972440736,76.72264,0.06271
0.897426879,76.80077,0.07813,0.897426879,76.80077,0.07813
0.816624977,76.86327,0.0625,0.816624977,76.86327,0.0625
0.722006694,76.92555,0.06228,0.722006694,76.92555,0.06228
0.586171085,77.00395,0.0784,0.586171085,77.00395,0.0784
0.403947316,77.09764,0.09369,0.403947316,77.09764,0.09369
0.242871965,77.17576,0.07812,0.242871965,77.17576,0.07812
0.177775644,77.20701,0.03125,0.177775644,77.20701,0.03125
0.048392151,77.26955,0.06254,0.048392151,77.26955,0.06254
-0.108098626,77.34777,0.07822,-0.108098626,77.34777,0.07822
-0.223794438,77.41018,0.06241,-0.223794438,77.41018,0.06241
-0.35361002,77.4883,0.07812,-0.35361002,77.4883,0.07812
-0.442871289,77.5508,0.0625,-0.442871289,77.5508,0.0625
-0.514340016,77.61331,0.06251,-0.514340016,77.61331,0.06251
-0.579995469,77.69123,0.07792,-0.579995469,77.69123,0.07792
-0.615447062,77.77013,0.0789,-0.615447062,77.77013,0.0789
-0.622022128,77.83493,0.0648,-0.622022128,77.83493,0.0648
-0.601891228,77.91427,0.07934,-0.601891228,77.91427,0.07934
-0.576180666,77.96137,0.0471,-0.576180666,77.96137,0.0471
-0.512476872,78.0395,0.07813,-0.512476872,78.0395,0.07813
-0.445519555,78.10207,0.06257,-0.445519555,78.10207,0.06257
-0.344108949,78.1802,0.07813,-0.344108949,78.1802,0.07813
-0.254266096,78.24261,0.06241,-0.254266096,78.24261,0.06241
-0.158833126,78.30514,0.06253,-0.158833126,78.30514,0.06253
-0.037292416,78.38326,0.07812,-0.037292416,78.38326,0.07812
0.057809473,78.44577,0.06251,0.057809473,78.44577,0.06251
0.146926446,78.50827,0.0625,0.146926446,78.50827,0.0625
0.245632616,78.58641,0.07814,0.245632616,78.58641,0.07814
0.32512375,78.66454,0.07813,0.32512375,78.66454,0.07813
0.37150777,78.727,0.06246,0.37150777,78.727,0.06246
0.401436536,78.78954,0.06254,0.401436536,78.78954,0.06254
0.411573618,78.86772,0.07818,0.411573618,78.86772,0.07818
0.392593442,78.94579,0.07807,0.392593442,78.94579,0.07807
0.34101957,79.02392,0.07813,0.34101957,79.02392,0.07813
0.296471857,79.07091,0.04699,0.296471857,79.07091,0.04699
0.178422321,79.16456,0.09365,0.178422321,79.16456,0.09365
0.053900815,79.24265,0.07809,0.053900815,79.24265,0.07809
-0.09025535,79.32082,0.07817,-0.09025535,79.32082,0.07817
-0.246826951,79.39895,0.07813,-0.246826951,79.39895,0.07813
-0.344924394,79.44582,0.04687,-0.344924394,79.44582,0.04687
-0.50985488,79.52395,0.07813,-0.50985488,79.52395,0.07813
-0.639520368,79.58645,0.0625,-0.639520368,79.58645,0.0625
-0.792959366,79.66458,0.07813,-0.792959366,79.66458,0.07813
-0.904476574,79.72686,0.06228,-0.904476574,79.72686,0.06228
-1.068648803,79.83647,0.10961,-1.068648803,79.83647,0.10961
-1.153677412,79.91457,0.0781,-1.153677412,79.91457,0.0781
-1.208585124,79.99272,0.07815,-1.208585124,79.99272,0.07815
-1.228228127,80.05523,0.06251,-1.228228127,80.05523,0.06251
-1.220235822,80.13335,0.07812,-1.220235822,80.13335,0.07812
-1.165213264,80.22711,0.09376,-1.165213264,80.22711,0.09376
-1.101879735,80.28958,0.06247,-1.101879735,80.28958,0.06247
-1.040023961,80.33649,0.04691,-1.040023961,80.33649,0.04691
-0.884747923,80.43002,0.09353,-0.884747923,80.43002,0.09353
-0.759996282,80.49275,0.06273,-0.759996282,80.49275,0.06273
-0.583673812,80.57088,0.07813,-0.583673812,80.57088,0.07813
-0.391354614,80.649,0.07812,-0.391354614,80.649,0.07812
-0.228176084,80.71151,0.06251,-0.228176084,80.71151,0.06251
-0.019027526,80.78961,0.0781,-0.019027526,80.78961,0.0781
0.149302104,80.85215,0.06254,0.149302104,80.85215,0.06254
0.354853793,80.93007,0.07792,0.354853793,80.93007,0.07792
0.51410914,80.99277,0.0627,0.51410914,80.99277,0.0627
0.69921755,81.0709,0.07813,0.69921755,81.0709,0.07813
0.867035876,81.14881,0.07791,0.867035876,81.14881,0.07791
0.984804019,81.21153,0.06272,0.984804019,81.21153,0.06272
1.086321963,81.27383,0.0623,1.086321963,81.27383,0.0623
1.20735975,81.36759,0.09376,1.20735975,81.36759,0.09376
1.277643726,81.44592,0.07833,1.277643726,81.44592,0.07833
1.311307854,81.50842,0.0625,1.311307854,81.50842,0.0625
1.325838213,81.57092,0.0625,1.325838213,81.57092,0.0625
1.320001095,81.64906,0.07814,1.320001095,81.64906,0.07814
1.283858301,81.72718,0.07812,1.283858301,81.72718,0.07812
1.23770363,81.78968,0.0625,1.23770363,81.78968,0.0625
1.139315207,81.88344,0.09376,1.139315207,81.88344,0.09376
1.079121336,81.93009,0.04665,1.079121336,81.93009,0.04665
0.988302362,81.99283,0.06274,0.988302362,81.99283,0.06274
0.860589448,82.07073,0.0779,0.860589448,82.07073,0.0779
0.720786869,82.14886,0.07813,0.720786869,82.14886,0.07813
0.631523823,82.19596,0.0471,0.631523823,82.19596,0.0471
0.47835672,82.27409,0.07813,0.47835672,82.27409,0.07813
0.353411036,82.33656,0.06247,0.353411036,82.33656,0.06247
0.196907043,82.41452,0.07796,0.196907043,82.41452,0.07796
0.041767148,82.49285,0.07833,0.041767148,82.49285,0.07833
-0.107217896,82.57076,0.07791,-0.107217896,82.57076,0.07791
-0.221926229,82.63348,0.06272,-0.221926229,82.63348,0.06272
-0.381566106,82.72724,0.09376,-0.381566106,82.72724,0.09376
-0.431432346,82.75849,0.03125,-0.431432346,82.75849,0.03125
-0.546299462,82.83659,0.0781,-0.546299462,82.83659,0.0781
-0.628620902,82.89891,0.06232,-0.628620902,82.89891,0.06232
-0.68397961,82.946,0.04709,-0.68397961,82.946,0.04709
-0.762879099,83.02413,0.07813,-0.762879099,83.02413,0.07813
-0.826649882,83.10227,0.07814,-0.826649882,83.10227,0.07814
-0.864289179,83.16475,0.06248,-0.864289179,83.16475,0.06248
-0.901104981,83.25851,0.09376,-0.901104981,83.25851,0.09376
-0.911167366,83.32103,0.06252,-0.911167366,83.32103,0.06252
-0.90933199,83.3992,0.07817,-0.90933199,83.3992,0.07817
-0.894259754,83.46165,0.06245,-0.894259754,83.46165,0.06245
-0.852500276,83.55549,0.09384,-0.852500276,83.55549,0.09384
-0.811042366,83.61791,0.06242,-0.811042366,83.61791,0.06242
-0.773695344,83.66478,0.04687,-0.773695344,83.66478,0.04687
-0.715181486,83.72728,0.0625,-0.715181486,83.72728,0.0625
-0.629892728,83.80521,0.07793,-0.629892728,83.80521,0.07793
-0.530223711,83.88334,0.07813,-0.530223711,83.88334,0.07813
-0.442048069,83.94604,0.0627,-0.442048069,83.94604,0.0627
-0.321623378,84.02417,0.07813,-0.321623378,84.02417,0.07813
-0.218910405,84.08668,0.06251,-0.218910405,84.08668,0.06251
-0.111367055,84.14918,0.0625,-0.111367055,84.14918,0.0625
0.029054628,84.22731,0.07813,0.029054628,84.22731,0.07813
0.173078214,84.30545,0.07814,0.173078214,84.30545,0.07814
0.289742081,84.36804,0.06259,0.289742081,84.36804,0.06259
0.434786043,84.44619,0.07815,0.434786043,84.44619,0.07815
0.548156672,84.50857,0.06238,0.548156672,84.50857,0.06238
0.658039509,84.57108,0.06251,0.658039509,84.57108,0.06251
0.788617275,84.64922,0.07814,0.788617275,84.64922,0.07814
0.907013126,84.72735,0.07813,0.907013126,84.72735,0.07813
0.99213149,84.78964,0.06229,0.99213149,84.78964,0.06229
1.067396267,84.85234,0.0627,1.067396267,84.85234,0.0627
1.142721141,84.93045,0.07811,1.142721141,84.93045,0.07811
1.197804041,85.0086,0.07815,1.197804041,85.0086,0.07815
1.219528947,85.05548,0.04688,1.219528947,85.05548,0.04688
1.234432409,85.13367,0.07819,1.234432409,85.13367,0.07819
1.21753634,85.22714,0.09347,1.21753634,85.22714,0.09347
1.19394141,85.27424,0.0471,1.19394141,85.27424,0.0471
1.133174822,85.35237,0.07813,1.133174822,85.35237,0.07813
1.041632832,85.43047,0.0781,1.041632832,85.43047,0.0781
0.923834237,85.50863,0.07816,0.923834237,85.50863,0.07816
0.809521538,85.57113,0.0625,0.809521538,85.57113,0.0625
0.621928727,85.65964,0.08851,0.621928727,85.65964,0.08851
0.450184291,85.73071,0.07107,0.450184291,85.73071,0.07107
0.325372682,85.77877,0.04806,0.325372682,85.77877,0.04806
0.109499199,85.85713,0.07836,0.109499199,85.85713,0.07836
-0.071917466,85.9196,0.06247,-0.071917466,85.9196,0.06247
-0.258442785,85.98215,0.06255,-0.258442785,85.98215,0.06255
-0.494774004,86.06032,0.07817,-0.494774004,86.06032,0.07817
-0.682864186,86.12277,0.06245,-0.682864186,86.12277,0.06245
-0.86696653,86.18506,0.06229,-0.86696653,86.18506,0.06229
-1.089024712,86.26339,0.07833,-1.089024712,86.26339,0.07833
-1.255252616,86.3259,0.06251,-1.255252616,86.3259,0.06251
-1.446321634,86.40403,0.07813,-1.446321634,86.40403,0.07813
-1.611335406,86.48195,0.07792,-1.611335406,86.48195,0.07792
-1.72540964,86.54466,0.06271,-1.72540964,86.54466,0.06271
-1.837263521,86.62279,0.07813,-1.837263521,86.62279,0.07813
-1.917861281,86.70092,0.07813,-1.917861281,86.70092,0.07813
-1.937871786,86.73218,0.03126,-1.937871786,86.73218,0.03126
-1.966467125,86.8103,0.07812,-1.966467125,86.8103,0.07812
-1.957028264,86.88843,0.07813,-1.957028264,86.88843,0.07813
-1.910217489,86.96633,0.0779,-1.910217489,86.96633,0.0779
-1.864626988,87.01343,0.0471,-1.864626988,87.01343,0.0471
-1.760850797,87.09157,0.07814,-1.760850797,87.09157,0.07814
-1.62293792,87.1697,0.07813,-1.62293792,87.1697,0.07813
-1.491291116,87.2322,0.0625,-1.491291116,87.2322,0.0625
-1.302637302,87.31033,0.07813,-1.302637302,87.31033,0.07813
-1.134051837,87.37283,0.0625,-1.134051837,87.37283,0.0625
-0.907002049,87.45095,0.07812,-0.907002049,87.45095,0.07812
-0.663276239,87.52909,0.07814,-0.663276239,87.52909,0.07814
-0.461320319,87.59159,0.0625,-0.461320319,87.59159,0.0625
-0.255064779,87.65409,0.0625,-0.255064779,87.65409,0.0625
0.00497285,87.73222,0.07813,0.00497285,87.73222,0.07813
0.262553905,87.81024,0.07802,0.262553905,87.81024,0.07802
0.414905512,87.85723,0.04699,0.414905512,87.85723,0.04699
0.754911931,87.96662,0.10939,0.754911931,87.96662,0.10939
0.800775374,87.98203,0.01541,0.800775374,87.98203,0.01541
1.0244045,88.06036,0.07833,1.0244045,88.06036,0.07833
1.189104553,88.12287,0.06251,1.189104553,88.12287,0.06251
1.411115092,88.21663,0.09376,1.411115092,88.21663,0.09376
1.539940576,88.27912,0.06249,1.539940576,88.27912,0.06249
1.625885282,88.32601,0.04689,1.625885282,88.32601,0.04689
1.768609089,88.4198,0.09379,1.768609089,88.4198,0.09379
1.841033653,88.48226,0.06246,1.841033653,88.48226,0.06246
1.905516503,88.56039,0.07813,1.905516503,88.56039,0.07813
1.934674279,88.62269,0.0623,1.934674279,88.62269,0.0623
1.946160644,88.70103,0.07834,1.946160644,88.70103,0.07834
1.924747496,88.77915,0.07812,1.924747496,88.77915,0.07812
1.898453548,88.82603,0.04688,1.898453548,88.82603,0.04688
1.832556967,88.90416,0.07813,1.832556967,88.90416,0.07813
1.736930299,88.98229,0.07813,1.736930299,88.98229,0.07813
1.616349959,89.06039,0.0781,1.616349959,89.06039,0.0781
1.501629217,89.12292,0.06253,1.501629217,89.12292,0.06253
1.339968033,89.20104,0.07812,1.339968033,89.20104,0.07812
1.157247509,89.27918,0.07814,1.157247509,89.27918,0.07814
1.000451704,89.34169,0.06251,1.000451704,89.34169,0.06251
0.792566108,89.41981,0.07812,0.792566108,89.41981,0.07812
0.663182129,89.4668,0.04699,0.663182129,89.4668,0.04699
0.44396107,89.54478,0.07798,0.44396107,89.54478,0.07798
0.266691655,89.60732,0.06254,0.266691655,89.60732,0.06254
0.091004344,89.66983,0.06251,0.091004344,89.66983,0.06251
-0.123389951,89.74796,0.07813,-0.123389951,89.74796,0.07813
-0.514332253,89.90421,0.15625,-0.514332253,89.90421,0.15625
-0.618025904,89.95109,0.04688,-0.618025904,89.95109,0.04688
-0.771063932,90.02921,0.07812,-0.771063932,90.02921,0.07812
-0.876507359,90.0917,0.06249,-0.876507359,90.0917,0.06249
-0.98155946,90.16985,0.07815,-0.98155946,90.16985,0.07815
-1.044213269,90.23215,0.0623,-1.044213269,90.23215,0.0623
-1.094903133,90.31048,0.07833,-1.094903133,90.31048,0.07833
-1.113008886,90.3886,0.07812,-1.113008886,90.3886,0.07812
-1.105845862,90.45111,0.06251,-1.105845862,90.45111,0.06251
-1.067235549,90.52924,0.07813,-1.067235549,90.52924,0.07813
-1.002802069,90.60737,0.07813,-1.002802069,90.60737,0.07813
-0.919802422,90.67994,0.07257,-0.919802422,90.67994,0.07257
-0.866884949,90.71973,0.03979,-0.866884949,90.71973,0.03979
-0.750354634,90.79786,0.07813,-0.750354634,90.79786,0.07813
-0.616890238,90.87772,0.07986,-0.616890238,90.87772,0.07986
-0.53539008,90.92438,0.04666,-0.53539008,90.92438,0.04666
-0.423966868,90.98711,0.06273,-0.423966868,90.98711,0.06273
-0.28700585,91.06501,0.0779,-0.28700585,91.06501,0.0779
-0.155869578,91.14336,0.07835,-0.155869578,91.14336,0.07835
-0.083275344,91.19024,0.04688,-0.083275344,91.19024,0.04688
0.005218342,91.25275,0.06251,0.005218342,91.25275,0.06251
0.09718168,91.33087,0.07812,0.09718168,91.33087,0.07812
0.177873476,91.4244,0.09353,0.177873476,91.4244,0.09353
0.20473498,91.47149,0.04709,0.20473498,91.47149,0.04709
0.221813339,91.51838,0.04689,0.221813339,91.51838,0.04689
0.226401407,91.61211,0.09373,0.226401407,91.61211,0.09373
0.21396871,91.65901,0.0469,0.21396871,91.65901,0.0469
0.171795529,91.73694,0.07793,0.171795529,91.73694,0.07793
0.134471948,91.78401,0.04707,0.134471948,91.78401,0.04707
0.055180659,91.86214,0.07813,0.055180659,91.86214,0.07813
-0.022371938,91.92465,0.06251,-0.022371938,91.92465,0.06251
-0.109312004,91.98716,0.06251,-0.109312004,91.98716,0.06251
-0.228062314,92.06528,0.07812,-0.228062314,92.06528,0.07812
-0.352881786,92.14338,0.0781,-0.352881786,92.14338,0.0781
-0.45378838,92.20604,0.06266,-0.45378838,92.20604,0.06266
-0.575679752,92.28405,0.07801,-0.575679752,92.28405,0.07801
-0.667661187,92.34655,0.0625,-0.667661187,92.34655,0.0625
-0.770019852,92.42468,0.07813,-0.770019852,92.42468,0.07813
-0.856719145,92.50258,0.0779,-0.856719145,92.50258,0.0779
-0.92214714,92.58094,0.07836,-0.92214714,92.58094,0.07836
-0.950819676,92.62761,0.04667,-0.950819676,92.62761,0.04667
-0.976521206,92.69032,0.06271,-0.976521206,92.69032,0.06271
-0.984304763,92.78639,0.09607,-0.984304763,92.78639,0.09607
-0.974511909,92.83347,0.04708,-0.974511909,92.83347,0.04708
-0.938559094,92.91306,0.07959,-0.938559094,92.91306,0.07959
-0.880547879,92.99119,0.07813,-0.880547879,92.99119,0.07813
-0.81954025,93.05368,0.06249,-0.81954025,93.05368,0.06249
-0.706299027,93.14741,0.09373,-0.706299027,93.14741,0.09373
-0.66309247,93.17869,0.03128,-0.66309247,93.17869,0.03128
-0.572074625,93.2412,0.06251,-0.572074625,93.2412,0.06251
-0.423384015,93.33495,0.09375,-0.423384015,93.33495,0.09375
-0.319199455,93.39746,0.06251,-0.319199455,93.39746,0.06251
-0.239198669,93.44442,0.04696,-0.239198669,93.44442,0.04696
-0.13212916,93.50684,0.06242,-0.13212916,93.50684,0.06242
0.00116773,93.58497,0.07813,0.00116773,93.58497,0.07813
0.156871265,93.67869,0.09372,0.156871265,93.67869,0.09372
0.232140648,93.7256,0.04691,0.232140648,93.7256,0.04691
0.375731842,93.81936,0.09376,0.375731842,93.81936,0.09376
0.421646831,93.8506,0.03124,0.421646831,93.8506,0.03124
0.550863571,93.94436,0.09376,0.550863571,93.94436,0.09376
0.610910038,93.99103,0.04667,0.610910038,93.99103,0.04667
0.722991449,94.08479,0.09376,0.722991449,94.08479,0.09376
0.778014645,94.13462,0.04983,0.778014645,94.13462,0.04983
0.84312594,94.19735,0.06273,0.84312594,94.19735,0.06273
0.918054882,94.2767,0.07935,0.918054882,94.2767,0.07935
0.959196333,94.3238,0.0471,0.959196333,94.3238,0.0471
1.023191962,94.40348,0.07968,1.023191962,94.40348,0.07968
1.088635356,94.49722,0.09374,1.088635356,94.49722,0.09374
1.126093618,94.55973,0.06251,1.126093618,94.55973,0.06251
1.17289376,94.65344,0.09371,1.17289376,94.65344,0.09371
1.191555025,94.70036,0.04692,1.191555025,94.70036,0.04692
1.210373445,94.76294,0.06258,1.210373445,94.76294,0.06258
1.227448522,94.88787,0.12493,1.227448522,94.88787,0.12493
1.218811473,94.98162,0.09375,1.218811473,94.98162,0.09375
1.206885392,95.0285,0.04688,1.206885392,95.0285,0.04688
1.175362292,95.10662,0.07812,1.175362292,95.10662,0.07812
1.138124167,95.16893,0.06231,1.138124167,95.16893,0.06231
1.077662455,95.24726,0.07833,1.077662455,95.24726,0.07833
1.033003385,95.29414,0.04688,1.033003385,95.29414,0.04688
0.926326958,95.38789,0.09375,0.926326958,95.38789,0.09375
0.821020763,95.4658,0.07791,0.821020763,95.4658,0.07791
0.726177872,95.52853,0.06273,0.726177872,95.52853,0.06273
0.624164292,95.59103,0.0625,0.624164292,95.59103,0.0625
0.515102661,95.65376,0.06273,0.515102661,95.65376,0.06273
0.336713068,95.75075,0.09699,0.336713068,95.75075,0.09699
0.27741478,95.78203,0.03128,0.27741478,95.78203,0.03128
0.188139344,95.8289,0.04687,0.188139344,95.8289,0.04687
0.066161909,95.89284,0.06394,0.066161909,95.89284,0.06394
-0.080291133,95.97096,0.07812,-0.080291133,95.97096,0.07812
-0.193512163,96.03348,0.06252,-0.193512163,96.03348,0.06252
-0.327130322,96.11161,0.07813,-0.327130322,96.11161,0.07813
-0.449174887,96.1897,0.07809,-0.449174887,96.1897,0.07809
-0.537268435,96.25224,0.06254,-0.537268435,96.25224,0.06254
-0.63214315,96.33037,0.07813,-0.63214315,96.33037,0.07813
-0.696701435,96.39267,0.0623,-0.696701435,96.39267,0.0623
-0.761331373,96.471,0.07833,-0.761331373,96.471,0.07833
-0.800883094,96.5335,0.0625,-0.800883094,96.5335,0.0625
-0.835490152,96.61164,0.07814,-0.835490152,96.61164,0.07814
-0.851738786,96.67393,0.06229,-0.851738786,96.67393,0.06229
-0.860700553,96.75227,0.07834,-0.860700553,96.75227,0.07834
-0.858743455,96.8149,0.06263,-0.858743455,96.8149,0.06263
-0.851252146,96.87707,0.06217,-0.851252146,96.87707,0.06217
-0.835984451,96.9554,0.07833,-0.835984451,96.9554,0.07833
-0.820527317,97.0179,0.0625,-0.820527317,97.0179,0.0625
-0.799863369,97.09604,0.07814,-0.799863369,97.09604,0.07814
-0.780141461,97.17394,0.0779,-0.780141461,97.17394,0.0779
-0.766215928,97.23672,0.06278,-0.766215928,97.23672,0.06278
-0.747514456,97.36167,0.12495,-0.747514456,97.36167,0.12495
-0.743659136,97.42418,0.06251,-0.743659136,97.42418,0.06251
-0.743758099,97.5023,0.07812,-0.743758099,97.5023,0.07812
-0.748029985,97.56461,0.06231,-0.748029985,97.56461,0.06231
-0.75697811,97.64294,0.07833,-0.75697811,97.64294,0.07833
-0.768582769,97.72107,0.07813,-0.768582769,97.72107,0.07813
-0.778191853,97.78335,0.06228,-0.778191853,97.78335,0.06228
-0.786893634,97.84607,0.06272,-0.786893634,97.84607,0.06272
-0.794553643,97.93982,0.09375,-0.794553643,97.93982,0.09375
-0.792991907,98.01795,0.07813,-0.792991907,98.01795,0.07813
-0.784721541,98.08046,0.06251,-0.784721541,98.08046,0.06251
-0.76376283,98.15839,0.07793,-0.76376283,98.15839,0.07793
-0.736261518,98.22109,0.0627,-0.736261518,98.22109,0.0627
-0.699471994,98.28338,0.06229,-0.699471994,98.28338,0.06229
-0.652557179,98.34588,0.0625,-0.652557179,98.34588,0.0625
-0.593959626,98.4086,0.06272,-0.593959626,98.4086,0.06272
-0.506000661,98.48674,0.07814,-0.506000661,98.48674,0.07814
-0.445518185,98.53361,0.04687,-0.445518185,98.53361,0.04687
-0.308538759,98.62736,0.09375,-0.308538759,98.62736,0.09375
-0.232839969,98.67425,0.04689,-0.232839969,98.67425,0.04689
-0.15303911,98.72113,0.04688,-0.15303911,98.72113,0.04688
-0.012855894,98.79922,0.07809,-0.012855894,98.79922,0.07809
0.134794496,98.87738,0.07816,0.134794496,98.87738,0.07816
0.28537855,98.95551,0.07813,0.28537855,98.95551,0.07813
0.435380872,99.03342,0.07791,0.435380872,99.03342,0.07791
0.524438883,99.08051,0.04709,0.524438883,99.08051,0.04709
0.695007587,99.17438,0.09387,0.695007587,99.17438,0.09387
0.82720072,99.2525,0.07812,0.82720072,99.2525,0.07812
0.923277384,99.3149,0.0624,0.923277384,99.3149,0.0624
1.0315282,99.39303,0.07813,1.0315282,99.39303,0.07813
1.106505295,99.45554,0.06251,1.106505295,99.45554,0.06251
1.184183855,99.53367,0.07813,1.184183855,99.53367,0.07813
1.23426571,99.59618,0.06251,1.23426571,99.59618,0.06251
1.271619563,99.65847,0.06229,1.271619563,99.65847,0.06229
1.306538482,99.75249,0.09402,1.306538482,99.75249,0.09402
1.314631341,99.83066,0.07817,1.314631341,99.83066,0.07817
1.309522803,99.89306,0.0624,1.309522803,99.89306,0.0624
1.293387309,99.95557,0.06251,1.293387309,99.95557,0.06251
1.258522117,100.0337,0.07813,1.258522117,100.0337,0.07813
