-0.16801823,0.1
-0.154707671,0.11
-0.141320836,0.12
-0.127860357,0.13
-0.114328897,0.14
-0.100729151,0.15
-0.087063841,0.16
-0.073335716,0.17
-0.059547557,0.18
-0.045702167,0.19
-0.031802377,0.2
-0.017851045,0.21
-0.003851051,0.22
0.0101947,0.23
0.024283281,0.24
0.038411741,0.25
0.05257711,0.26
0.066776395,0.27
0.081006585,0.28
0.095264649,0.29
0.10954754,0.3
0.123852191,0.31
0.13817552,0.32
0.15251443,0.33
0.166865809,0.34
0.181226531,0.35
0.195593457,0.36
0.209963437,0.37
0.224333309,0.38
0.238699901,0.39
0.253060032,0.4
0.267410514,0.41
0.281748148,0.42
0.296069732,0.43
0.310372058,0.44
0.32465191,0.45
0.338906073,0.46
0.353131327,0.47
0.367324449,0.48
0.381482218,0.49
0.395601409,0.5
0.409678803,0.51
0.42371118,0.52
0.437695322,0.53
0.451628017,0.54
0.465506058,0.55
0.479326241,0.56
0.493085371,0.57
0.506780261,0.58
0.520407731,0.59
0.533964612,0.6
0.547447744,0.61
0.560853979,0.62
0.574180184,0.63
0.587423235,0.64
0.600580024,0.65
0.613647461,0.66
0.626622468,0.67
0.639501985,0.68
0.652282973,0.69
0.664962409,0.7
0.677537291,0.71
0.690004636,0.72
0.702361486,0.73
0.714604903,0.74
0.726731973,0.75
0.738739807,0.76
0.75062554,0.77
0.762386336,0.78
0.774019382,0.79
0.785521896,0.8
0.796891123,0.81
0.808124339,0.82
0.819218849,0.83
0.830171991,0.84
0.840981134,0.85
0.851643678,0.86
0.862157061,0.87
0.872518752,0.88
0.882726257,0.89
0.892777117,0.9
0.902668911,0.91
0.912399255,0.92
0.921965803,0.93
0.931366249,0.94
0.940598326,0.95
0.949659807,0.96
0.958548508,0.97
0.967262286,0.98
0.97579904,0.99
0.984156713,1
0.992333291,1.01
1.000326806,1.02
1.008135334,1.03
1.015756996,1.04
1.023189963,1.05
1.030432448,1.06
1.037482716,1.07
1.044339076,1.08
1.050999888,1.09
1.057463562,1.1
1.063728556,1.11
1.069793377,1.12
1.075656586,1.13
1.081316793,1.14
1.086772659,1.15
1.092022898,1.16
1.097066276,1.17
1.101901612,1.18
1.106527779,1.19
1.110943701,1.2
1.115148359,1.21
1.119140787,1.22
1.122920072,1.23
1.126485357,1.24
1.129835842,1.25
1.13297078,1.26
1.13588948,1.27
1.138591307,1.28
1.141075684,1.29
1.143342087,1.3
1.145390051,1.31
1.147219167,1.32
1.148829082,1.33
1.150219502,1.34
1.151390187,1.35
1.152340956,1.36
1.153071686,1.37
1.153582309,1.38
1.153872817,1.39
1.153943257,1.4
1.153793734,1.41
1.153424411,1.42
1.152835508,1.43
1.152027302,1.44
1.151000127,1.45
1.149754374,1.46
1.148290492,1.47
1.146608986,1.48
1.144710418,1.49
1.142595406,1.5
1.140264625,1.51
1.137718807,1.52
1.134958738,1.53
1.131985261,1.54
1.128799274,1.55
1.125401732,1.56
1.121793642,1.57
1.117976068,1.58
1.113950128,1.59
1.109716992,1.6
1.105277887,1.61
1.100634091,1.62
1.095786935,1.63
1.090737805,1.64
1.085488135,1.65
1.080039414,1.66
1.074393181,1.67
1.068551026,1.68
1.062514589,1.69
1.056285561,1.7
1.04986568,1.71
1.043256736,1.72
1.036460563,1.73
1.029479047,1.74
1.022314119,1.75
1.014967755,1.76
1.007441981,1.77
0.999738864,1.78
0.991860518,1.79
0.983809102,1.8
0.975586815,1.81
0.967195902,1.82
0.958638649,1.83
0.949917382,1.84
0.94103447,1.85
0.93199232,1.86
0.922793378,1.87
0.913440131,1.88
0.903935101,1.89
0.894280847,1.9
0.884479967,1.91
0.87453509,1.92
0.864448884,1.93
0.854224047,1.94
0.843863312,1.95
0.833369443,1.96
0.822745238,1.97
0.81199352,1.98
0.801117147,1.99
0.790119003,2
0.779002,2.01
0.767769076,2.02
0.756423197,2.03
0.744967354,2.04
0.733404559,2.05
0.721737852,2.06
0.709970292,2.07
0.698104961,2.08
0.68614496,2.09
0.67409341,2.1
0.661953453,2.11
0.649728246,2.12
0.637420964,2.13
0.625034796,2.14
0.612572948,2.15
0.600038639,2.16
0.5874351,2.17
0.574765576,2.18
0.56203332,2.19
0.549241598,2.2
0.536393682,2.21
0.523492855,2.22
0.510542404,2.23
0.497545625,2.24
0.484505817,2.25
0.471426282,2.26
0.458310328,2.27
0.445161264,2.28
0.431982398,2.29
0.418777042,2.3
0.405548503,2.31
0.392300089,2.32
0.379035104,2.33
0.365756848,2.34
0.352468617,2.35
0.339173701,2.36
0.325875382,2.37
0.312576936,2.38
0.29928163,2.39
0.28599272,2.4
0.272713453,2.41
0.259447064,2.42
0.246196775,2.43
0.232965795,2.44
0.219757318,2.45
0.206574525,2.46
0.193420578,2.47
0.180298623,2.48
0.167211788,2.49
0.154163182,2.5
0.141155894,2.51
0.128192994,2.52
0.115277527,2.53
0.102412518,2.54
0.089600969,2.55
0.076845857,2.56
0.064150133,2.57
0.051516724,2.58
0.038948529,2.59
0.026448421,2.6
0.014019242,2.61
0.001663809,2.62
-0.010615095,2.63
-0.022814715,2.64
-0.034932328,2.65
-0.046965243,2.66
-0.058910802,2.67
-0.070766382,2.68
-0.082529392,2.69
-0.094197276,2.7
-0.105767517,2.71
-0.117237629,2.72
-0.128605169,2.73
-0.139867727,2.74
-0.151022932,2.75
-0.162068455,2.76
-0.173002004,2.77
-0.183821326,2.78
-0.194524211,2.79
-0.20510849,2.8
-0.215572034,2.81
-0.225912759,2.82
-0.236128621,2.83
-0.246217622,2.84
-0.256177805,2.85
-0.266007261,2.86
-0.275704122,2.87
-0.285266567,2.88
-0.294692822,2.89
-0.303981156,2.9
-0.313129887,2.91
-0.322137378,2.92
-0.331002041,2.93
-0.339722334,2.94
-0.348296763,2.95
-0.356723884,2.96
-0.365002299,2.97
-0.373130659,2.98
-0.381107667,2.99
-0.388932071,3
-0.396602672,3.01
-0.404118319,3.02
-0.411477911,3.03
-0.418680397,3.04
-0.425724776,3.05
-0.432610099,3.06
-0.439335465,3.07
-0.445900026,3.08
-0.452302983,3.09
-0.458543589,3.1
-0.464621147,3.11
-0.470535011,3.12
-0.476284585,3.13
-0.481869327,3.14
-0.487288742,3.15
-0.492542389,3.16
-0.497629876,3.17
-0.502550862,3.18
-0.507305057,3.19
-0.511892222,3.2
-0.516312168,3.21
-0.520564756,3.22
-0.524649899,3.23
-0.528567556,3.24
-0.532317741,3.25
-0.535900515,3.26
-0.539315987,3.27
-0.542564318,3.28
-0.545645718,3.29
-0.548560443,3.3
-0.5513088,3.31
-0.553891144,3.32
-0.556307876,3.33
-0.558559447,3.34
-0.560646353,3.35
-0.562569138,3.36
-0.564328393,3.37
-0.565924755,3.38
-0.567358906,3.39
-0.568631573,3.4
-0.569743529,3.41
-0.570695591,3.42
-0.57148862,3.43
-0.572123521,3.44
-0.572601241,3.45
-0.572922771,3.46
-0.573089143,3.47
-0.573101431,3.48
-0.572960751,3.49
-0.572668257,3.5
-0.572225144,3.51
-0.571632649,3.52
-0.570892044,3.53
-0.570004641,3.54
-0.56897179,3.55
-0.567794878,3.56
-0.566475326,3.57
-0.565014593,3.58
-0.563414174,3.59
-0.561675596,3.6
-0.559800421,3.61
-0.557790244,3.62
-0.555646692,3.63
-0.553371426,3.64
-0.550966134,3.65
-0.548432537,3.66
-0.545772387,3.67
-0.54298746,3.68
-0.540079566,3.69
-0.537050537,3.7
-0.533902236,3.71
-0.53063655,3.72
-0.527255391,3.73
-0.523760696,3.74
-0.520154424,3.75
-0.51643856,3.76
-0.512615109,3.77
-0.508686096,3.78
-0.504653569,3.79
-0.500519595,3.8
-0.496286259,3.81
-0.491955665,3.82
-0.487529933,3.83
-0.483011201,3.84
-0.478401622,3.85
-0.473703363,3.86
-0.468918607,3.87
-0.464049547,3.88
-0.459098393,3.89
-0.454067361,3.9
-0.448958683,3.91
-0.443774596,3.92
-0.43851735,3.93
-0.433189202,3.94
-0.427792415,3.95
-0.422329259,3.96
-0.416802012,3.97
-0.411212955,3.98
-0.405564372,3.99
-0.399858553,4
-0.394097788,4.01
-0.388284371,4.02
-0.382420594,4.03
-0.376508751,4.04
-0.370551135,4.05
-0.364550037,4.06
-0.358507745,4.07
-0.352426545,4.08
-0.346308719,4.09
-0.340156542,4.1
-0.333972286,4.11
-0.327758216,4.12
-0.321516589,4.13
-0.315249654,4.14
-0.308959653,4.15
-0.302648817,4.16
-0.296319366,4.17
-0.289973513,4.18
-0.283613454,4.19
-0.277241377,4.2
-0.270859454,4.21
-0.264469845,4.22
-0.258074695,4.23
-0.251676133,4.24
-0.245276272,4.25
-0.238877211,4.26
-0.232481028,4.27
-0.226089785,4.28
-0.219705525,4.29
-0.213330273,4.3
-0.206966033,4.31
-0.200614787,4.32
-0.194278498,4.33
-0.187959108,4.34
-0.181658534,4.35
-0.175378672,4.36
-0.169121394,4.37
-0.162888547,4.38
-0.156681957,4.39
-0.150503419,4.4
-0.144354709,4.41
-0.138237571,4.42
-0.132153726,4.43
-0.126104866,4.44
-0.120092658,4.45
-0.114118736,4.46
-0.108184711,4.47
-0.102292162,4.48
-0.096442638,4.49
-0.090637661,4.5
-0.08487872,4.51
-0.079167274,4.52
-0.073504753,4.53
-0.067892554,4.54
-0.062332041,4.55
-0.056824549,4.56
-0.051371379,4.57
-0.045973799,4.58
-0.040633045,4.59
-0.03535032,4.6
-0.030126792,4.61
-0.024963597,4.62
-0.019861836,4.63
-0.014822577,4.64
-0.009846851,4.65
-0.004935659,4.66
-9.00E-05,4.67
0.004689311,4.68
0.009401265,4.69
0.014045042,4.7
0.018619819,4.71
0.023124809,4.72
0.027559259,4.73
0.031922453,4.74
0.036213709,4.75
0.040432382,4.76
0.044577862,4.77
0.048649576,4.78
0.052646985,4.79
0.056569586,4.8
0.060416913,4.81
0.064188535,4.82
0.067884055,4.83
0.071503115,4.84
0.075045388,4.85
0.078510587,4.86
0.081898456,4.87
0.085208778,4.88
0.088441367,4.89
0.091596075,4.9
0.094672788,4.91
0.097671425,4.92
0.100591941,4.93
0.103434325,4.94
0.106198597,4.95
0.108884816,4.96
0.111493069,4.97
0.114023479,4.98
0.116476202,4.99
0.118851425,5
0.12114937,5.01
0.123370287,5.02
0.125514461,5.03
0.127582208,5.04
0.129573874,5.05
0.131489834,5.06
0.133330498,5.07
0.135096302,5.08
0.136787712,5.09
0.138405225,5.1
0.139949364,5.11
0.141420684,5.12
0.142819764,5.13
0.144147214,5.14
0.145403667,5.15
0.146589786,5.16
0.147706259,5.17
0.148753799,5.18
0.149733145,5.19
0.15064506,5.2
0.151490331,5.21
0.152269769,5.22
0.152984208,5.23
0.153634505,5.24
0.154221539,5.25
0.154746209,5.26
0.155209436,5.27
0.155612163,5.28
0.155955349,5.29
0.156239977,5.3
0.156467045,5.31
0.15663757,5.32
0.156752588,5.33
0.15681315,5.34
0.156820324,5.35
0.156775195,5.36
0.156678861,5.37
0.156532435,5.38
0.156337047,5.39
0.156093835,5.4
0.155803954,5.41
0.15546857,5.42
0.155088858,5.43
0.154666007,5.44
0.154201214,5.45
0.153695688,5.46
0.153150644,5.47
0.152567307,5.48
0.151946909,5.49
0.151290688,5.5
0.150599892,5.51
0.14987577,5.52
0.149119578,5.53
0.148332578,5.54
0.147516034,5.55
0.146671213,5.56
0.145799385,5.57
0.144901821,5.58
0.143979795,5.59
0.14303458,5.6
0.14206745,5.61
0.141079677,5.62
0.140072532,5.63
0.139047285,5.64
0.138005203,5.65
0.136947548,5.66
0.135875582,5.67
0.134790558,5.68
0.133693727,5.69
0.132586334,5.7
0.131469617,5.71
0.130344806,5.72
0.129213126,5.73
0.128075793,5.74
0.126934013,5.75
0.125788984,5.76
0.124641894,5.77
0.123493921,5.78
0.122346232,5.79
0.121199981,5.8
0.120056312,5.81
0.118916355,5.82
0.117781228,5.83
0.116652034,5.84
0.115529863,5.85
0.114415791,5.86
0.113310876,5.87
0.112216163,5.88
0.11113268,5.89
0.110061437,5.9
0.10900343,5.91
0.107959634,5.92
0.106931009,5.93
0.105918494,5.94
0.10492301,5.95
0.103945459,5.96
0.102986724,5.97
0.102047666,5.98
0.101129126,5.99
0.100231926,6
0.099356863,6.01
0.098504717,6.02
0.097676241,6.03
0.096872169,6.04
0.096093212,6.05
0.095340056,6.06
0.094613367,6.07
0.093913783,6.08
0.093241922,6.09
0.092598377,6.1
0.091983714,6.11
0.091398477,6.12
0.090843185,6.13
0.090318329,6.14
0.089824378,6.15
0.089361774,6.16
0.088930934,6.17
0.088532246,6.18
0.088166075,6.19
0.08783276,6.2
0.087532611,6.21
0.087265914,6.22
0.087032925,6.23
0.086833878,6.24
0.086668975,6.25
0.086538394,6.26
0.086442286,6.27
0.086380774,6.28
0.086353954,6.29
0.086361894,6.3
0.086404637,6.31
0.086482196,6.32
0.08659456,6.33
0.086741687,6.34
0.086923511,6.35
0.087139938,6.36
0.087390846,6.37
0.087676087,6.38
0.087995485,6.39
0.088348839,6.4
0.088735919,6.41
0.08915647,6.42
0.08961021,6.43
0.090096831,6.44
0.090615998,6.45
0.09116735,6.46
0.091750502,6.47
0.09236504,6.48
0.093010528,6.49
0.093686502,6.5
0.094392475,6.51
0.095127934,6.52
0.095892341,6.53
0.096685135,6.54
0.097505731,6.55
0.098353518,6.56
0.099227864,6.57
0.100128112,6.58
0.101053584,6.59
0.102003579,6.6
0.102977371,6.61
0.103974217,6.62
0.104993347,6.63
0.106033975,6.64
0.10709529,6.65
0.108176464,6.66
0.109276645,6.67
0.110394965,6.68
0.111530536,6.69
0.112682449,6.7
0.113849779,6.71
0.115031583,6.72
0.116226897,6.73
0.117434745,6.74
0.11865413,6.75
0.119884042,6.76
0.121123453,6.77
0.122371321,6.78
0.123626589,6.79
0.124888186,6.8
0.126155027,6.81
0.127426013,6.82
0.128700033,6.83
0.129975964,6.84
0.131252671,6.85
0.132529007,6.86
0.133803817,6.87
0.135075932,6.88
0.136344177,6.89
0.137607365,6.9
0.138864303,6.91
0.140113789,6.92
0.141354614,6.93
0.142585561,6.94
0.143805409,6.95
0.145012928,6.96
0.146206887,6.97
0.147386048,6.98
0.148549169,6.99
0.149695005,7
0.150822309,7.01
0.151929832,7.02
0.153016321,7.03
0.154080524,7.04
0.15512119,7.05
0.156137064,7.06
0.157126896,7.07
0.158089435,7.08
0.159023433,7.09
0.159927642,7.1
0.160800822,7.11
0.161641732,7.12
0.162449138,7.13
0.16322181,7.14
0.163958523,7.15
0.164658059,7.16
0.165319207,7.17
0.165940761,7.18
0.166521526,7.19
0.167060312,7.2
0.16755594,7.21
0.168007242,7.22
0.168413055,7.23
0.168772233,7.24
0.169083637,7.25
0.16934614,7.26
0.169558629,7.27
0.169720002,7.28
0.169829173,7.29
0.169885068,7.3
0.169886627,7.31
0.169832807,7.32
0.169722579,7.33
0.169554929,7.34
0.169328863,7.35
0.169043401,7.36
0.168697582,7.37
0.168290462,7.38
0.167821116,7.39
0.167288639,7.4
0.166692144,7.41
0.166030765,7.42
0.165303655,7.43
0.164509989,7.44
0.163648963,7.45
0.162719796,7.46
0.161721726,7.47
0.160654016,7.48
0.159515952,7.49
0.158306841,7.5
0.157026017,7.51
0.155672836,7.52
0.154246679,7.53
0.152746952,7.54
0.151173085,7.55
0.149524535,7.56
0.147800785,7.57
0.146001343,7.58
0.144125745,7.59
0.142173551,7.6
0.140144352,7.61
0.138037763,7.62
0.135853429,7.63
0.133591021,7.64
0.13125024,7.65
0.128830813,7.66
0.126332499,7.67
0.123755082,7.68
0.121098379,7.69
0.118362232,7.7
0.115546516,7.71
0.112651133,7.72
0.109676017,7.73
0.106621131,7.74
0.103486466,7.75
0.100272048,7.76
0.096977927,7.77
0.093604189,7.78
0.090150947,7.79
0.086618346,7.8
0.083006561,7.81
0.079315798,7.82
0.075546294,7.83
0.071698315,7.84
0.067772161,7.85
0.063768159,7.86
0.05968667,7.87
0.055528084,7.88
0.051292822,7.89
0.046981335,7.9
0.042594106,7.91
0.038131648,7.92
0.033594503,7.93
0.028983247,7.94
0.024298482,7.95
0.019540844,7.96
0.014710995,7.97
0.009809631,7.98
0.004837475,7.99
-0.000204719,8
-0.005316168,8.01
-0.010496061,8.02
-0.015743555,8.03
-0.021057781,8.04
-0.02643784,8.05
-0.031882805,8.06
-0.037391719,8.07
-0.042963601,8.08
-0.048597439,8.09
-0.054292195,8.1
-0.060046803,8.11
-0.06586017,8.12
-0.071731179,8.13
-0.077658683,8.14
-0.083641512,8.15
-0.089678469,8.16
-0.095768333,8.17
-0.101909857,8.18
-0.10810177,8.19
-0.114342776,8.2
-0.120631556,8.21
-0.126966769,8.22
-0.133347048,8.23
-0.139771006,8.24
-0.146237232,8.25
-0.152744296,8.26
-0.159290743,8.27
-0.1658751,8.28
-0.172495873,8.29
-0.179151547,8.3
-0.185840589,8.31
-0.192561446,8.32
-0.199312546,8.33
-0.206092302,8.34
-0.212899105,8.35
-0.219731332,8.36
-0.226587343,8.37
-0.233465482,8.38
-0.240364077,8.39
-0.24728144,8.4
-0.254215872,8.41
-0.261165657,8.42
-0.268129066,8.43
-0.27510436,8.44
-0.282089783,8.45
-0.289083572,8.46
-0.296083951,8.47
-0.303089132,8.48
-0.310097319,8.49
-0.317106707,8.5
-0.32411548,8.51
-0.331121816,8.52
-0.338123885,8.53
-0.345119848,8.54
-0.352107861,8.55
-0.359086075,8.56
-0.366052635,8.57
-0.373005682,8.58
-0.37994335,8.59
-0.386863774,8.6
-0.393765083,8.61
-0.400645405,8.62
-0.407502867,8.63
-0.414335593,8.64
-0.421141709,8.65
-0.42791934,8.66
-0.434666611,8.67
-0.44138165,8.68
-0.448062587,8.69
-0.454707554,8.7
-0.461314687,8.71
-0.467882124,8.72
-0.47440801,8.73
-0.480890494,8.74
-0.487327731,8.75
-0.493717881,8.76
-0.500059114,8.77
-0.506349604,8.78
-0.512587535,8.79
-0.5187711,8.8
-0.524898501,8.81
-0.530967949,8.82
-0.536977666,8.83
-0.542925886,8.84
-0.548810854,8.85
-0.554630827,8.86
-0.560384074,8.87
-0.56606888,8.88
-0.57168354,8.89
-0.577226368,8.9
-0.58269569,8.91
-0.588089848,8.92
-0.593407201,8.93
-0.598646123,8.94
-0.603805007,8.95
-0.608882263,8.96
-0.613876319,8.97
-0.618785622,8.98
-0.623608638,8.99
-0.628343853,9
-0.632989773,9.01
-0.637544925,9.02
-0.642007856,9.03
-0.646377137,9.04
-0.650651359,9.05
-0.654829137,9.06
-0.658909107,9.07
-0.662889931,9.08
-0.666770292,9.09
-0.670548901,9.1
-0.67422449,9.11
-0.677795818,9.12
-0.68126167,9.13
-0.684620855,9.14
-0.687872209,9.15
-0.691014597,9.16
-0.694046908,9.17
-0.696968058,9.18
-0.699776994,9.19
-0.702472688,9.2
-0.705054142,9.21
-0.707520385,9.22
-0.709870477,9.23
-0.712103505,9.24
-0.714218588,9.25
-0.716214873,9.26
-0.718091537,9.27
-0.719847789,9.28
-0.721482866,9.29
-0.722996039,9.3
-0.724386606,9.31
-0.725653899,9.32
-0.726797282,9.33
-0.727816148,9.34
-0.728709923,9.35
-0.729478065,9.36
-0.730120065,9.37
-0.730635444,9.38
-0.731023758,9.39
-0.731284593,9.4
-0.731417568,9.41
-0.731422337,9.42
-0.731298583,9.43
-0.731046026,9.44
-0.730664416,9.45
-0.730153536,9.46
-0.729513204,9.47
-0.728743269,9.48
-0.727843613,9.49
-0.726814154,9.5
-0.72565484,9.51
-0.724365653,9.52
-0.722946608,9.53
-0.721397753,9.54
-0.719719169,9.55
-0.71791097,9.56
-0.715973303,9.57
-0.713906348,9.58
-0.711710315,9.59
-0.709385452,9.6
-0.706932033,9.61
-0.70435037,9.62
-0.701640804,9.63
-0.698803708,9.64
-0.695839488,9.65
-0.692748582,9.66
-0.689531459,9.67
-0.68618862,9.68
-0.682720595,9.69
-0.679127948,9.7
-0.675411273,9.71
-0.671571192,9.72
-0.667608362,9.73
-0.663523465,9.74
-0.659317217,9.75
-0.654990362,9.76
-0.650543673,9.77
-0.645977952,9.78
-0.64129403,9.79
-0.636492767,9.8
-0.63157505,9.81
-0.626541796,9.82
-0.621393947,9.83
-0.616132474,9.84
-0.610758373,9.85
-0.605272669,9.86
-0.599676411,9.87
-0.593970675,9.88
-0.588156562,9.89
-0.582235199,9.9
-0.576207735,9.91
-0.570075346,9.92
-0.563839232,9.93
-0.557500614,9.94
-0.551060739,9.95
-0.544520874,9.96
-0.537882309,9.97
-0.531146358,9.98
-0.524314353,9.99
-0.517387649,10
-0.510367622,10.01
-0.503255665,10.02
-0.496053195,10.03
-0.488761644,10.04
-0.481382464,10.05
-0.473917127,10.06
-0.466367121,10.07
-0.45873395,10.08
-0.451019138,10.09
-0.443224222,10.1
-0.435350757,10.11
-0.427400311,10.12
-0.41937447,10.13
-0.411274831,10.14
-0.403103007,10.15
-0.394860623,10.16
-0.386549316,10.17
-0.378170739,10.18
-0.369726551,10.19
-0.361218427,10.2
-0.35264805,10.21
-0.344017114,10.22
-0.335327323,10.23
-0.32658039,10.24
-0.317778036,10.25
-0.30892199,10.26
-0.300013989,10.27
-0.291055776,10.28
-0.282049103,10.29
-0.272995726,10.3
-0.263897405,10.31
-0.254755909,10.32
-0.245573007,10.33
-0.236350474,10.34
-0.22709009,10.35
-0.217793634,10.36
-0.20846289,10.37
-0.199099643,10.38
-0.189705679,10.39
-0.180282786,10.4
-0.170832751,10.41
-0.161357359,10.42
-0.151858399,10.43
-0.142337654,10.44
-0.132796908,10.45
-0.123237942,10.46
-0.113662533,10.47
-0.104072456,10.48
-0.094469482,10.49
-0.084855379,10.5
-0.075231907,10.51
-0.065600824,10.52
-0.05596388,10.53
-0.046322821,10.54
-0.036679384,10.55
-0.027035302,10.56
-0.017392297,10.57
-0.007752085,10.58
0.001883626,10.59
0.011513138,10.6
0.021134763,10.61
0.03074682,10.62
0.040347642,10.63
0.049935568,10.64
0.059508952,10.65
0.069066157,10.66
0.078605559,10.67
0.088125546,10.68
0.097624518,10.69
0.107100888,10.7
0.116553083,10.71
0.125979543,10.72
0.135378723,10.73
0.144749091,10.74
0.154089131,10.75
0.16339734,10.76
0.172672234,10.77
0.181912342,10.78
0.191116209,10.79
0.200282397,10.8
0.209409486,10.81
0.21849607,10.82
0.227540763,10.83
0.236542195,10.84
0.245499014,10.85
0.254409887,10.86
0.263273497,10.87
0.272088548,10.88
0.280853761,10.89
0.289567878,10.9
0.298229658,10.91
0.306837879,10.92
0.315391343,10.93
0.323888866,10.94
0.332329288,10.95
0.340711469,10.96
0.349034286,10.97
0.35729664,10.98
0.365497452,10.99
0.373635662,11
0.381710233,11.01
0.389720149,11.02
0.397664412,11.03
0.40554205,11.04
0.41335211,11.05
0.421093659,11.06
0.428765788,11.07
0.436367609,11.08
0.443898255,11.09
0.451356882,11.1
0.458742667,11.11
0.466054807,11.12
0.473292525,11.13
0.480455062,11.14
0.487541684,11.15
0.494551677,11.16
0.501484349,11.17
0.50833903,11.18
0.515115073,11.19
0.521811852,11.2
0.528428762,11.21
0.534965222,11.22
0.541420671,11.23
0.547794569,11.24
0.5540864,11.25
0.560295668,11.26
0.566421899,11.27
0.572464639,11.28
0.578423458,11.29
0.584297944,11.3
0.590087709,11.31
0.595792384,11.32
0.601411621,11.33
0.606945093,11.34
0.612392495,11.35
0.617753539,11.36
0.623027961,11.37
0.628215515,11.38
0.633315976,11.39
0.638329136,11.4
0.64325481,11.41
0.648092832,11.42
0.652843053,11.43
0.657505344,11.44
0.662079596,11.45
0.666565718,11.46
0.670963636,11.47
0.675273296,11.48
0.679494661,11.49
0.683627712,11.5
0.687672447,11.51
0.691628883,11.52
0.695497051,11.53
0.699277001,11.54
0.7029688,11.55
0.706572529,11.56
0.710088287,11.57
0.713516187,11.58
0.71685636,11.59
0.720108948,11.6
0.723274113,11.61
0.726352028,11.62
0.729342882,11.63
0.732246877,11.64
0.73506423,11.65
0.73779517,11.66
0.74043994,11.67
0.742998797,11.68
0.745472009,11.69
0.747859856,11.7
0.750162633,11.71
0.752380642,11.72
0.7545142,11.73
0.756563635,11.74
0.758529284,11.75
0.760411495,11.76
0.762210626,11.77
0.763927046,11.78
0.765561134,11.79
0.767113275,11.8
0.768583866,11.81
0.769973311,11.82
0.771282024,11.83
0.772510424,11.84
0.773658941,11.85
0.774728011,11.86
0.775718075,11.87
0.776629584,11.88
0.777462994,11.89
0.778218767,11.9
0.77889737,11.91
0.779499278,11.92
0.780024968,11.93
0.780474923,11.94
0.780849633,11.95
0.781149589,11.96
0.781375288,11.97
0.781527228,11.98
0.781605914,11.99
0.781611852,12
0.781545551,12.01
0.781407523,12.02
0.781198282,12.03
0.780918343,12.04
0.780568224,12.05
0.780148444,12.06
0.779659523,12.07
0.779101981,12.08
0.778476341,12.09
0.777783124,12.1
0.777022852,12.11
0.776196047,12.12
0.775303229,12.13
0.77434492,12.14
0.773321639,12.15
0.772233905,12.16
0.771082234,12.17
0.769867143,12.18
0.768589144,12.19
0.767248751,12.2
0.765846471,12.21
0.764382811,12.22
0.762858277,12.23
0.761273369,12.24
0.759628585,12.25
0.757924421,12.26
0.756161368,12.27
0.754339914,12.28
0.752460543,12.29
0.750523735,12.3
0.748529967,12.31
0.74647971,12.32
0.744373431,12.33
0.742211593,12.34
0.739994655,12.35
0.73772307,12.36
0.735397285,12.37
0.733017745,12.38
0.730584886,12.39
0.728099143,12.4
0.725560942,12.41
0.722970705,12.42
0.720328849,12.43
0.717635783,12.44
0.714891913,12.45
0.712097637,12.46
0.70925335,12.47
0.706359437,12.48
0.70341628,12.49
0.700424255,12.5
0.697383729,12.51
0.694295067,12.52
0.691158625,12.53
0.687974753,12.54
0.684743796,12.55
0.681466092,12.56
0.678141973,12.57
0.674771765,12.58
0.671355787,12.59
0.667894354,12.6
0.664387771,12.61
0.660836342,12.62
0.65724036,12.63
0.653600114,12.64
0.649915889,12.65
0.64618796,12.66
0.642416599,12.67
0.638602072,12.68
0.634744638,12.69
0.63084455,12.7
0.626902058,12.71
0.622917404,12.72
0.618890825,12.73
0.614822554,12.74
0.610712817,12.75
0.606561836,12.76
0.602369827,12.77
0.598137002,12.78
0.593863568,12.79
0.589549727,12.8
0.585195677,12.81
0.580801612,12.82
0.576367719,12.83
0.571894186,12.84
0.567381191,12.85
0.562828914,12.86
0.558237526,12.87
0.553607199,12.88
0.548938098,12.89
0.544230389,12.9
0.539484231,12.91
0.534699782,12.92
0.529877197,12.93
0.52501663,12.94
0.520118231,12.95
0.515182148,12.96
0.510208529,12.97
0.505197518,12.98
0.500149258,12.99
0.495063893,13
0.489941564,13.01
0.48478241,13.02
0.479586572,13.03
0.474354189,13.04
0.469085401,13.05
0.463780347,13.06
0.458439166,13.07
0.453061998,13.08
0.447648984,13.09
0.442200265,13.1
0.436715985,13.11
0.431196287,13.12
0.425641316,13.13
0.420051221,13.14
0.41442615,13.15
0.408766256,13.16
0.403071693,13.17
0.397342618,13.18
0.39157919,13.19
0.385781573,13.2
0.379949934,13.21
0.374084443,13.22
0.368185273,13.23
0.362252604,13.24
0.356286617,13.25
0.350287501,13.26
0.344255446,13.27
0.33819065,13.28
0.332093315,13.29
0.325963649,13.3
0.319801865,13.31
0.313608183,13.32
0.307382828,13.33
0.301126031,13.34
0.294838032,13.35
0.288519075,13.36
0.282169412,13.37
0.275789302,13.38
0.269379013,13.39
0.262938819,13.4
0.256469001,13.41
0.24996985,13.42
0.243441663,13.43
0.236884749,13.44
0.230299421,13.45
0.223686003,13.46
0.217044829,13.47
0.210376241,13.48
0.203680589,13.49
0.196958233,13.5
0.190209546,13.51
0.183434905,13.52
0.176634702,13.53
0.169809335,13.54
0.162959215,13.55
0.156084763,13.56
0.14918641,13.57
0.142264596,13.58
0.135319774,13.59
0.128352407,13.6
0.12136297,13.61
0.114351947,13.62
0.107319835,13.63
0.10026714,13.64
0.093194383,13.65
0.086102094,13.66
0.078990813,13.67
0.071861096,13.68
0.064713507,13.69
0.057548623,13.7
0.050367034,13.71
0.043169339,13.72
0.035956151,13.73
0.028728094,13.74
0.021485806,13.75
0.014229935,13.76
0.00696114,13.77
-0.000319904,13.78
-0.007612515,13.79
-0.014915994,13.8
-0.022229634,13.81
-0.029552714,13.82
-0.036884501,13.83
-0.04422425,13.84
-0.051571205,13.85
-0.058924597,13.86
-0.066283646,13.87
-0.07364756,13.88
-0.081015534,13.89
-0.088386753,13.9
-0.09576039,13.91
-0.103135606,13.92
-0.11051155,13.93
-0.117887362,13.94
-0.125262168,13.95
-0.132635084,13.96
-0.140005215,13.97
-0.147371656,13.98
-0.15473349,13.99
-0.162089789,14
-0.169439616,14.01
-0.176782023,14.02
-0.184116051,14.03
-0.191440732,14.04
-0.198755088,14.05
-0.20605813,14.06
-0.213348862,14.07
-0.220626277,14.08
-0.227889359,14.09
-0.235137084,14.1
-0.242368417,14.11
-0.249582318,14.12
-0.256777735,14.13
-0.263953611,14.14
-0.271108881,14.15
-0.278242469,14.16
-0.285353296,14.17
-0.292440273,14.18
-0.299502306,14.19
-0.306538293,14.2
-0.313547128,14.21
-0.320527696,14.22
-0.327478878,14.23
-0.33439955,14.24
-0.341288581,14.25
-0.348144838,14.26
-0.35496718,14.27
-0.361754465,14.28
-0.368505545,14.29
-0.375219269,14.3
-0.381894483,14.31
-0.388530029,14.32
-0.395124749,14.33
-0.40167748,14.34
-0.408187057,14.35
-0.414652316,14.36
-0.421072088,14.37
-0.427445208,14.38
-0.433770505,14.39
-0.440046812,14.4
-0.44627296,14.41
-0.452447782,14.42
-0.45857011,14.43
-0.464638778,14.44
-0.470652624,14.45
-0.476610484,14.46
-0.482511199,14.47
-0.488353613,14.48
-0.494136572,14.49
-0.499858925,14.5
-0.505519528,14.51
-0.511117237,14.52
-0.516650917,14.53
-0.522119435,14.54
-0.527521664,14.55
-0.532856486,14.56
-0.538122785,14.57
-0.543319454,14.58
-0.548445393,14.59
-0.55349951,14.6
-0.55848072,14.61
-0.563387946,14.62
-0.568220121,14.63
-0.572976186,14.64
-0.577655093,14.65
-0.582255802,14.66
-0.586777284,14.67
-0.591218522,14.68
-0.59557851,14.69
-0.599856251,14.7
-0.604050763,14.71
-0.608161074,14.72
-0.612186226,14.73
-0.616125275,14.74
-0.619977288,14.75
-0.623741349,14.76
-0.627416553,14.77
-0.631002011,14.78
-0.634496851,14.79
-0.637900214,14.8
-0.641211258,14.81
-0.644429155,14.82
-0.647553098,14.83
-0.650582292,14.84
-0.653515962,14.85
-0.656353351,14.86
-0.659093719,14.87
-0.661736343,14.88
-0.664280522,14.89
-0.666725571,14.9
-0.669070827,14.91
-0.671315643,14.92
-0.673459397,14.93
-0.675501482,14.94
-0.677441317,14.95
-0.679278337,14.96
-0.681012002,14.97
-0.682641792,14.98
-0.684167209,14.99
-0.685587778,15
-0.686903044,15.01
-0.688112579,15.02
-0.689215973,15.03
-0.690212844,15.04
-0.69110283,15.05
-0.691885595,15.06
-0.692560826,15.07
-0.693128234,15.08
-0.693587556,15.09
-0.693938552,15.1
-0.694181008,15.11
-0.694314735,15.12
-0.694339569,15.13
-0.694255373,15.14
-0.694062032,15.15
-0.693759462,15.16
-0.693347602,15.17
-0.692826417,15.18
-0.692195899,15.19
-0.691456069,15.2
-0.69060697,15.21
-0.689648676,15.22
-0.688581286,15.23
-0.687404926,15.24
-0.686119749,15.25
-0.684725938,15.26
-0.683223698,15.27
-0.681613268,15.28
-0.679894908,15.29
-0.67806891,15.3
-0.676135593,15.31
-0.674095301,15.32
-0.671948409,15.33
-0.669695318,15.34
-0.667336456,15.35
-0.664872281,15.36
-0.662303276,15.37
-0.659629955,15.38
-0.656852855,15.39
-0.653972545,15.4
-0.65098962,15.41
-0.647904702,15.42
-0.644718441,15.43
-0.641431514,15.44
-0.638044626,15.45
-0.63455851,15.46
-0.630973923,15.47
-0.627291651,15.48
-0.623512509,15.49
-0.619637335,15.5
-0.615666995,15.51
-0.611602383,15.52
-0.607444417,15.53
-0.603194043,15.54
-0.598852231,15.55
-0.594419979,15.56
-0.58989831,15.57
-0.58528827,15.58
-0.580590934,15.59
-0.575807399,15.6
-0.570938787,15.61
-0.565986246,15.62
-0.560950948,15.63
-0.555834087,15.64
-0.550636883,15.65
-0.545360578,15.66
-0.540006436,15.67
-0.534575748,15.68
-0.529069822,15.69
-0.523489993,15.7
-0.517837615,15.71
-0.512114064,15.72
-0.506320738,15.73
-0.500459054,15.74
-0.494530453,15.75
-0.488536393,15.76
-0.482478352,15.77
-0.476357828,15.78
-0.470176339,15.79
-0.46393542,15.8
-0.457636625,15.81
-0.451281525,15.82
-0.44487171,15.83
-0.438408784,15.84
-0.43189437,15.85
-0.425330107,15.86
-0.418717648,15.87
-0.412058662,15.88
-0.405354833,15.89
-0.398607858,15.9
-0.39181945,15.91
-0.384991333,15.92
-0.378125245,15.93
-0.371222936,15.94
-0.364286168,15.95
-0.357316713,15.96
-0.350316355,15.97
-0.343286888,15.98
-0.336230117,15.99
-0.329147853,16
-0.32204192,16.01
-0.314914146,16.02
-0.30776637,16.03
-0.300600435,16.04
-0.293418194,16.05
-0.286221502,16.06
-0.279012223,16.07
-0.271792225,16.08
-0.264563379,16.09
-0.257327561,16.1
-0.250086649,16.11
-0.242842525,16.12
-0.235597073,16.13
-0.228352178,16.14
-0.221109726,16.15
-0.213871604,16.16
-0.206639696,16.17
-0.19941589,16.18
-0.192202068,16.19
-0.185000114,16.2
-0.177811906,16.21
-0.170639321,16.22
-0.163484232,16.23
-0.156348508,16.24
-0.149234011,16.25
-0.142142601,16.26
-0.135076129,16.27
-0.128036441,16.28
-0.121025376,16.29
-0.114044764,16.3
-0.107096427,16.31
-0.10018218,16.32
-0.093303825,16.33
-0.086463157,16.34
-0.07966196,16.35
-0.072902004,16.36
-0.066185051,16.37
-0.059512848,16.38
-0.052887131,16.39
-0.046309621,16.4
-0.039782025,16.41
-0.033306038,16.42
-0.026883336,16.43
-0.020515582,16.44
-0.014204423,16.45
-0.007951487,16.46
-0.001758387,16.47
0.004373283,16.48
0.010441946,16.49
0.016446046,16.5
0.022384045,16.51
0.028254424,16.52
0.034055685,16.53
0.039786353,16.54
0.045444971,16.55
0.051030105,16.56
0.056540345,16.57
0.061974301,16.58
0.067330607,16.59
0.072607923,16.6
0.07780493,16.61
0.082920335,16.62
0.087952871,16.63
0.092901294,16.64
0.097764387,16.65
0.102540961,16.66
0.107229852,16.67
0.111829922,16.68
0.116340062,16.69
0.120759191,16.7
0.125086256,16.71
0.129320231,16.72
0.133460123,16.73
0.137504963,16.74
0.141453815,16.75
0.145305772,16.76
0.149059958,16.77
0.152715527,16.78
0.156271663,16.79
0.159727583,16.8
0.163082534,16.81
0.166335795,16.82
0.169486678,16.83
0.172534526,16.84
0.175478714,16.85
0.178318651,16.86
0.18105378,16.87
0.183683573,16.88
0.18620754,16.89
0.188625222,16.9
0.190936193,16.91
0.193140063,16.92
0.195236475,16.93
0.197225106,16.94
0.199105666,16.95
0.200877903,16.96
0.202541596,16.97
0.20409656,16.98
0.205542645,16.99
0.206879734,17
0.208107748,17.01
0.209226641,17.02
0.210236401,17.03
0.211137052,17.04
0.211928654,17.05
0.2126113,17.06
0.213185119,17.07
0.213650276,17.08
0.214006969,17.09
0.214255433,17.1
0.214395935,17.11
0.214428779,17.12
0.214354304,17.13
0.214172882,17.14
2.14E-01,17.15
0.213490862,17.16
0.212991183,17.17
0.212386392,17.18
0.211677035,17.19
0.21086369,17.2
0.209946969,17.21
0.208927518,17.22
0.207806015,17.23
0.206583173,17.24
0.205259738,17.25
0.203836486,17.26
0.202314229,17.27
0.200693809,17.28
0.1989761,17.29
0.19716201,17.3
0.195252477,17.31
0.193248469,17.32
0.191150987,17.33
0.188961062,17.34
0.186679754,17.35
0.184308154,17.36
0.181847384,17.37
0.179298593,17.38
0.17666296,17.39
0.173941692,17.4
0.171136026,17.41
0.168247223,17.42
0.165276576,17.43
0.162225402,17.44
0.159095046,17.45
0.155886877,17.46
0.152602294,17.47
0.149242716,17.48
0.14580959,17.49
0.142304389,17.5
0.138728605,17.51
0.135083758,17.52
0.13137139,17.53
0.127593062,17.54
0.123750363,17.55
0.119844898,17.56
0.115878296,17.57
0.111852206,17.58
0.107768296,17.59
0.103628254,17.6
0.099433788,17.61
0.095186622,17.62
0.0908885,17.63
0.086541182,17.64
0.082146444,17.65
0.07770608,17.66
0.073221898,17.67
0.068695721,17.68
0.064129388,17.69
0.059524749,17.7
0.054883669,17.71
0.050208025,17.72
0.045499707,17.73
0.040760615,17.74
0.035992659,17.75
0.031197762,17.76
0.026377853,17.77
0.021534873,17.78
0.01667077,17.79
0.011787498,17.8
0.00688702,17.81
0.001971306,17.82
-0.002957672,17.83
-0.007897932,17.84
-0.012847491,17.85
-0.017804362,17.86
-0.022766553,17.87
-0.027732072,17.88
-0.032698922,17.89
-0.037665108,17.9
-0.042628633,17.91
-0.0475875,17.92
-0.052539712,17.93
-0.057483275,17.94
-0.062416197,17.95
-0.067336487,17.96
-0.072242158,17.97
-0.077131229,17.98
-0.082001721,17.99
-0.086851662,18
-0.091679083,18.01
-0.096482026,18.02
-0.101258538,18.03
-0.106006672,18.04
-0.110724492,18.05
-0.11541007,18.06
-0.120061488,18.07
-0.124676839,18.08
-0.129254226,18.09
-0.133791764,18.1
-0.138287579,18.11
-0.142739812,18.12
-0.147146616,18.13
-0.151506157,18.14
-0.155816619,18.15
-0.160076197,18.16
-0.164283105,18.17
-0.168435572,18.18
-0.172531844,18.19
-0.176570184,18.2
-0.180548875,18.21
-0.184466216,18.22
-0.188320527,18.23
-0.192110148,18.24
-0.195833438,18.25
-0.199488777,18.26
-0.203074566,18.27
-0.20658923,18.28
-0.210031214,18.29
-0.213398987,18.3
-0.216691041,18.31
-0.219905892,18.32
-0.22304208,18.33
-0.22609817,18.34
-0.229072753,18.35
-0.231964445,18.36
-0.234771888,18.37
-0.23749375,18.38
-0.240128729,18.39
-0.242675548,18.4
-0.245132957,18.41
-0.247499736,18.42
-0.249774695,18.43
-0.251956669,18.44
-0.254044527,18.45
-0.256037164,18.46
-0.257933508,18.47
-0.259732516,18.48
-0.261433176,18.49
-0.263034508,18.5
-0.264535562,18.51
-0.265935422,18.52
-0.267233202,18.53
-0.26842805,18.54
-0.269519145,18.55
-0.2705057,18.56
-0.271386961,18.57
-0.272162209,18.58
-0.272830755,18.59
-0.273391946,18.6
-0.273845165,18.61
-0.274189825,18.62
-0.274425378,18.63
-0.274551306,18.64
-0.274567131,18.65
-0.274472405,18.66
-0.274266717,18.67
-0.273949694,18.68
-0.273520993,18.69
-0.272980312,18.7
-0.272327379,18.71
-0.271561963,18.72
-0.270683864,18.73
-0.269692922,18.74
-0.268589009,18.75
-0.267372035,18.76
-0.266041946,18.77
-0.264598723,18.78
-0.263042383,18.79
-0.261372979,18.8
-0.259590601,18.81
-0.257695372,18.82
-0.255687453,18.83
-0.253567041,18.84
-0.251334367,18.85
-0.248989699,18.86
-0.24653334,18.87
-0.243965628,18.88
-0.241286936,18.89
-0.238497673,18.9
-0.235598283,18.91
-0.232589244,18.92
-0.22947107,18.93
-0.226244308,18.94
-0.22290954,18.95
-0.219467383,18.96
-0.215918486,18.97
-0.212263534,18.98
-0.208503243,18.99
-0.204638365,19
-0.200669683,19.01
-0.196598014,19.02
-0.192424206,19.03
-0.188149141,19.04
-0.183773732,19.05
-0.179298923,19.06
-0.17472569,19.07
-0.170055042,19.08
-0.165288014,19.09
-0.160425676,19.1
-0.155469126,19.11
-0.150419491,19.12
-0.145277928,19.13
-0.140045624,19.14
-0.134723792,19.15
-0.129313676,19.16
-0.123816546,19.17
-0.118233699,19.18
-0.112566461,19.19
-0.106816181,19.2
-0.100984238,19.21
-0.095072034,19.22
-0.089080996,19.23
-0.083012578,19.24
-0.076868257,19.25
-0.070649532,19.26
-0.064357928,19.27
-0.057994991,19.28
-0.051562291,19.29
-0.045061418,19.3
-0.038493985,19.31
-0.031861623,19.32
-0.025165987,19.33
-0.01840875,19.34
-0.011591602,19.35
-0.004716256,19.36
0.00221556,19.37
0.009202099,19.38
0.016241598,19.39
0.023332277,19.4
0.030472339,19.41
0.037659973,19.42
0.044893354,19.43
0.05217064,19.44
0.059489978,19.45
0.0668495,19.46
0.074247327,19.47
0.081681568,19.48
0.089150319,19.49
0.096651667,19.5
0.104183689,19.51
0.111744452,19.52
0.119332013,19.53
0.126944422,19.54
0.134579721,19.55
0.142235944,19.56
0.149911121,19.57
0.157603274,19.58
0.165310419,19.59
0.173030569,19.6
0.180761733,19.61
0.188501916,19.62
0.196249119,19.63
0.204001343,19.64
0.211756586,19.65
0.219512845,19.66
0.227268118,19.67
0.2350204,19.68
0.242767691,19.69
0.250507989,19.7
0.258239297,19.71
0.265959617,19.72
0.273666957,19.73
0.281359329,19.74
0.289034747,19.75
0.296691233,19.76
0.304326812,19.77
0.311939518,19.78
0.319527388,19.79
0.32708847,19.8
0.334620819,19.81
0.342122496,19.82
0.349591575,19.83
0.357026138,19.84
0.364424276,19.85
0.371784092,19.86
0.379103701,19.87
0.386381228,19.88
0.393614813,19.89
0.400802607,19.9
0.407942775,19.91
0.415033496,19.92
0.422072964,19.93
0.429059389,19.94
0.435990993,19.95
0.442866019,19.96
0.449682724,19.97
0.456439381,19.98
0.463134283,19.99
0.46976574,20
0.47633208,20.01
0.482831652,20.02
0.489262822,20.03
0.495623978,20.04
0.501913527,20.05
0.508129897,20.06
0.514271538,20.07
0.520336922,20.08
0.526324542,20.09
0.532232914,20.1
0.538060576,20.11
0.543806091,20.12
0.549468044,20.13
0.555045047,20.14
0.560535732,20.15
0.565938759,20.16
0.571252813,20.17
0.576476602,20.18
0.581608863,20.19
0.586648358,20.2
0.591593873,20.21
0.596444225,20.22
0.601198255,20.23
0.605854832,20.24
0.610412853,20.25
0.614871243,20.26
0.619228954,20.27
0.623484968,20.28
0.627638294,20.29
0.631687971,20.3
0.635633067,20.31
0.639472678,20.32
0.643205931,20.33
0.646831982,20.34
0.650350017,20.35
0.653759251,20.36
0.65705893,20.37
0.660248331,20.38
0.663326761,20.39
0.666293555,20.4
0.669148083,20.41
0.671889744,20.42
0.674517965,20.43
0.677032209,20.44
0.679431967,20.45
0.681716762,20.46
0.683886146,20.47
0.685939706,20.48
0.687877058,20.49
0.689697849,20.5
0.691401759,20.51
0.692988497,20.52
0.694457805,20.53
0.695809456,20.54
0.697043253,20.55
0.698159033,20.56
0.699156661,20.57
0.700036036,20.58
0.700797085,20.59
0.701439769,20.6
0.701964078,20.61
0.702370033,20.62
0.702657686,20.63
0.702827121,20.64
0.702878449,20.65
0.702811816,20.66
0.702627394,20.67
0.702325387,20.68
0.70190603,20.69
0.701369584,20.7
0.700716344,20.71
0.699946632,20.72
0.699060799,20.73
0.698059225,20.74
0.69694232,20.75
0.695710522,20.76
0.694364297,20.77
0.69290414,20.78
0.691330571,20.79
0.689644141,20.8
0.687845426,20.81
0.685935031,20.82
0.683913587,20.83
0.68178175,20.84
0.679540204,20.85
0.677189658,20.86
0.674730848,20.87
0.672164533,20.88
0.669491498,20.89
0.666712554,20.9
0.663828534,20.91
0.660840297,20.92
0.657748723,20.93
0.654554718,20.94
0.65125921,20.95
0.647863148,20.96
0.644367506,20.97
0.640773276,20.98
0.637081476,20.99
0.63329314,21
0.629409327,21.01
0.625431114,21.02
0.621359598,21.03
0.617195895,21.04
0.61294114,21.05
0.608596489,21.06
0.604163112,21.07
0.5996422,21.08
0.59503496,21.09
0.590342615,21.1
0.585566407,21.11
0.580707591,21.12
0.575767439,21.13
0.570747238,21.14
0.565648289,21.15
0.560471908,21.16
0.555219424,21.17
0.549892179,21.18
0.544491529,21.19
0.539018842,21.2
0.533475496,21.21
0.527862882,21.22
0.522182402,21.23
0.516435468,21.24
0.510623502,21.25
0.504747934,21.26
0.498810207,21.27
0.492811767,21.28
0.486754073,21.29
0.480638589,21.3
0.474466786,21.31
0.468240142,21.32
0.461960143,21.33
0.455628276,21.34
0.449246038,21.35
0.442814929,21.36
0.436336451,21.37
0.429812114,21.38
0.423243427,21.39
0.416631904,21.4
0.409979061,21.41
0.403286417,21.42
0.396555489,21.43
0.389787799,21.44
0.382984866,21.45
0.376148211,21.46
0.369279354,21.47
0.362379814,21.48
0.355451107,21.49
0.348494751,21.5
0.341512257,21.51
0.334505137,21.52
0.327474897,21.53
0.320423041,21.54
0.313351069,21.55
0.306260476,21.56
0.299152751,21.57
0.292029379,21.58
0.284891838,21.59
0.277741601,21.6
0.270580135,21.61
0.263408896,21.62
0.256229337,21.63
0.249042901,21.64
0.241851022,21.65
0.234655128,21.66
0.227456635,21.67
0.220256951,21.68
0.213057474,21.69
0.205859591,21.7
0.198664681,21.71
0.191474108,21.72
0.184289229,21.73
0.177111385,21.74
0.169941909,21.75
0.16278212,21.76
0.155633323,21.77
0.148496812,21.78
0.141373867,21.79
0.134265755,21.8
0.127173728,21.81
0.120099024,21.82
0.113042867,21.83
0.106006466,21.84
0.098991014,21.85
0.09199769,21.86
0.085027658,21.87
0.078082063,21.88
0.071162037,21.89
0.064268693,21.9
0.057403131,21.91
0.05056643,21.92
0.043759655,21.93
0.036983852,21.94
0.03024005,21.95
0.02352926,21.96
0.016852476,21.97
0.010210672,21.98
0.003604806,21.99
-0.002964183,22
-0.009495376,22.01
-0.015987872,22.02
-0.022440789,22.03
-0.028853263,22.04
-0.035224451,22.05
-0.041553528,22.06
-0.047839689,22.07
-0.054082149,22.08
-0.060280142,22.09
-0.066432922,22.1
-0.072539762,22.11
-0.078599957,22.12
-0.08461282,22.13
-0.090577686,22.14
-0.096493908,22.15
-0.10236086,22.16
-0.108177938,22.17
-0.113944556,22.18
-0.119660149,22.19
-0.125324173,22.2
-0.130936103,22.21
-0.136495435,22.22
-0.142001687,22.23
-0.147454395,22.24
-0.152853116,22.25
-0.158197427,22.26
-0.163486927,22.27
-0.168721234,22.28
-0.173899986,22.29
-0.17902284,22.3
-0.184089477,22.31
-0.189099593,22.32
-0.194052908,22.33
-0.19894916,22.34
-0.203788107,22.35
-0.208569527,22.36
-0.213293216,22.37
-0.217958993,22.38
-0.222566693,22.39
-0.227116171,22.4
-0.231607303,22.41
-0.236039981,22.42
-0.240414119,22.43
-0.244729646,22.44
-0.248986514,22.45
-0.25318469,22.46
-0.257324161,22.47
-0.26140493,22.48
-0.26542702,22.49
-0.269390472,22.5
-0.273295342,22.51
-0.277141706,22.52
-0.280929655,22.53
-0.284659299,22.54
-0.288330762,22.55
-0.291944188,22.56
-0.295499735,22.57
-0.298997578,22.58
-0.302437906,22.59
-0.305820926,22.6
-0.309146859,22.61
-0.312415942,22.62
-0.315628427,22.63
-0.318784579,22.64
-0.321884679,22.65
-0.324929022,22.66
-0.327917917,22.67
-0.330851685,22.68
-0.333730662,22.69
-0.336555197,22.7
-0.339325651,22.71
-0.342042399,22.72
-0.344705826,22.73
-0.347316331,22.74
-0.349874323,22.75
-0.352380225,22.76
-0.354834467,22.77
-0.357237494,22.78
-0.35958976,22.79
-0.361891728,22.8
-0.364143871,22.81
-0.366346674,22.82
-0.36850063,22.83
-0.370606239,22.84
-0.372664013,22.85
-0.37467447,22.86
-0.376638137,22.87
-0.378555549,22.88
-0.380427247,22.89
-0.382253782,22.9
-0.384035709,22.91
-0.385773591,22.92
-0.387467996,22.93
-0.3891195,22.94
-0.390728681,22.95
-0.392296126,22.96
-0.393822426,22.97
-0.395308174,22.98
-0.39675397,22.99
-0.398160417,23
-0.399528123,23.01
-0.400857697,23.02
-0.402149752,23.03
-0.403404905,23.04
-0.404623774,23.05
-0.405806978,23.06
-0.406955141,23.07
-0.408068886,23.08
-0.409148837,23.09
-0.410195621,23.1
-0.411209863,23.11
-0.412192191,23.12
-0.413143229,23.13
-0.414063605,23.14
-0.414953944,23.15
-0.41581487,23.16
-0.416647006,23.17
-0.417450974,23.18
-0.418227394,23.19
-0.418976883,23.2
-0.419700057,23.21
-0.420397529,23.22
-0.421069908,23.23
-0.4217178,23.24
-0.42234181,23.25
-0.422942535,23.26
-0.423520571,23.27
-0.42407651,23.28
-0.424610937,23.29
-0.425124434,23.3
-0.425617579,23.31
-0.426090941,23.32
-0.426545087,23.33
-0.426980577,23.34
-0.427397965,23.35
-0.427797798,23.36
-0.428180618,23.37
-0.42854696,23.38
-0.428897351,23.39
-0.429232312,23.4
-0.429552355,23.41
-0.429857988,23.42
-0.430149708,23.43
-0.430428004,23.44
-0.430693359,23.45
-0.430946247,23.46
-0.431187133,23.47
-0.431416472,23.48
-0.431634714,23.49
-0.431842296,23.5
-0.432039649,23.51
-0.432227192,23.52
-0.432405336,23.53
-0.432574482,23.54
-0.432735022,23.55
-0.432887337,23.56
-0.433031798,23.57
-0.433168767,23.58
-0.433298595,23.59
-0.433421622,23.6
-0.433538179,23.61
-0.433648584,23.62
-0.433753148,23.63
-0.433852167,23.64
-0.43394593,23.65
-0.434034711,23.66
-0.434118777,23.67
-0.434198381,23.68
-0.434273766,23.69
-0.434345163,23.7
-0.434412794,23.71
-0.434476866,23.72
-0.434537577,23.73
-0.434595113,23.74
-0.434649649,23.75
-0.434701348,23.76
-0.434750361,23.77
-0.434796829,23.78
-0.434840879,23.79
-0.434882629,23.8
-0.434922184,23.81
-0.434959637,23.82
-0.434995072,23.83
-0.435028557,23.84
-0.435060153,23.85
-0.435089907,23.86
-0.435117856,23.87
-0.435144023,23.88
-0.435168422,23.89
-0.435191056,23.9
-0.435211914,23.91
-0.435230977,23.92
-0.435248211,23.93
-0.435263576,23.94
-0.435277016,23.95
-0.435288466,23.96
-0.435297852,23.97
-0.435305085,23.98
-0.435310069,23.99
-0.435312696,24
-0.435312848,24.01
-0.435310395,24.02
-0.435305198,24.03
-0.435297107,24.04
-0.435285964,24.05
-0.435271598,24.06
-0.435253831,24.07
-0.435232472,24.08
-0.435207324,24.09
-0.435178179,24.1
-0.435144818,24.11
-0.435107016,24.12
-0.435064537,24.13
-0.435017136,24.14
-0.43496456,24.15
-0.434906548,24.16
-0.434842829,24.17
-0.434773126,24.18
-0.434697151,24.19
-0.434614611,24.2
-0.434525203,24.21
-0.434428619,24.22
-0.434324542,24.23
-0.434212647,24.24
-0.434092605,24.25
-0.433964076,24.26
-0.433826718,24.27
-0.43368018,24.28
-0.433524104,24.29
-0.433358129,24.3
-0.433181885,24.31
-0.432994999,24.32
-0.432797092,24.33
-0.432587778,24.34
-0.432366668,24.35
-0.432133369,24.36
-0.431887482,24.37
-0.431628602,24.38
-0.431356325,24.39
-0.431070238,24.4
-0.430769927,24.41
-0.430454974,24.42
-0.430124959,24.43
-0.429779456,24.44
-0.42941804,24.45
-0.429040281,24.46
-0.428645748,24.47
-0.428234007,24.48
-0.427804622,24.49
-0.427357158,24.5
-0.426891174,24.51
-0.426406233,24.52
-0.425901894,24.53
-0.425377715,24.54
-0.424833256,24.55
-0.424268075,24.56
-0.42368173,24.57
-0.423073781,24.58
-0.422443787,24.59
-0.421791307,24.6
-0.421115902,24.61
-0.420417135,24.62
-0.41969457,24.63
-0.418947772,24.64
-0.418176307,24.65
-0.417379746,24.66
-0.416557659,24.67
-0.415709622,24.68
-0.41483521,24.69
-0.413934004,24.7
-0.413005587,24.71
-0.412049546,24.72
-0.411065471,24.73
-0.410052956,24.74
-0.409011599,24.75
-0.407941004,24.76
-0.406840776,24.77
-0.405710529,24.78
-0.404549878,24.79
-0.403358446,24.8
-0.40213586,24.81
-0.400881752,24.82
-0.399595762,24.83
-0.398277533,24.84
-0.396926717,24.85
-0.395542969,24.86
-0.394125955,24.87
-0.392675343,24.88
-0.39119081,24.89
-0.389672041,24.9
-0.388118728,24.91
-0.386530568,24.92
-0.384907268,24.93
-0.383248541,24.94
-0.381554111,24.95
-0.379823707,24.96
-0.378057066,24.97
-0.376253937,24.98
-0.374414073,24.99
-0.372537239,25
-0.370623207,25.01
-0.36867176,25.02
-0.366682687,25.03
-0.364655788,25.04
-0.362590874,25.05
-0.360487763,25.06
-0.358346284,25.07
-0.356166274,25.08
-0.353947583,25.09
-0.351690067,25.1
-0.349393596,25.11
-0.347058048,25.12
-0.34468331,25.13
-0.342269284,25.14
-0.339815877,25.15
-0.33732301,25.16
-0.334790614,25.17
-0.33221863,25.18
-0.329607011,25.19
-0.32695572,25.2
-0.324264731,25.21
-0.321534029,25.22
-0.318763611,25.23
-0.315953483,25.24
-0.313103664,25.25
-0.310214185,25.26
-0.307285085,25.27
-0.304316419,25.28
-0.301308248,25.29
-0.298260649,25.3
-0.295173707,25.31
-0.292047521,25.32
-0.288882201,25.33
-0.285677866,25.34
-0.282434649,25.35
-0.279152695,25.36
-0.275832157,25.37
-0.272473204,25.38
-0.269076012,25.39
-0.265640773,25.4
-0.262167686,25.41
-0.258656964,25.42
-0.255108832,25.43
-0.251523523,25.44
-0.247901286,25.45
-0.244242377,25.46
-0.240547067,25.47
-0.236815634,25.48
-0.233048372,25.49
-0.229245581,25.5
-0.225407577,25.51
-0.221534683,25.52
-0.217627235,25.53
-0.21368558,25.54
-0.209710075,25.55
-0.205701088,25.56
-0.201658997,25.57
-0.197584191,25.58
-0.193477071,25.59
-0.189338046,25.6
-0.185167536,25.61
-0.180965972,25.62
-0.176733795,25.63
-0.172471454,25.64
-0.16817941,25.65
-0.163858133,25.66
-0.159508104,25.67
-0.155129811,25.68
-0.150723753,25.69
-0.146290437,25.7
-0.141830382,25.71
-0.137344113,25.72
-0.132832166,25.73
-0.128295083,25.74
-0.123733417,25.75
-0.11914773,25.76
-0.11453859,25.77
-0.109906575,25.78
-0.105252269,25.79
-0.100576267,25.8
-0.095879169,25.81
-0.091161583,25.82
-0.086424126,25.83
-0.08166742,25.84
-0.076892096,25.85
-0.072098791,25.86
-0.067288148,25.87
-0.062460817,25.88
-0.057617456,25.89
-0.052758727,25.9
-0.047885299,25.91
-0.042997847,25.92
-0.038097051,25.93
-0.033183597,25.94
-0.028258176,25.95
-0.023321485,25.96
-0.018374223,25.97
-0.013417098,25.98
-0.008450819,25.99
-0.003476102,26
0.001506336,26.01
0.00649577,26.02
0.011491476,26.03
0.016492722,26.04
0.021498776,26.05
0.026508901,26.06
0.031522357,26.07
0.036538403,26.08
0.041556293,26.09
0.04657528,26.1
0.051594616,26.11
0.05661355,26.12
0.061631327,26.13
0.066647195,26.14
0.071660398,26.15
0.076670178,26.16
0.081675778,26.17
0.086676439,26.18
0.091671404,26.19
0.096659913,26.2
0.101641206,26.21
0.106614525,26.22
0.11157911,26.23
0.116534205,26.24
0.12147905,26.25
0.126412891,26.26
0.131334971,26.27
0.136244536,26.28
0.141140835,26.29
0.146023116,26.3
0.150890631,26.31
0.155742634,26.32
0.16057838,26.33
0.165397127,26.34
0.170198137,26.35
0.174980675,26.36
0.179744006,26.37
0.184487403,26.38
0.189210138,26.39
0.193911491,26.4
0.198590742,26.41
0.203247178,26.42
0.207880089,26.43
0.21248877,26.44
0.217072519,26.45
0.221630642,26.46
0.226162447,26.47
0.230667249,26.48
0.235144368,26.49
0.239593128,26.5
0.244012862,26.51
0.248402906,26.52
0.252762602,26.53
0.257091302,26.54
0.261388359,26.55
0.265653136,26.56
0.269885003,26.57
0.274083335,26.58
0.278247514,26.59
0.282376932,26.6
0.286470986,26.61
0.290529079,26.62
0.294550626,26.63
0.298535045,26.64
0.302481766,26.65
0.306390225,26.66
0.310259866,26.67
0.314090142,26.68
0.317880514,26.69
0.321630452,26.7
0.325339435,26.71
0.32900695,26.72
0.332632493,26.73
0.336215569,26.74
0.339755695,26.75
0.343252392,26.76
0.346705195,26.77
0.350113646,26.78
0.353477298,26.79
0.356795712,26.8
0.360068461,26.81
0.363295127,26.82
0.366475301,26.83
0.369608585,26.84
0.372694591,26.85
0.375732942,26.86
0.378723269,26.87
0.381665217,26.88
0.384558438,26.89
0.387402596,26.9
0.390197367,26.91
0.392942434,26.92
0.395637495,26.93
0.398282255,26.94
0.400876433,26.95
0.403419757,26.96
0.405911966,26.97
0.40835281,26.98
0.410742051,26.99
0.413079462,27
0.415364825,27.01
0.417597935,27.02
0.419778598,27.03
0.42190663,27.04
0.423981861,27.05
0.426004128,27.06
0.427973283,27.07
0.429889186,27.08
0.431751712,27.09
0.433560744,27.1
0.435316178,27.11
0.437017919,27.12
0.438665887,27.13
0.440260009,27.14
0.441800227,27.15
0.443286492,27.16
0.444718767,27.17
0.446097025,27.18
0.447421251,27.19
0.448691442,27.2
0.449907606,27.21
0.451069759,27.22
0.452177932,27.23
0.453232165,27.24
0.454232509,27.25
0.455179027,27.26
0.456071792,27.27
0.456910887,27.28
0.457696407,27.29
0.458428457,27.3
0.459107155,27.31
0.459732625,27.32
0.460305006,27.33
0.460824445,27.34
0.461291101,27.35
0.461705141,27.36
0.462066745,27.37
0.4623761,27.38
0.462633408,27.39
0.462838875,27.4
0.462992722,27.41
0.463095177,27.42
0.463146479,27.43
0.463146876,27.44
0.463096626,27.45
0.462995997,27.46
0.462845266,27.47
0.462644719,27.48
0.462394651,27.49
0.462095367,27.5
0.46174718,27.51
0.461350413,27.52
0.460905398,27.53
0.460412474,27.54
0.45987199,27.55
0.459284303,27.56
0.458649778,27.57
0.45796879,27.58
0.457241719,27.59
0.456468956,27.6
0.455650899,27.61
0.454787952,27.62
0.45388053,27.63
0.452929051,27.64
0.451933946,27.65
0.450895648,27.66
0.449814599,27.67
0.448691251,27.68
0.447526057,27.69
0.446319483,27.7
0.445071995,27.71
0.443784072,27.72
0.442456195,27.73
0.441088853,27.74
0.439682539,27.75
0.438237755,27.76
0.436755006,27.77
0.435234804,27.78
0.433677666,27.79
0.432084115,27.8
0.430454679,27.81
0.42878989,27.82
0.427090286,27.83
0.425356408,27.84
0.423588805,27.85
0.421788027,27.86
0.41995463,27.87
0.418089174,27.88
0.416192222,27.89
0.414264343,27.9
0.412306107,27.91
0.410318089,27.92
0.408300868,27.93
0.406255025,27.94
0.404181145,27.95
0.402079815,27.96
0.399951626,27.97
0.39779717,27.98
0.395617043,27.99
0.393411843,28
0.39118217,28.01
0.388928624,28.02
0.386651812,28.03
0.384352337,28.04
0.382030808,28.05
0.379687832,28.06
0.37732402,28.07
0.374939982,28.08
0.372536331,28.09
0.370113679,28.1
0.36767264,28.11
0.365213828,28.12
0.362737857,28.13
0.360245341,28.14
0.357736896,28.15
0.355213135,28.16
0.352674675,28.17
0.350122127,28.18
0.347556107,28.19
0.344977227,28.2
0.342386099,28.21
0.339783334,28.22
0.337169543,28.23
0.334545335,28.24
0.331911317,28.25
0.329268095,28.26
0.326616275,28.27
0.323956458,28.28
0.321289246,28.29
0.318615238,28.3
0.31593503,28.31
0.313249216,28.32
0.31055839,28.33
0.30786314,28.34
0.305164053,28.35
0.302461714,28.36
0.299756702,28.37
0.297049598,28.38
0.294340974,28.39
0.291631403,28.4
0.288921453,28.41
0.286211688,28.42
0.28350267,28.43
0.280794955,28.44
0.278089097,28.45
0.275385645,28.46
0.272685145,28.47
0.269988136,28.48
0.267295157,28.49
0.264606738,28.5
0.261923407,28.51
0.259245688,28.52
0.256574098,28.53
0.253909151,28.54
0.251251354,28.55
0.248601212,28.56
0.245959222,28.57
0.243325877,28.58
0.240701665,28.59
0.238087067,28.6
0.235482559,28.61
0.232888614,28.62
0.230305695,28.63
0.227734262,28.64
0.225174769,28.65
0.222627662,28.66
0.220093384,28.67
0.217572368,28.68
0.215065046,28.69
0.212571838,28.7
0.210093162,28.71
0.207629427,28.72
0.205181036,28.73
0.202748388,28.74
0.200331871,28.75
0.197931869,28.76
0.195548758,28.77
0.19318291,28.78
0.190834686,28.79
0.188504443,28.8
0.186192529,28.81
0.183899286,28.82
0.18162505,28.83
0.179370147,28.84
0.177134899,28.85
0.174919617,28.86
0.172724608,28.87
0.170550171,28.88
0.168396596,28.89
0.166264166,28.9
0.164153158,28.91
0.162063841,28.92
0.159996474,28.93
0.157951312,28.94
0.1559286,28.95
0.153928576,28.96
0.15195147,28.97
0.149997505,28.98
0.148066896,28.99
0.14615985,29
0.144276566,29.01
0.142417235,29.02
0.140582042,29.03
0.138771161,29.04
0.136984762,29.05
0.135223003,29.06
0.133486037,29.07
0.131774008,29.08
0.130087052,29.09
0.128425299,29.1
0.126788867,29.11
0.12517787,29.12
0.123592413,29.13
0.122032591,29.14
0.120498494,29.15
0.118990202,29.16
0.117507789,29.17
0.116051318,29.18
0.114620848,29.19
0.113216428,29.2
0.111838097,29.21
0.110485891,29.22
0.109159834,29.23
0.107859944,29.24
0.106586231,29.25
0.105338696,29.26
0.104117335,29.27
0.102922132,29.28
0.101753068,29.29
0.100610113,29.3
0.099493229,29.31
0.098402373,29.32
0.097337493,29.33
0.096298529,29.34
0.095285413,29.35
0.09429807,29.36
0.093336419,29.37
0.092400369,29.38
0.091489823,29.39
0.090604677,29.4
0.089744818,29.41
0.088910126,29.42
0.088100476,29.43
0.087315733,29.44
0.086555756,29.45
0.085820397,29.46
0.0851095,29.47
0.084422904,29.48
0.083760438,29.49
0.083121926,29.5
0.082507185,29.51
0.081916025,29.52
0.081348248,29.53
0.080803652,29.54
0.080282026,29.55
0.079783153,29.56
0.079306809,29.57
0.078852765,29.58
0.078420785,29.59
0.078010624,29.6
0.077622035,29.61
0.077254761,29.62
0.076908542,29.63
0.07658311,29.64
0.076278191,29.65
0.075993506,29.66
0.075728768,29.67
0.075483687,29.68
0.075257966,29.69
0.075051302,29.7
0.074863386,29.71
0.074693904,29.72
0.074542538,29.73
0.074408962,29.74
0.074292846,29.75
0.074193855,29.76
0.074111649,29.77
0.074045883,29.78
0.073996205,29.79
0.07396226,29.8
0.073943689,29.81
0.073940125,29.82
0.073951201,29.83
0.073976542,29.84
0.074015769,29.85
0.074068499,29.86
0.074134345,29.87
0.074212916,29.88
0.074303816,29.89
0.074406646,29.9
0.074521001,29.91
0.074646476,29.92
0.074782658,29.93
0.074929132,29.94
0.075085482,29.95
0.075251284,29.96
0.075426113,29.97
0.075609542,29.98
0.075801138,29.99
0.076000466,30
0.07620709,30.01
0.076420568,30.02
0.076640457,30.03
0.076866311,30.04
0.077097681,30.05
0.077334116,30.06
0.077575162,30.07
0.077820364,30.08
0.078069263,30.09
0.078321399,30.1
0.07857631,30.11
0.078833532,30.12
0.079092599,30.13
0.079353043,30.14
0.079614396,30.15
0.079876186,30.16
0.080137942,30.17
0.08039919,30.18
0.080659456,30.19
0.080918265,30.2
0.081175139,30.21
0.081429602,30.22
0.081681176,30.23
0.081929381,30.24
0.082173739,30.25
0.08241377,30.26
0.082648994,30.27
0.082878931,30.28
0.0831031,30.29
0.08332102,30.3
0.083532213,30.31
0.083736197,30.32
0.083932494,30.33
0.084120623,30.34
0.084300106,30.35
0.084470464,30.36
0.084631222,30.37
0.084781901,30.38
0.084922026,30.39
0.085051123,30.4
0.085168719,30.41
0.085274341,30.42
0.085367518,30.43
0.085447782,30.44
0.085514665,30.45
0.085567701,30.46
0.085606425,30.47
0.085630377,30.48
0.085639094,30.49
0.085632121,30.5
0.085609,30.51
0.085569278,30.52
0.085512504,30.53
0.08543823,30.54
0.08534601,30.55
0.0852354,30.56
0.085105962,30.57
0.084957256,30.58
0.08478885,30.59
0.084600311,30.6
0.084391213,30.61
0.084161131,30.62
0.083909644,30.63
0.083636334,30.64
0.083340789,30.65
0.083022597,30.66
0.082681354,30.67
0.082316656,30.68
0.081928106,30.69
0.081515311,30.7
0.08107788,30.71
0.080615428,30.72
0.080127575,30.73
0.079613945,30.74
0.079074165,30.75
0.078507869,30.76
0.077914695,30.77
0.077294286,30.78
0.076646291,30.79
0.075970361,30.8
0.075266155,30.81
0.074533338,30.82
0.073771577,30.83
0.072980547,30.84
0.072159928,30.85
0.071309407,30.86
0.070428673,30.87
0.069517425,30.88
0.068575364,30.89
0.067602201,30.9
0.066597651,30.91
0.065561434,30.92
0.064493277,30.93
0.063392916,30.94
0.062260089,30.95
0.061094544,30.96
0.059896033,30.97
0.058664316,30.98
0.057399159,30.99
0.056100336,31
0.054767626,31.01
0.053400817,31.02
0.051999702,31.03
0.050564082,31.04
0.049093764,31.05
0.047588564,31.06
0.046048305,31.07
0.044472816,31.08
0.042861933,31.09
0.041215501,31.1
0.039533372,31.11
0.037815405,31.12
0.036061468,31.13
0.034271435,31.14
0.032445187,31.15
0.030582616,31.16
0.028683619,31.17
0.026748101,31.18
0.024775977,31.19
0.022767167,31.2
0.020721602,31.21
0.018639219,31.22
0.016519963,31.23
0.014363789,31.24
0.012170658,31.25
0.00994054,31.26
0.007673415,31.27
0.005369267,31.28
0.003028093,31.29
0.000649896,31.3
-0.001765313,31.31
-0.004217513,31.32
-0.006706677,31.33
-0.009232766,31.34
-0.011795737,31.35
-0.014395534,31.36
-0.017032095,31.37
-0.01970535,31.38
-0.022415219,31.39
-0.025161613,31.4
-0.027944437,31.41
-0.030763584,31.42
-0.033618941,31.43
-0.036510385,31.44
-0.039437785,31.45
-0.042401002,31.46
-0.045399887,31.47
-0.048434282,31.48
-0.051504022,31.49
-0.054608934,31.5
-0.057748832,31.51
-0.060923527,31.52
-0.064132818,31.53
-0.067376495,31.54
-0.070654342,31.55
-0.073966133,31.56
-0.077311631,31.57
-0.080690596,31.58
-0.084102773,31.59
-0.087547904,31.6
-0.09102572,31.61
-0.094535942,31.62
-0.098078286,31.63
-0.101652456,31.64
-0.105258151,31.65
-0.108895059,31.66
-0.112562861,31.67
-0.11626123,31.68
-0.119989828,31.69
-0.123748312,31.7
-0.127536329,31.71
-0.13135352,31.72
-0.135199514,31.73
-0.139073935,31.74
-0.142976399,31.75
-0.146906512,31.76
-0.150863874,31.77
-0.154848075,31.78
-0.1588587,31.79
-0.162895324,31.8
-0.166957515,31.81
-0.171044833,31.82
-0.175156831,31.83
-0.179293054,31.84
-0.18345304,31.85
-0.187636319,31.86
-0.191842414,31.87
-0.196070839,31.88
-0.200321105,31.89
-0.204592712,31.9
-0.208885153,31.91
-0.213197918,31.92
-0.217530484,31.93
-0.221882327,31.94
-0.226252912,31.95
-0.230641699,31.96
-0.235048143,31.97
-0.239471689,31.98
-0.243911779,31.99
-0.248367846,32
-0.252839318,32.01
-0.257325617,32.02
-0.261826158,32.03
-0.266340352,32.04
-0.270867601,32.05
-0.275407304,32.06
-0.279958854,32.07
-0.284521636,32.08
-0.289095033,32.09
-0.29367842,32.1
-0.298271167,32.11
-0.30287264,32.12
-0.3074822,32.13
-0.312099202,32.14
-0.316722996,32.15
-0.321352928,32.16
-0.32598834,32.17
-0.330628567,32.18
-0.335272943,32.19
-0.339920795,32.2
-0.344571447,32.21
-0.349224219,32.22
-0.353878426,32.23
-0.358533382,32.24
-0.363188392,32.25
-0.367842764,32.26
-0.372495797,32.27
-0.37714679,32.28
-0.381795038,32.29
-0.386439831,32.3
-0.391080459,32.31
-0.395716208,32.32
-0.400346361,32.33
-0.404970198,32.34
-0.409586997,32.35
-0.414196034,32.36
-0.418796583,32.37
-0.423387916,32.38
-0.427969301,32.39
-0.432540007,32.4
-0.4370993,32.41
-0.441646445,32.42
-0.446180704,32.43
-0.45070134,32.44
-0.455207614,32.45
-0.459698785,32.46
-0.464174113,32.47
-0.468632855,32.48
-0.47307427,32.49
-0.477497615,32.5
-0.481902146,32.51
-0.486287122,32.52
-0.490651797,32.53
-0.494995429,32.54
-0.499317276,32.55
-0.503616594,32.56
-0.507892643,32.57
-0.512144679,32.58
-0.516371964,32.59
-0.520573756,32.6
-0.524749319,32.61
-0.528897913,32.62
-0.533018804,32.63
-0.537111257,32.64
-0.541174539,32.65
-0.545207918,32.66
-0.549210667,32.67
-0.553182056,32.68
-0.557121362,32.69
-0.561027861,32.7
-0.564900834,32.71
-0.568739562,32.72
-0.572543331,32.73
-0.576311428,32.74
-0.580043144,32.75
-0.583737773,32.76
-0.587394613,32.77
-0.591012963,32.78
-0.594592128,32.79
-0.598131416,32.8
-0.601630138,32.81
-0.605087609,32.82
-0.608503148,32.83
-0.61187608,32.84
-0.615205732,32.85
-0.618491436,32.86
-0.621732529,32.87
-0.624928353,32.88
-0.628078253,32.89
-0.631181581,32.9
-0.634237693,32.91
-0.637245951,32.92
-0.64020572,32.93
-0.643116372,32.94
-0.645977286,32.95
-0.648787844,32.96
-0.651547436,32.97
-0.654255455,32.98
-0.656911302,32.99
-0.659514384,33
-0.662064114,33.01
-0.664559912,33.02
-0.667001202,33.03
-0.669387417,33.04
-0.671717995,33.05
-0.673992383,33.06
-0.676210032,33.07
-0.678370401,33.08
-0.680472957,33.09
-0.682517172,33.1
-0.684502529,33.11
-0.686428513,33.12
-0.688294622,33.13
-0.690100356,33.14
-0.691845228,33.15
-0.693528754,33.16
-0.695150461,33.17
-0.696709883,33.18
-0.69820656,33.19
-0.699640043,33.2
-0.701009889,33.21
-0.702315664,33.22
-0.703556942,33.23
-0.704733306,33.24
-0.705844347,33.25
-0.706889664,33.26
-0.707868865,33.27
-0.708781567,33.28
-0.709627394,33.29
-0.710405981,33.3
-0.711116971,33.31
-0.711760015,33.32
-0.712334774,33.33
-0.712840918,33.34
-0.713278125,33.35
-0.713646082,33.36
-0.713944488,33.37
-0.714173048,33.38
-0.714331477,33.39
-0.7144195,33.4
-0.714436851,33.41
-0.714383275,33.42
-0.714258522,33.43
-0.714062357,33.44
-0.71379455,33.45
-0.713454883,33.46
-0.713043148,33.47
-0.712559144,33.48
-0.712002682,33.49
-0.711373583,33.5
-0.710671674,33.51
-0.709896797,33.52
-0.709048799,33.53
-0.708127541,33.54
-0.707132889,33.55
-0.706064723,33.56
-0.704922932,33.57
-0.703707412,33.58
-0.702418072,33.59
-0.70105483,33.6
-0.699617613,33.61
-0.698106359,33.62
-0.696521014,33.63
-0.694861537,33.64
-0.693127893,33.65
-0.691320061,33.66
-0.689438026,33.67
-0.687481786,33.68
-0.685451346,33.69
-0.683346723,33.7
-0.681167943,33.71
-0.678915042,33.72
-0.676588066,33.73
-0.674187069,33.74
-0.671712118,33.75
-0.669163286,33.76
-0.66654066,33.77
-0.663844332,33.78
-0.661074408,33.79
-0.658231001,33.8
-0.655314233,33.81
-0.652324239,33.82
-0.64926116,33.83
-0.646125148,33.84
-0.642916365,33.85
-0.639634981,33.86
-0.636281178,33.87
-0.632855144,33.88
-0.629357078,33.89
-0.62578719,33.9
-0.622145695,33.91
-0.618432822,33.92
-0.614648805,33.93
-0.61079389,33.94
-0.606868331,33.95
-0.602872391,33.96
-0.598806342,33.97
-0.594670465,33.98
-0.590465049,33.99
-0.586190393,34
-0.581846805,34.01
-0.5774346,34.02
-0.572954102,34.03
-0.568405646,34.04
-0.563789572,34.05
-0.55910623,34.06
-0.554355979,34.07
-0.549539186,34.08
-0.544656225,34.09
-0.539707479,34.1
-0.534693341,34.11
-0.529614208,34.12
-0.524470488,34.13
-0.519262597,34.14
-0.513990956,34.15
-0.508655997,34.16
-0.503258158,34.17
-0.497797885,34.18
-0.492275631,34.19
-0.486691857,34.2
-0.481047031,34.21
-0.475341629,34.22
-0.469576134,34.23
-0.463751035,34.24
-0.457866829,34.25
-0.45192402,34.26
-0.445923119,34.27
-0.439864643,34.28
-0.433749117,34.29
-0.427577072,34.3
-0.421349045,34.31
-0.415065581,34.32
-0.408727229,34.33
-0.402334546,34.34
-0.395888096,34.35
-0.389388447,34.36
-0.382836174,34.37
-0.37623186,34.38
-0.36957609,34.39
-0.362869458,34.4
-0.356112561,34.41
-0.349306006,34.42
-0.3424504,34.43
-0.335546359,34.44
-0.328594505,34.45
-0.321595462,34.46
-0.314549861,34.47
-0.30745834,34.48
-0.300321539,34.49
-0.293140104,34.5
-0.285914686,34.51
-0.278645941,34.52
-0.27133453,34.53
-0.263981117,34.54
-0.256586373,34.55
-0.24915097,34.56
-0.241675587,34.57
-0.234160908,34.58
-0.226607618,34.59
-0.219016408,34.6
-0.211387974,34.61
-0.203723013,34.62
-0.196022229,34.63
-0.188286327,34.64
-0.180516018,34.65
-0.172712014,34.66
-0.164875034,34.67
-0.157005797,34.68
-0.149105027,34.69
-0.141173451,34.7
-0.133211799,34.71
-0.125220805,34.72
-0.117201203,34.73
-0.109153734,34.74
-0.10107914,34.75
-0.092978164,34.76
-0.084851554,34.77
-0.076700061,34.78
-0.068524436,34.79
-0.060325435,34.8
-0.052103814,34.81
-0.043860334,34.82
-0.035595756,34.83
-0.027310843,34.84
-0.019006362,34.85
-0.010683081,34.86
-0.002341769,34.87
0.006016802,34.88
0.014391858,34.89
0.022782625,34.9
0.031188326,34.91
0.039608182,34.92
0.048041414,34.93
0.05648724,34.94
0.064944879,34.95
0.073413546,34.96
0.081892456,34.97
0.090380824,34.98
0.098877861,34.99
0.107382781,35
0.115894794,35.01
0.124413109,35.02
0.132936937,35.03
0.141465485,35.04
0.149997961,35.05
0.158533573,35.06
0.167071527,35.07
0.175611028,35.08
0.184151284,35.09
0.192691499,35.1
0.201230877,35.11
0.209768624,35.12
0.218303945,35.13
0.226836042,35.14
0.235364122,35.15
0.243887387,35.16
0.252405042,35.17
0.260916291,35.18
0.269420339,35.19
0.277916391,35.2
0.28640365,35.21
0.294881323,35.22
0.303348614,35.23
0.311804729,35.24
0.320248876,35.25
0.328680259,35.26
0.337098088,35.27
0.345501568,35.28
0.35388991,35.29
0.362262323,35.3
0.370618015,35.31
0.378956198,35.32
0.387276084,35.33
0.395576884,35.34
0.403857813,35.35
0.412118084,35.36
0.420356912,35.37
0.428573515,35.38
0.436767109,35.39
0.444936913,35.4
0.453082147,35.41
0.461202032,35.42
0.46929579,35.43
0.477362645,35.44
0.485401821,35.45
0.493412546,35.46
0.501394047,35.47
0.509345553,35.48
0.517266295,35.49
0.525155505,35.5
0.533012418,35.51
0.54083627,35.52
0.548626296,35.53
0.556381738,35.54
0.564101836,35.55
0.571785831,35.56
0.57943297,35.57
0.587042499,35.58
0.594613665,35.59
0.60214572,35.6
0.609637915,35.61
0.617089507,35.62
0.62449975,35.63
0.631867904,35.64
0.63919323,35.65
0.646474991,35.66
0.653712453,35.67
0.660904883,35.68
0.668051552,35.69
0.675151733,35.7
0.682204699,35.71
0.68920973,35.72
0.696166105,35.73
0.703073106,35.74
0.70993002,35.75
0.716736133,35.76
0.723490737,35.77
0.730193125,35.78
0.736842594,35.79
0.743438441,35.8
0.74997997,35.81
0.756466485,35.82
0.762897294,35.83
0.769271708,35.84
0.77558904,35.85
0.781848609,35.86
0.788049733,35.87
0.794191738,35.88
0.800273948,35.89
0.806295696,35.9
0.812256313,35.91
0.818155137,35.92
0.823991508,35.93
0.82976477,35.94
0.835474271,35.95
0.841119361,35.96
0.846699395,35.97
0.852213732,35.98
0.857661733,35.99
0.863042766,36
0.8683562,36.01
0.873601409,36.02
0.878777771,36.03
0.883884668,36.04
0.888921486,36.05
0.893887616,36.06
0.898782452,36.07
0.903605393,36.08
0.908355843,36.09
0.913033209,36.1
0.917636903,36.11
0.922166343,36.12
0.926620949,36.13
0.931000148,36.14
0.935303371,36.15
0.939530053,36.16
0.943679635,36.17
0.947751562,36.18
0.951745286,36.19
0.95566026,36.2
0.959495947,36.21
0.963251813,36.22
0.966927328,36.23
0.970521969,36.24
0.974035219,36.25
0.977466565,36.26
0.980815501,36.27
0.984081524,36.28
0.987264141,36.29
0.990362861,36.3
0.9933772,36.31
0.996306682,36.32
0.999150834,36.33
1.001909191,36.34
1.004581293,36.35
1.007166688,36.36
1.009664928,36.37
1.012075575,36.38
1.014398193,36.39
1.016632355,36.4
1.018777643,36.41
1.020833641,36.42
1.022799942,36.43
1.024676148,36.44
1.026461865,36.45
1.028156708,36.46
1.029760297,36.47
1.031272262,36.48
1.032692239,36.49
1.034019871,36.5
1.035254809,36.51
1.036396713,36.52
1.037445247,36.53
1.038400088,36.54
1.039260915,36.55
1.040027421,36.56
1.040699302,36.57
1.041276266,36.58
1.041758025,36.59
1.042144304,36.6
1.042434834,36.61
1.042629353,36.62
1.042727611,36.63
1.042729365,36.64
1.04263438,36.65
1.04244243,36.66
1.0421533,36.67
1.041766782,36.68
1.041282678,36.69
1.040700798,36.7
1.040020963,36.71
1.039243003,36.72
1.038366756,36.73
1.037392071,36.74
1.036318807,36.75
1.035146832,36.76
1.033876023,36.77
1.032506268,36.78
1.031037465,36.79
1.029469523,36.8
1.027802358,36.81
1.0260359,36.82
1.024170087,36.83
1.022204868,36.84
1.020140203,36.85
1.017976061,36.86
1.015712424,36.87
1.013349284,36.88
1.010886642,36.89
1.008324513,36.9
1.005662919,36.91
1.002901898,36.92
1.000041495,36.93
0.997081768,36.94
0.994022786,36.95
0.99086463,36.96
0.987607391,36.97
0.984251173,36.98
0.98079609,36.99
0.97724227,37
0.97358985,37.01
0.969838981,37.02
0.965989825,37.03
0.962042554,37.04
0.957997356,37.05
0.953854428,37.06
0.94961398,37.07
0.945276234,37.08
0.940841424,37.09
0.936309797,37.1
0.931681611,37.11
0.926957138,37.12
0.922136662,37.13
0.917220479,37.14
0.912208896,37.15
0.907102236,37.16
0.901900832,37.17
0.896605031,37.18
0.891215191,37.19
0.885731684,37.2
0.880154895,37.21
0.874485221,37.22
0.868723072,37.23
0.862868872,37.24
0.856923055,37.25
0.850886071,37.26
0.844758381,37.27
0.83854046,37.28
0.832232794,37.29
0.825835886,37.3
0.819350247,37.31
0.812776405,37.32
0.806114898,37.33
0.799366279,37.34
0.792531114,37.35
0.78560998,37.36
0.77860347,37.37
0.771512187,37.38
0.764336749,37.39
0.757077786,37.4
0.749735941,37.41
0.742311871,37.42
0.734806244,37.43
0.727219743,37.44
0.719553063,37.45
0.711806912,37.46
0.703982009,37.47
0.69607909,37.48
0.688098898,37.49
0.680042195,37.5
0.671909751,37.51
0.66370235,37.52
0.65542079,37.53
0.647065879,37.54
0.63863844,37.55
0.630139306,37.56
0.621569326,37.57
0.612929357,37.58
0.60422027,37.59
0.595442951,37.6
0.586598293,37.61
0.577687204,37.62
0.568710605,37.63
0.559669427,37.64
0.550564612,37.65
0.541397117,37.66
0.532167907,37.67
0.522877961,37.68
0.513528268,37.69
0.50411983,37.7
0.494653659,37.71
0.485130778,37.72
0.475552221,37.73
0.465919034,37.74
0.456232274,37.75
0.446493006,37.76
0.436702309,37.77
0.42686127,37.78
0.416970987,37.79
0.40703257,37.8
0.397047136,37.81
0.387015814,37.82
0.376939743,37.83
0.366820069,37.84
0.356657951,37.85
0.346454555,37.86
0.336211058,37.87
0.325928643,37.88
0.315608507,37.89
0.30525185,37.9
0.294859884,37.91
0.28443383,37.92
0.273974914,37.93
0.263484374,37.94
0.252963452,37.95
0.242413402,37.96
0.231835481,37.97
0.221230957,37.98
0.210601103,37.99
0.199947201,38
0.189270537,38.01
0.178572407,38.02
0.16785411,38.03
0.157116955,38.04
0.146362252,38.05
0.135591323,38.06
0.12480549,38.07
0.114006083,38.08
0.103194439,38.09
0.092371896,38.1
0.081539799,38.11
0.070699498,38.12
0.059852346,38.13
0.048999701,38.14
0.038142925,38.15
0.027283382,38.16
0.016422443,38.17
0.005561479,38.18
-0.005298136,38.19
-0.016155024,38.2
-0.027007803,38.21
-0.037855093,38.22
-0.048695508,38.23
-0.059527662,38.24
-0.070350167,38.25
-0.081161634,38.26
-0.091960673,38.27
-0.102745893,38.28
-0.113515902,38.29
-0.124269308,38.3
-0.13500472,38.31
-0.145720745,38.32
-0.156415992,38.33
-0.167089071,38.34
-0.177738592,38.35
-0.188363167,38.36
-0.198961408,38.37
-0.20953193,38.38
-0.220073351,38.39
-0.230584288,38.4
-0.241063364,38.41
-0.251509203,38.42
-0.261920432,38.43
-0.272295682,38.44
-0.282633587,38.45
-0.292932785,38.46
-0.303191918,38.47
-0.313409632,38.48
-0.32358458,38.49
-0.333715416,38.5
-0.343800802,38.51
-0.353839405,38.52
-0.363829897,38.53
-0.373770955,38.54
-0.383661265,38.55
-0.393499518,38.56
-0.40328441,38.57
-0.413014647,38.58
-0.422688941,38.59
-0.432306011,38.6
-0.441864585,38.61
-0.451363397,38.62
-0.460801191,38.63
-0.47017672,38.64
-0.479488745,38.65
-0.488736036,38.66
-0.497917372,38.67
-0.507031542,38.68
-0.516077345,38.69
-0.525053591,38.7
-0.533959099,38.71
-0.542792699,38.72
-0.551553231,38.73
-0.560239548,38.74
-0.568850514,38.75
-0.577385002,38.76
-0.585841901,38.77
-0.594220108,38.78
-0.602518535,38.79
-0.610736106,38.8
-0.618871757,38.81
-0.626924438,38.82
-0.634893111,38.83
-0.642776754,38.84
-0.650574354,38.85
-0.658284918,38.86
-0.665907462,38.87
-0.673441019,38.88
-0.680884635,38.89
-0.688237373,38.9
-0.69549831,38.91
-0.702666536,38.92
-0.70974116,38.93
-0.716721304,38.94
-0.723606108,38.95
-0.730394724,38.96
-0.737086325,38.97
-0.743680098,38.98
-0.750175246,38.99
-0.75657099,39
-0.762866567,39.01
-0.769061232,39.02
-0.775154256,39.03
-0.781144929,39.04
-0.787032558,39.05
-0.792816466,39.06
-0.798495996,39.07
-0.804070509,39.08
-0.809539384,39.09
-0.814902017,39.1
-0.820157823,39.11
-0.825306237,39.12
-0.830346712,39.13
-0.835278719,39.14
-0.84010175,39.15
-0.844815313,39.16
-0.849418938,39.17
-0.853912174,39.18
-0.858294588,39.19
-0.862565768,39.2
-0.866725321,39.21
-0.870772873,39.22
-0.874708072,39.23
-0.878530584,39.24
-0.882240096,39.25
-0.885836314,39.26
-0.889318966,39.27
-0.892687798,39.28
-0.895942578,39.29
-0.899083093,39.3
-0.902109153,39.31
-0.905020584,39.32
-0.907817236,39.33
-0.910498979,39.34
-0.913065703,39.35
-0.915517318,39.36
-0.917853757,39.37
-0.920074969,39.38
-0.922180929,39.39
-0.924171629,39.4
-0.926047083,39.41
-0.927807326,39.42
-0.929452412,39.43
-0.930982418,39.44
-0.932397439,39.45
-0.933697593,39.46
-0.934883017,39.47
-0.935953869,39.48
-0.936910327,39.49
-0.937752591,39.5
-0.93848088,39.51
-0.939095433,39.52
-0.93959651,39.53
-0.939984393,39.54
-0.94025938,39.55
-0.940421793,39.56
-0.940471972,39.57
-0.940410278,39.58
-0.940237091,39.59
-0.939952811,39.6
-0.939557857,39.61
-0.93905267,39.62
-0.938437707,39.63
-0.937713448,39.64
-0.936880389,39.65
-0.935939046,39.66
-0.934889956,39.67
-0.933733673,39.68
-0.932470769,39.69
-0.931101837,39.7
-0.929627486,39.71
-0.928048344,39.72
-0.926365059,39.73
-0.924578295,39.74
-0.922688733,39.75
-0.920697075,39.76
-0.918604037,39.77
-0.916410354,39.78
-0.914116778,39.79
-0.911724078,39.8
-0.909233039,39.81
-0.906644463,39.82
-0.90395917,39.83
-0.901177993,39.84
-0.898301783,39.85
-0.895331406,39.86
-0.892267745,39.87
-0.889111696,39.88
-0.885864172,39.89
-0.8825261,39.9
-0.879098421,39.91
-0.875582092,39.92
-0.871978083,39.93
-0.868287378,39.94
-0.864510975,39.95
-0.860649886,39.96
-0.856705135,39.97
-0.852677759,39.98
-0.84856881,39.99
-0.844379348,40
-0.84011045,40.01
-0.835763201,40.02
-0.8313387,40.03
-0.826838056,40.04
-0.82226239,40.05
-0.817612834,40.06
-0.812890529,40.07
-0.808096627,40.08
-0.803232291,40.09
-0.798298692,40.1
-0.793297011,40.11
-0.788228439,40.12
-0.783094174,40.13
-0.777895424,40.14
-0.772633404,40.15
-0.767309338,40.16
-0.761924457,40.17
-0.756479999,40.18
-0.750977208,40.19
-0.745417338,40.2
-0.739801646,40.21
-0.734131396,40.22
-0.728407858,40.23
-0.722632308,40.24
-0.716806026,40.25
-0.710930297,40.26
-0.705006411,40.27
-0.69903566,40.28
-0.693019344,40.29
-0.686958762,40.3
-0.680855219,40.31
-0.674710022,40.32
-0.668524481,40.33
-0.662299906,40.34
-0.656037612,40.35
-0.649738913,40.36
-0.643405127,40.37
-0.63703757,40.38
-0.630637559,40.39
-0.624206414,40.4
-0.617745451,40.41
-0.611255989,40.42
-0.604739344,40.43
-0.598196831,40.44
-0.591629767,40.45
-0.585039462,40.46
-0.578427229,40.47
-0.571794375,40.48
-0.565142205,40.49
-0.558472024,40.5
-0.55178513,40.51
-0.545082819,40.52
-0.538366383,40.53
-0.53163711,40.54
-0.524896283,40.55
-0.518145181,40.56
-0.511385077,40.57
-0.504617238,40.58
-0.497842928,40.59
-0.4910634,40.6
-0.484279906,40.61
-0.477493689,40.62
-0.470705983,40.63
-0.463918018,40.64
-0.457131016,40.65
-0.450346188,40.66
-0.443564742,40.67
-0.436787873,40.68
-0.43001677,40.69
-0.423252611,40.7
-0.416496567,40.71
-0.409749799,40.72
-0.403013457,40.73
-0.396288681,40.74
-0.389576601,40.75
-0.382878339,40.76
-0.376195001,40.77
-0.369527688,40.78
-0.362877483,40.79
-0.356245464,40.8
-0.349632692,40.81
-0.343040219,40.82
-0.336469083,40.83
-0.329920311,40.84
-0.323394916,40.85
-0.316893899,40.86
-0.310418247,40.87
-0.303968933,40.88
-0.297546918,40.89
-0.291153149,40.9
-0.284788557,40.91
-0.27845406,40.92
-0.272150564,40.93
-0.265878955,40.94
-0.25964011,40.95
-0.253434886,40.96
-0.247264128,40.97
-0.241128665,40.98
-0.23502931,40.99
-0.22896686,41
-0.222942097,41.01
-0.216955788,41.02
-0.211008681,41.03
-0.205101509,41.04
-0.199234991,41.05
-0.193409826,41.06
-0.187626697,41.07
-0.181886273,41.08
-0.176189202,41.09
-0.170536118,41.1
-0.164927636,41.11
-0.159364355,41.12
-0.153846857,41.13
-0.148375705,41.14
-0.142951445,41.15
-0.137574606,41.16
-0.132245699,41.17
-0.126965217,41.18
-0.121733636,41.19
-0.116551413,41.2
-0.111418988,41.21
-0.106336782,41.22
-0.101305199,41.23
-0.096324625,41.24
-0.091395426,41.25
-0.086517953,41.26
-0.081692536,41.27
-0.076919488,41.28
-0.072199104,41.29
-0.067531661,41.3
-0.062917416,41.31
-0.058356611,41.32
-0.053849467,41.33
-0.049396188,41.34
-0.044996959,41.35
-0.040651949,41.36
-0.036361306,41.37
-0.032125162,41.38
-0.027943632,41.39
-0.023816809,41.4
-0.019744771,41.41
-0.015727579,41.42
-0.011765274,41.43
-0.00785788,41.44
-0.004005404,41.45
-0.000207835,41.46
0.003534856,41.47
0.007222715,41.48
0.010855805,41.49
0.014434207,41.5
0.017958017,41.51
0.021427351,41.52
0.02484234,41.53
0.028203133,41.54
0.031509893,41.55
0.034762803,41.56
0.03796206,41.57
0.041107879,41.58
0.044200488,41.59
0.047240135,41.6
0.05022708,41.61
0.053161602,41.62
0.056043993,41.63
0.058874562,41.64
0.061653632,41.65
0.06438154,41.66
0.067058641,41.67
0.069685302,41.68
0.072261905,41.69
0.074788847,41.7
0.077266537,41.71
0.0796954,41.72
0.082075874,41.73
0.08440841,41.74
0.086693473,41.75
0.088931539,41.76
0.0911231,41.77
0.093268657,41.78
0.095368726,41.79
0.097423834,41.8
0.09943452,41.81
0.101401335,41.82
0.10332484,41.83
0.10520561,41.84
0.107044227,41.85
0.108841287,41.86
0.110597395,41.87
0.112313166,41.88
0.113989225,41.89
0.115626207,41.9
0.117224756,41.91
0.118785525,41.92
0.120309177,41.93
0.121796381,41.94
0.123247818,41.95
0.124664173,41.96
0.126046142,41.97
0.127394426,41.98
0.128709735,41.99
0.129992785,42
0.1312443,42.01
0.132465007,42.02
0.133655643,42.03
0.134816948,42.04
0.135949668,42.05
0.137054556,42.06
0.138132368,42.07
0.139183864,42.08
0.14020981,42.09
0.141210977,42.1
0.142188135,42.11
0.143142063,42.12
0.14407354,42.13
0.144983347,42.14
0.145872271,42.15
0.146741097,42.16
0.147590616,42.17
0.148421618,42.18
0.149234894,42.19
0.150031238,42.2
0.150811444,42.21
0.151576306,42.22
0.152326617,42.23
0.153063172,42.24
0.153786765,42.25
0.154498189,42.26
0.155198235,42.27
0.155887693,42.28
0.156567353,42.29
0.157238001,42.3
0.157900422,42.31
0.158555398,42.32
0.159203708,42.33
0.159846129,42.34
0.160483432,42.35
0.161116387,42.36
0.161745758,42.37
0.162372308,42.38
0.162996792,42.39
0.16361996,42.4
0.164242561,42.41
0.164865334,42.42
0.165489016,42.43
0.166114335,42.44
0.166742014,42.45
0.167372771,42.46
0.168007316,42.47
0.168646351,42.48
0.169290573,42.49
0.16994067,42.5
0.170597322,42.51
0.171261203,42.52
0.171932976,42.53
0.172613298,42.54
0.173302816,42.55
0.174002168,42.56
0.174711984,42.57
0.175432882,42.58
0.176165474,42.59
0.176910358,42.6
0.177668125,42.61
0.178439355,42.62
0.179224617,42.63
0.180024469,42.64
0.180839459,42.65
0.181670123,42.66
0.182516986,42.67
0.183380562,42.68
0.184261352,42.69
0.185159845,42.7
0.18607652,42.71
0.187011843,42.72
0.187966265,42.73
0.188940227,42.74
0.189934157,42.75
0.190948469,42.76
0.191983565,42.77
0.193039832,42.78
0.194117646,42.79
0.195217368,42.8
0.196339345,42.81
0.197483912,42.82
0.198651387,42.83
0.199842076,42.84
0.201056272,42.85
0.202294251,42.86
0.203556275,42.87
0.204842594,42.88
0.206153441,42.89
0.207489034,42.9
0.208849578,42.91
0.210235262,42.92
0.21164626,42.93
0.213082732,42.94
0.214544821,42.95
0.216032657,42.96
0.217546352,42.97
0.219086007,42.98
0.220651703,42.99
0.222243508,43
0.223861475,43.01
0.22550564,43.02
0.227176025,43.03
0.228872635,43.04
0.230595462,43.05
0.232344479,43.06
0.234119646,43.07
0.235920906,43.08
0.237748189,43.09
0.239601406,43.1
0.241480455,43.11
0.243385217,43.12
0.245315559,43.13
0.247271331,43.14
0.249252369,43.15
0.251258493,43.16
0.253289508,43.17
0.255345203,43.18
0.257425352,43.19
0.259529714,43.2
0.261658034,43.21
0.263810041,43.22
0.265985448,43.23
0.268183955,43.24
0.270405247,43.25
0.272648993,43.26
0.274914849,43.27
0.277202456,43.28
0.279511439,43.29
0.281841412,43.3
0.284191972,43.31
0.286562704,43.32
0.288953177,43.33
0.291362948,43.34
0.29379156,43.35
0.296238543,43.36
0.298703412,43.37
0.30118567,43.38
0.303684808,43.39
0.306200301,43.4
0.308731615,43.41
0.311278201,43.42
0.313839498,43.43
0.316414934,43.44
0.319003923,43.45
0.32160587,43.46
0.324220165,43.47
0.32684619,43.48
0.329483312,43.49
0.332130891,43.5
0.334788273,43.51
0.337454795,43.52
0.340129782,43.53
0.342812551,43.54
0.345502408,43.55
0.348198648,43.56
0.350900559,43.57
0.353607416,43.58
0.35631849,43.59
0.359033039,43.6
0.361750313,43.61
0.364469556,43.62
0.367190001,43.63
0.369910876,43.64
0.372631397,43.65
0.375350779,43.66
0.378068223,43.67
0.380782929,43.68
0.383494087,43.69
0.386200881,43.7
0.388902491,43.71
0.391598089,43.72
0.394286842,43.73
0.396967913,43.74
0.399640458,43.75
0.402303629,43.76
0.404956576,43.77
0.407598442,43.78
0.410228367,43.79
0.412845487,43.8
0.415448936,43.81
0.418037844,43.82
0.420611339,43.83
0.423168545,43.84
0.425708587,43.85
0.428230585,43.86
0.430733659,43.87
0.433216928,43.88
0.435679509,43.89
0.438120519,43.9
0.440539075,43.91
0.442934294,43.92
0.445305293,43.93
0.447651189,43.94
0.4499711,43.95
0.452264146,43.96
0.454529448,43.97
0.456766129,43.98
0.458973313,43.99
0.461150127,44
0.463295702,44.01
0.46540917,44.02
0.467489667,44.03
0.469536333,44.04
0.471548311,44.05
0.473524748,44.06
0.475464797,44.07
0.477367614,44.08
0.479232361,44.09
0.481058206,44.1
0.48284432,44.11
0.484589882,44.12
0.486294077,44.13
0.487956096,44.14
0.489575137,44.15
0.491150405,44.16
0.492681113,44.17
0.49416648,44.18
0.495605734,44.19
0.496998112,44.2
0.498342856,44.21
0.499639221,44.22
0.500886469,44.23
0.50208387,44.24
0.503230707,44.25
0.504326268,44.26
0.505369855,44.27
0.506360778,44.28
0.50729836,44.29
0.508181931,44.3
0.509010836,44.31
0.509784429,44.32
0.510502075,44.33
0.511163153,44.34
0.511767053,44.35
0.512313175,44.36
0.512800936,44.37
0.513229761,44.38
0.513599092,44.39
0.51390838,44.4
0.514157094,44.41
0.514344712,44.42
0.514470728,44.43
0.514534651,44.44
0.514536003,44.45
0.514474319,44.46
0.514349151,44.47
0.514160063,44.48
0.513906638,44.49
0.51358847,44.5
0.513205171,44.51
0.512756366,44.52
0.512241698,44.53
0.511660825,44.54
0.51101342,44.55
0.510299173,44.56
0.50951779,44.57
0.508668993,44.58
0.507752523,44.59
0.506768133,44.6
0.505715597,44.61
0.504594703,44.62
0.503405259,44.63
0.502147087,44.64
0.500820029,44.65
0.499423941,44.66
0.497958701,44.67
0.496424201,44.68
0.494820351,44.69
0.49314708,44.7
0.491404335,44.71
0.489592079,44.72
0.487710295,44.73
0.485758982,44.74
0.483738159,44.75
0.481647861,44.76
0.479488144,44.77
0.47725908,44.78
0.47496076,44.79
0.472593293,44.8
0.470156806,44.81
0.467651445,44.82
0.465077374,44.83
0.462434776,44.84
0.459723852,44.85
0.45694482,44.86
0.454097918,44.87
0.451183401,44.88
0.448201545,44.89
0.445152641,44.9
0.442037,44.91
0.438854951,44.92
0.43560684,44.93
0.432293034,44.94
0.428913915,44.95
0.425469885,44.96
0.421961362,44.97
0.418388785,44.98
0.414752608,44.99
0.411053303,45
0.407291362,45.01
0.403467292,45.02
0.399581619,45.03
0.395634885,45.04
0.391627651,45.05
0.387560494,45.06
0.383434009,45.07
0.379248806,45.08
0.375005514,45.09
0.370704778,45.1
0.366347258,45.11
0.361933633,45.12
0.357464597,45.13
0.352940859,45.14
0.348363146,45.15
0.343732199,45.16
0.339048776,45.17
0.33431365,45.18
0.329527608,45.19
0.324691455,45.2
0.319806007,45.21
0.314872099,45.22
0.309890577,45.23
0.304862303,45.24
0.299788152,45.25
0.294669015,45.26
0.289505795,45.27
0.284299408,45.28
0.279050785,45.29
0.273760868,45.3
0.268430615,45.31
0.263060992,45.32
0.257652982,45.33
0.252207576,45.34
0.24672578,45.35
0.24120861,45.36
0.235657093,45.37
0.230072269,45.38
0.224455186,45.39
0.218806905,45.4
0.213128496,45.41
0.20742104,45.42
0.201685626,45.43
0.195923354,45.44
0.190135333,45.45
0.18432268,45.46
0.178486521,45.47
0.172627991,45.48
0.166748233,45.49
0.160848396,45.5
0.154929639,45.51
0.148993125,45.52
0.143040026,45.53
0.137071521,45.54
0.131088793,45.55
0.125093033,45.56
0.119085437,45.57
0.113067204,45.58
0.107039541,45.59
0.101003658,45.6
0.094960771,45.61
0.088912096,45.62
0.082858858,45.63
0.076802281,45.64
0.070743594,45.65
0.064684027,45.66
0.058624816,45.67
0.052567194,45.68
0.046512399,45.69
0.04046167,45.7
0.034416245,45.71
0.028377365,45.72
0.02234627,45.73
0.016324201,45.74
0.010312396,45.75
0.004312096,45.76
-0.001675462,45.77
-0.007649041,45.78
-0.013607406,45.79
-0.019549325,45.8
-0.025473567,45.81
-0.031378904,45.82
-0.037264112,45.83
-0.043127969,45.84
-0.04896926,45.85
-0.05478677,45.86
-0.060579291,45.87
-0.066345619,45.88
-0.072084555,45.89
-0.077794906,45.9
-0.083475485,45.91
-0.089125111,45.92
-0.094742608,45.93
-0.100326809,45.94
-0.105876553,45.95
-0.111390687,45.96
-0.116868065,45.97
-0.12230755,45.98
-0.127708013,45.99
-0.133068334,46
-0.138387401,46.01
-0.143664113,46.02
-0.148897378,46.03
-0.154086115,46.04
-0.159229252,46.05
-0.164325727,46.06
-0.169374492,46.07
-0.174374507,46.08
-0.179324745,46.09
-0.184224192,46.1
-0.189071844,46.11
-0.193866711,46.12
-0.198607815,46.13
-0.203294191,46.14
-0.207924888,46.15
-0.212498968,46.16
-0.217015508,46.17
-0.221473597,46.18
-0.22587234,46.19
-0.230210856,46.2
-0.23448828,46.21
-0.238703762,46.22
-0.242856465,46.23
-0.246945571,46.24
-0.250970277,46.25
-0.254929795,46.26
-0.258823354,46.27
-0.262650201,46.28
-0.266409597,46.29
-0.270100824,46.3
-0.273723178,46.31
-0.277275975,46.32
-0.280758546,46.33
-0.284170243,46.34
-0.287510433,46.35
-0.290778505,46.36
-0.293973864,46.37
-0.297095934,46.38
-0.300144159,46.39
-0.303118002,46.4
-0.306016943,46.41
-0.308840485,46.42
-0.311588148,46.43
-0.314259473,46.44
-0.31685402,46.45
-0.319371369,46.46
-0.321811123,46.47
-0.324172901,46.48
-0.326456346,46.49
-0.328661119,46.5
-0.330786903,46.51
-0.332833403,46.52
-0.334800342,46.53
-0.336687467,46.54
-0.338494544,46.55
-0.34022136,46.56
-0.341867726,46.57
-0.343433472,46.58
-0.34491845,46.59
-0.346322534,46.6
-0.347645618,46.61
-0.348887619,46.62
-0.350048476,46.63
-0.351128148,46.64
-0.352126619,46.65
-0.35304389,46.66
-0.353879987,46.67
-0.354634958,46.68
-0.355308871,46.69
-0.355901818,46.7
-0.35641391,46.71
-0.356845282,46.72
-0.357196091,46.73
-0.357466513,46.74
-0.357656749,46.75
-0.357767021,46.76
-0.35779757,46.77
-0.357748662,46.78
-0.357620582,46.79
-0.35741364,46.8
-0.357128163,46.81
-0.356764501,46.82
-0.356323028,46.83
-0.355804136,46.84
-0.355208239,46.85
-0.354535771,46.86
-0.35378719,46.87
-0.352962972,46.88
-0.352063614,46.89
-0.351089636,46.9
-0.350041574,46.91
-0.348919989,46.92
-0.347725458,46.93
-0.346458583,46.94
-0.34511998,46.95
-0.34371029,46.96
-0.342230171,46.97
-0.340680299,46.98
-0.339061373,46.99
-0.337374108,47
-0.335619239,47.01
-0.33379752,47.02
-0.331909722,47.03
-0.329956636,47.04
-0.327939071,47.05
-0.325857852,47.06
-0.323713823,47.07
-0.321507846,47.08
-0.319240799,47.09
-0.316913578,47.1
-0.314527094,47.11
-0.312082276,47.12
-0.309580069,47.13
-0.307021435,47.14
-0.304407348,47.15
-0.301738801,47.16
-0.299016802,47.17
-0.296242372,47.18
-0.293416548,47.19
-0.290540381,47.2
-0.287614935,47.21
-0.28464129,47.22
-0.281620537,47.23
-0.278553782,47.24
-0.275442143,47.25
-0.272286752,47.26
-0.26908875,47.27
-0.265849293,47.28
-0.262569547,47.29
-0.259250689,47.3
-0.25589391,47.31
-0.252500407,47.32
-0.24907139,47.33
-0.245608079,47.34
-0.242111703,47.35
-0.2385835,47.36
-0.235024718,47.37
-0.231436611,47.38
-0.227820444,47.39
-0.224177488,47.4
-0.220509024,47.41
-0.216816336,47.42
-0.213100718,47.43
-0.209363469,47.44
-0.205605895,47.45
-0.201829306,47.46
-0.19803502,47.47
-0.194224356,47.48
-0.190398641,47.49
-0.186559203,47.5
-0.182707377,47.51
-0.1788445,47.52
-0.17497191,47.53
-0.17109095,47.54
-0.167202965,47.55
-0.1633093,47.56
-0.159411304,47.57
-0.155510324,47.58
-0.151607711,47.59
-0.147704812,47.6
-0.143802978,47.61
-0.139903558,47.62
-0.136007898,47.63
-0.132117345,47.64
-0.128233243,47.65
-0.124356935,47.66
-0.120489761,47.67
-0.116633058,47.68
-0.112788158,47.69
-0.108956391,47.7
-0.105139084,47.71
-0.101337556,47.72
-0.097553125,47.73
-0.093787101,47.74
-0.090040788,47.75
-0.086315487,47.76
-0.082612488,47.77
-0.078933079,47.78
-0.075278536,47.79
-0.071650131,47.8
-0.068049127,47.81
-0.064476776,47.82
-0.060934326,47.83
-0.057423011,47.84
-0.053944058,47.85
-0.050498684,47.86
-0.047088096,47.87
-0.043713488,47.88
-0.040376046,47.89
-0.037076943,47.9
-0.03381734,47.91
-0.030598387,47.92
-0.02742122,47.93
-0.024286963,47.94
-0.021196727,47.95
-0.01815161,47.96
-0.015152695,47.97
-0.01220105,47.98
-0.009297732,47.99
-0.006443779,48
-0.003640216,48.01
-0.000888052,48.02
0.001811719,48.03
0.004458121,48.04
0.007050193,48.05
0.009586991,48.06
0.012067589,48.07
0.014491076,48.08
0.016856563,48.09
0.019163173,48.1
0.021410053,48.11
0.023596366,48.12
0.025721292,48.13
0.027784034,48.14
0.02978381,48.15
0.031719862,48.16
0.033591449,48.17
0.03539785,48.18
0.037138365,48.19
0.038812316,48.2
0.040419044,48.21
0.04195791,48.22
0.043428299,48.23
0.044829616,48.24
0.046161287,48.25
0.047422762,48.26
0.048613511,48.27
0.049733026,48.28
0.050780824,48.29
0.051756441,48.3
0.05265944,48.31
0.053489402,48.32
0.054245936,48.33
0.054928671,48.34
0.055537261,48.35
0.056071381,48.36
0.056530734,48.37
0.056915042,48.38
0.057224055,48.39
0.057457543,48.4
0.057615304,48.41
0.057697159,48.42
0.05770295,48.43
0.057632548,48.44
0.057485847,48.45
0.057262763,48.46
0.05696324,48.47
0.056587245,48.48
0.056134769,48.49
0.055605829,48.5
0.055000467,48.51
0.054318748,48.52
0.053560763,48.53
0.052726628,48.54
0.051816482,48.55
0.050830492,48.56
0.049768846,48.57
0.04863176,48.58
0.047419472,48.59
0.046132247,48.6
0.044770373,48.61
0.043334163,48.62
0.041823955,48.63
0.040240111,48.64
0.038583018,48.65
0.036853087,48.66
0.035050752,48.67
0.033176472,48.68
0.031230732,48.69
0.029214037,48.7
0.02712692,48.71
0.024969934,48.72
0.022743657,48.73
0.020448692,48.74
0.018085662,48.75
0.015655216,48.76
0.013158024,48.77
0.010594781,48.78
0.007966201,48.79
0.005273025,48.8
0.002516012,48.81
-0.000304054,48.82
-0.003186369,48.83
-0.006130107,48.84
-0.009134419,48.85
-0.012198437,48.86
-0.015321271,48.87
-0.01850201,48.88
-0.021739723,48.89
-0.02503346,48.9
-0.028382248,48.91
-0.031785097,48.92
-0.035240997,48.93
-0.038748917,48.94
-0.042307809,48.95
-0.045916607,48.96
-0.049574225,48.97
-0.053279559,48.98
-0.057031489,48.99
-0.060828876,49
-0.064670564,49.01
-0.068555381,49.02
-0.07248214,49.03
-0.076449633,49.04
-0.080456643,49.05
-0.084501931,49.06
-0.088584248,49.07
-0.092702328,49.08
-0.09685489,49.09
-0.101040641,49.1
-0.105258273,49.11
-0.109506465,49.12
-0.113783884,49.13
-0.118089183,49.14
-0.122421005,49.15
-0.126777979,49.16
-0.131158724,49.17
-0.135561848,49.18
-0.139985948,49.19
-0.144429613,49.2
-0.148891418,49.21
-0.153369934,49.22
-0.157863718,49.23
-0.162371324,49.24
-0.166891293,49.25
-0.171422162,49.26
-0.175962458,49.27
-0.180510705,49.28
-0.185065416,49.29
-0.189625103,49.3
-0.194188268,49.31
-0.198753413,49.32
-0.203319032,49.33
-0.207883615,49.34
-0.212445651,49.35
-0.217003623,49.36
-0.221556013,49.37
-0.2261013,49.38
-0.230637962,49.39
-0.235164476,49.4
-0.239679316,49.41
-0.244180959,49.42
-0.248667878,49.43
-0.25313855,49.44
-0.257591452,49.45
-0.262025061,49.46
-0.266437859,49.47
-0.270828327,49.48
-0.275194951,49.49
-0.279536221,49.5
-0.283850627,49.51
-0.288136669,49.52
-0.292392846,49.53
-0.296617666,49.54
-0.300809641,49.55
-0.304967291,49.56
-0.309089139,49.57
-0.313173719,49.58
-0.31721957,49.59
-0.321225239,49.6
-0.325189283,49.61
-0.329110267,49.62
-0.332986765,49.63
-0.33681736,49.64
-0.340600647,49.65
-0.344335232,49.66
-0.348019728,49.67
-0.351652766,49.68
-0.355232982,49.69
-0.35875903,49.7
-0.362229575,49.71
-0.365643293,49.72
-0.368998877,49.73
-0.372295032,49.74
-0.375530478,49.75
-0.378703951,49.76
-0.381814201,49.77
-0.384859994,49.78
-0.387840113,49.79
-0.390753357,49.8
-0.39359854,49.81
-0.396374498,49.82
-0.399080079,49.83
-0.401714154,49.84
-0.404275609,49.85
-0.406763352,49.86
-0.409176307,49.87
-0.411513419,49.88
-0.413773654,49.89
-0.415955995,49.9
-0.41805945,49.91
-0.420083045,49.92
-0.422025827,49.93
-0.423886866,49.94
-0.425665254,49.95
-0.427360104,49.96
-0.428970552,49.97
-0.430495757,49.98
-0.431934901,49.99
-0.43328719,50
-0.434551853,50.01
-0.435728142,50.02
-0.436815336,50.03
-0.437812735,50.04
-0.438719667,50.05
-0.439535482,50.06
-0.440259558,50.07
-0.440891296,50.08
-0.441430125,50.09
