2.38506153,0.1
2.10126319,0.15
1.80892701,0.2
1.50833928,0.25
1.19981624,0.3
0.88370428,0.35
0.56038009,0.4
0.23025072,0.45
-0.10624646,0.5
-0.44864401,0.55
-0.79644467,0.6
-1.1491218,0.65
-1.50611998,0.7
-1.86685564,0.75
-2.23071797,0.8
-2.59706984,0.85
-2.96524892,0.9
-3.33456898,0.95
-3.70432124,1
-4.07377593,1.05
-4.44218401,1.1
-4.80877892,1.15
-5.17277862,1.2
-5.53338759,1.25
-5.88979913,1.3
-6.24119765,1.35
-6.58676111,1.4
-6.92566361,1.45
-7.25707802,1.5
-7.58017876,1.55
-7.89414457,1.6
-8.19816146,1.65
-8.49142561,1.7
-8.77314643,1.75
-9.04254951,1.8
-9.29887974,1.85
-9.54140436,1.9
-9.76941595,1.95
-9.98223554,2
-10.17921553,2.05
-10.35974266,2.1
-10.52324091,2.15
-10.66917422,2.2
-10.79704925,2.25
-10.90641793,2.3
-10.99687989,2.35
-11.06808483,2.4
-11.11973462,2.45
-11.15158532,2.5
-11.16344895,2.55
-11.15519515,2.6
-11.12675251,2.65
-11.07810983,2.7
-11.00931701,2.75
-10.9204858,2.8
-10.81179026,2.85
-10.68346699,2.9
-10.53581505,2.95
-10.36919571,3
-10.18403185,3.05
-9.9808071,3.1
-9.76006478,3.15
-9.52240644,3.2
-9.2684903,3.25
-8.99902926,3.3
-8.71478876,3.35
-8.41658437,3.4
-8.10527904,3.45
-7.78178027,3.5
-7.44703693,3.55
-7.10203587,3.6
-6.74779841,3.65
-6.38537656,3.7
-6.01584908,3.75
-5.64031744,3.8
-5.25990153,3.85
-4.87573535,3.9
-4.48896253,3.95
-4.10073184,4
-3.71219252,4.05
-3.32448969,4.1
-2.93875964,4.15
-2.55612522,4.2
-2.17769115,4.25
-1.80453947,4.3
-1.43772499,4.35
-1.07827084,4.4
-0.72716421,4.45
-0.38535213,4.5
-0.05373743,4.55
0.26682508,4.6
0.57553226,4.65
0.87163607,4.7
1.15444682,4.75
1.423336,4.8
1.67773907,4.85
1.91715777,4.9
2.14116223,4.95
2.34939276,5
2.54156126,5.05
2.71745242,5.1
2.87692441,5.15
3.01990938,5.2
3.14641354,5.25
3.25651687,5.3
3.35037252,5.35
3.42820582,5.4
3.49031301,5.45
3.5370595,5.5
3.56887794,5.55
3.58626583,5.6
3.58978289,5.65
3.58004813,5.7
3.55773652,5.75
3.52357553,5.8
3.47834129,5.85
3.42285453,5.9
3.35797637,5.95
3.28460379,6
3.20366498,6.05
3.11611454,6.1
3.02292852,6.15
2.92509934,6.2
2.82363064,6.25
2.71953208,6.3
2.61381408,6.35
2.50748256,6.4
2.40153375,6.45
2.29694891,6.5
2.19468931,6.55
2.09569118,6.6
2.0008608,6.65
1.9110698,6.7
1.82715056,6.75
1.7498919,6.8
1.68003491,6.85
1.61826905,6.9
1.56522856,6.95
1.52148908,7
1.48756467,7.05
1.46390501,7.1
1.45089311,7.15
1.4488432,7.2
1.45799911,7.25
1.4785329,7.3
1.51054398,7.35
1.55405856,7.4
1.60902941,7.45
1.67533616,7.5
1.75278585,7.55
1.84111393,7.6
1.93998562,7.65
2.04899765,7.7
2.1676803,7.75
2.29549992,7.8
2.43186167,7.85
2.57611261,7.9
2.72754515,7.95
2.88540074,8
3.04887382,8.05
3.2171161,8.1
3.38924096,8.15
3.56432812,8.2
3.7414285,8.25
3.9195692,8.3
4.09775859,8.35
4.2749916,8.4
4.45025495,8.45
4.6225325,8.5
4.79081067,8.55
4.95408369,8.6
5.11135902,8.65
5.26166249,8.7
5.40404352,8.75
5.53758013,8.8
5.66138381,8.85
5.77460422,8.9
5.87643373,8.95
5.96611167,9
6.04292843,9.05
6.10622917,9.1
6.15541737,9.15
6.18995799,9.2
6.20938037,9.25
6.21328076,9.3
6.20132452,9.35
6.17324796,9.4
6.12885982,9.45
6.06804236,9.5
5.9907521,9.55
5.89702015,9.6
5.78695221,9.65
5.66072811,9.7
5.51860105,9.75
5.36089643,9.8
5.18801033,9.85
5.00040764,9.9
4.79861982,9.95
4.58324235,10
4.35493189,10.05
4.11440309,10.1
3.86242515,10.15
3.59981813,10.2
3.32744897,10.25
3.04622735,10.3
2.75710134,10.35
2.46105282,10.4
2.15909283,10.45
1.85225677,10.5
1.54159948,10.55
1.22819031,10.6
0.91310805,10.65
0.59743597,10.7
0.28225675,10.75
-0.03135246,10.8
-0.34232501,10.85
-0.6496095,10.9
-0.95217456,10.95
-1.24901343,11
-1.53914831,11.05
-1.82163469,11.1
-2.09556529,11.15
-2.36007396,11.2
-2.61433917,11.25
-2.85758739,11.3
-3.08909607,11.35
-3.30819645,11.4
-3.51427596,11.45
-3.70678042,11.5
-3.88521584,11.55
-4.04914993,11.6
-4.1982133,11.65
-4.33210031,11.7
-4.45056958,11.75
-4.5534442,11.8
-4.64061158,11.85
-4.71202303,11.9
-4.76769296,11.95
-4.80769782,12
-4.83217475,12.05
-4.84131989,12.1
-4.83538652,12.15
-4.81468278,12.2
-4.77956937,12.25
-4.73045679,12.3
-4.66780259,12.35
-4.59210827,12.4
-4.5039161,12.45
-4.40380576,12.5
-4.2923909,12.55
-4.17031553,12.6
-4.0382504,12.65
-3.89688924,12.7
-3.74694507,12.75
-3.5891464,12.8
-3.42423349,12.85
-3.25295464,12.9
-3.0760625,12.95
-2.89431048,13
-2.70844926,13.05
-2.51922339,13.1
-2.32736799,13.15
-2.1336057,13.2
-1.93864366,13.25
-1.74317077,13.3
-1.54785508,13.35
-1.35334141,13.4
-1.16024918,13.45
-0.96917044,13.5
-0.78066813,13.55
-0.59527462,13.6
-0.41349044,13.65
-0.23578325,13.7
-0.06258706,13.75
0.10569828,13.8
0.26870739,13.85
0.42610946,13.9
0.57760803,13.95
0.72294065,14
0.86187827,14.05
0.99422445,14.1
1.11981435,14.15
1.23851359,14.2
1.3502169,14.25
1.45484662,14.3
1.55235112,14.35
1.642703,14.4
1.72589729,14.45
1.8019495,14.5
1.8708936,14.55
1.93278,14.6
1.98767341,14.65
2.03565081,14.7
2.07679928,14.75
2.11121398,14.8
2.13899606,14.85
2.16025072,14.9
2.17508525,14.95
2.18360726,15
2.18592292,15.05
2.18213534,15.1
2.17234315,15.15
2.15663913,15.2
2.13510903,15.25
2.10783055,15.3
2.07487251,15.35
2.03629418,15.4
1.99214475,15.45
1.94246311,15.5
1.88727766,15.55
1.82660645,15.6
1.76045743,15.65
1.68882889,15.7
1.61171017,15.75
1.52908241,15.8
1.44091961,15.85
1.34718978,15.9
1.24785624,15.95
1.14287913,16
1.03221701,16.05
0.91582856,16.1
0.79367447,16.15
0.66571933,16.2
0.53193365,16.25
0.39229597,16.3
0.24679492,16.35
0.0954,16.4
-0.06177916,16.45
-0.22480493,16.5
-0.39359526,16.55
-0.56807876,16.6
-0.74816125,16.65
-0.93372384,16.7
-1.12462108,16.75
-1.32067927,16.8
-1.52169486,16.85
-1.72743306,16.9
-1.93762651,16.95
-2.15197426,17
-2.37014085,17.05
-2.59175561,17.1
-2.81641224,17.15
-3.04366851,17.2
-3.27304629,17.25
-3.50403175,17.3
-3.7360759,17.35
-3.96859524,17.4
-4.20097278,17.45
-4.43255928,17.5
-4.66267475,17.55
-4.89061012,17.6
-5.1156293,17.65
-5.33697136,17.7
-5.55385296,17.75
-5.76547107,17.8
-5.97100582,17.85
-6.16962361,17.9
-6.36048034,17.95
-6.54272489,18
-6.71550268,18.05
-6.87795942,18.1
-7.02924497,18.15
-7.16851724,18.2
-7.29494628,18.25
-7.4077183,18.3
-7.50603984,18.35
-7.58914186,18.4
-7.65628392,18.45
-7.70675819,18.5
-7.73989354,18.55
-7.75505951,18.6
-7.75167011,18.65
-7.72918759,18.7
-7.68712601,18.75
-7.6250547,18.8
-7.54260141,18.85
-7.43945542,18.9
-7.31537028,18.95
-7.17016636,19
-7.00373317,19.05
-6.81603137,19.1
-6.60709445,19.15
-6.37703018,19.2
-6.12602168,19.25
-5.85432824,19.3
-5.56228571,19.35
-5.25030662,19.4
-4.91887996,19.45
-4.56857054,19.5
-4.20001811,19.55
-3.81393605,19.6
-3.41110973,19.65
-2.99239457,19.7
-2.55871376,19.75
-2.1110556,19.8
-1.6504706,19.85
-1.17806822,19.9
-0.6950134,19.95
-0.2025227,20
0.29813969,20.05
0.80566628,20.1
1.31871078,20.15
1.83589278,20.2
2.35580267,20.25
2.87700667,20.3
3.39805199,20.35
3.91747214,20.4
4.43379227,20.45
4.94553458,20.5
5.45122384,20.55
5.94939279,20.6
6.43858761,20.65
6.91737337,20.7
7.38433929,20.75
7.83810405,20.8
8.27732089,20.85
8.70068262,20.9
9.10692642,20.95
9.49483852,21
9.86325859,21.05
10.21108399,21.1
10.53727373,21.15
10.84085217,21.2
11.12091244,21.25
11.37661958,21.3
11.60721341,21.35
11.8,21.4
11.99040889,21.45
12.14188495,21.5
12.26599988,21.55
12.36239844,21.6
12.43081021,21.65
12.47105017,21.7
12.48301874,21.75
12.46670168,21.8
12.42216949,21.85
12.34957654,21.9
12.24915992,21.95
12.1212379,22
11.96620811,22.05
11.78454549,22.1
11.57679982,22.15
11.34359318,22.2
11.08561696,22.25
10.80362882,22.3
10.4984493,22.35
10.17095834,22.4
9.82209154,22.45
9.45283632,22.5
9.06422794,22.55
8.65734542,22.6
8.2333073,22.65
7.79326744,22.7
7.33841067,22.75
6.86994849,22.8
6.38911471,22.85
5.89716112,22.9
5.39535323,22.95
4.884966,23
4.36727971,23.05
3.84357585,23.1
3.31513317,23.15
2.78322385,23.2
2.24910977,23.25
1.71403898,23.3
1.17924227,23.35
0.64593001,23.4
0.11528909,23.45
-0.41151994,23.5
-0.93336545,23.55
-1.44914718,23.6
-1.9577985,23.65
-2.45828832,23.7
-2.94962297,23.75
-3.4308477,23.8
-3.90104808,23.85
-4.35935112,23.9
-4.80492618,23.95
-5.23698577,24
-5.65478598,24.05
-6.05762692,24.1
-6.44485282,24.15
-6.815852,24.2
-7.17005674,24.25
-7.50694292,24.3
-7.82602955,24.35
-8.12687816,24.4
-8.40909212,24.45
-8.67231575,24.5
-8.91623348,24.55
-9.14056882,24.6
-9.34508334,24.65
-9.52957551,24.7
-9.69387967,24.75
-9.83786474,24.8
-9.96143317,24.85
-10.0645197,24.9
-10.14709024,24.95
-10.20914072,25
-10.25069603,25.05
-10.27180895,25.1
-10.27255917,25.15
-10.25305236,25.2
-10.21341933,25.25
-10.15381523,25.3
-10.07441886,25.35
-9.97543206,25.4
-9.85707918,25.45
-9.71960666,25.5
-9.5632827,25.55
-9.38839697,25.6
-9.19526048,25.65
-8.98420553,25.7
-8.75558566,25.75
-8.50977581,25.8
-8.24717244,25.85
-7.96819376,25.9
-7.67328007,25.95
-7.36289404,26
-7.03752114,26.05
-6.69767003,26.1
-6.34387301,26.15
-5.97668648,26.2
-5.59669137,26.25
-5.2044936,26.3
-4.80072447,26.35
-4.38604107,26.4
-3.96112659,26.45
-3.52669059,26.5
-3.0834692,26.55
-2.63222526,26.6
-2.1737483,26.65
-1.70885448,26.7
-1.2383864,26.75
-0.76321272,26.8
-0.28422776,26.85
0.19764916,26.9
0.68147444,26.95
1.16628116,27
1.65108012,27.05
2.13486113,27.1
2.61659437,27.15
3.09523208,27.2
3.56971023,27.25
4.03895052,27.3
4.50186249,27.35
4.95734582,27.4
5.40429275,27.45
5.84159073,27.5
6.26812517,27.55
6.68278239,27.6
7.08445265,27.65
7.47203333,27.7
7.84443227,27.75
8.20057118,27.8
8.53938907,27.85
8.85984594,27.9
9.16092633,27.95
9.44164306,28
9.70104094,28.05
9.93820048,28.1
10.15224166,28.15
10.34232761,28.2
10.50766826,28.25
10.64752399,28.3
10.76120912,28.35
10.84809534,28.4
10.90761503,28.45
10.93926447,28.5
10.94260679,28.55
10.91727491,28.6
10.86297415,28.65
10.77948469,28.7
10.66666386,28.75
10.5244481,28.8
10.35285475,28.85
10.15198351,28.9
9.92201769,28.95
9.66322514,29
9.37595891,29.05
9.06065753,29.1
8.71784512,29.15
8.34813103,29.2
7.95220929,29.25
7.53085768,29.3
7.08493646,29.35
6.61538679,29.4
6.12322891,29.45
5.60955987,29.5
5.07555104,29.55
4.5224453,29.6
3.95155392,29.65
3.36425317,29.7
2.76198065,29.75
2.14623133,29.8
1.5185534,29.85
0.88054383,29.9
0.23384377,29.95
-0.41986634,30
-1.07887174,30.05
-1.74142854,30.1
-2.40576904,30.15
-3.0701072,30.2
-3.73264416,30.25
-4.39157386,30.3
-5.04508875,30.35
-5.69138549,30.4
-6.32867068,30.45
-6.95516661,30.5
-7.56911689,30.55
-8.16879216,30.6
-8.75249556,30.65
-9.31856828,30.7
-9.86539481,30.75
-10.39140819,30.8
-10.89509504,30.85
-11.37500039,30.9
-11.82973235,30.95
-12.25796657,31
-12.65845041,31.05
-13.03000691,31.1
-13.3715385,31.15
-13.68203042,31.2
-13.96055382,31.25
-14.20626864,31.3
-14.41842611,31.35
-14.59637099,31.4
-14.73954341,31.45
-14.84748051,31.5
-14.91981762,31.55
-14.95628919,31.6
-14.95672936,31.65
-14.9210722,31.7
-14.84935162,31.75
-14.74170097,31.8
-14.59835226,31.85
-14.41963517,31.9
-14.20597563,31.95
-13.95789419,32
-13.67600406,32.05
-13.36100884,32.1
-13.01370009,32.15
-12.63495449,32.2
-12.22573085,32.25
-11.78706691,32.3
-11.32007584,32.35
-10.82594259,32.4
-10.30592005,32.45
-9.76132504,32.5
-9.19353414,32.55
-8.60397938,32.6
-7.9941438,32.65
-7.36555692,32.7
-6.71979014,32.75
-6.05845203,32.8
-5.38318358,32.85
-4.69565342,32.9
-3.99755302,32.95
-3.29059185,33
-2.57649261,33.05
-1.8569864,33.1
-1.13380802,33.15
-0.40869125,33.2
0.31663578,33.25
1.04045514,33.3
1.76106356,33.35
2.4767768,33.4
3.18593391,33.45
3.88690133,33.5
4.57807696,33.55
5.25789396,33.6
5.9248245,33.65
6.57738333,33.7
7.21413118,33.75
7.83367801,33.8
8.43468609,33.85
9.01587288,33.9
9.57601379,33.95
10.11394469,34
10.62856431,34.05
11.11883639,34.1
11.58379168,34.15
12.02252975,34.2
12.43422062,34.25
12.81810617,34.3
13.17350141,34.35
13.49979553,34.4
13.79645279,34.45
14.06301319,34.5
14.29909303,34.55
14.50438517,34.6
14.67865926,34.65
14.82176168,34.7
14.93361534,34.75
15.01421934,34.8
15.06364843,34.85
15.08205228,34.9
15.06965467,34.95
15.02675243,35
14.95371426,35.05
14.8509794,35.1
14.71905614,35.15
14.55852017,35.2
14.3700128,35.25
14.15423904,35.3
13.91196552,35.35
13.64401825,35.4
13.35128033,35.45
13.03468942,35.5
12.6952352,35.55
12.33395656,35.6
11.95193883,35.65
11.55031077,35.7
11.1302415,35.75
10.69293734,35.8
10.23963849,35.85
9.77161568,35.9
9.29016668,35.95
8.79661276,36
8.29229502,36.05
7.77857071,36.1
7.25680945,36.15
6.7283894,36.2
6.19469338,36.25
5.65710493,36.3
5.11700443,36.35
4.57576505,36.4
4.0347488,36.45
3.49530258,36.5
2.95875416,36.55
2.42640827,36.6
1.89954266,36.65
1.37940425,36.7
0.86720534,36.75
0.36411984,36.8
-0.12872038,36.85
-0.61022897,36.9
-1.07936864,36.95
-1.53515439,37
-1.9766567,37.05
-2.40300456,37.1
-2.81338829,37.15
-3.20706224,37.2
-3.5833472,37.25
-3.94163273,37.3
-4.28137914,37.35
-4.60211932,37.4
-4.90346027,37.45
-5.18508448,37.5
-5.44675085,37.55
-5.68829554,37.6
-5.9096324,37.65
-6.11075318,37.7
-6.29172737,37.75
-6.45270179,37.8
-6.59389988,37.85
-6.71562062,37.9
-6.81823717,37.95
-6.90219522,38
-6.96801094,38.05
-7.01626873,38.1
-7.04761859,38.15
-7.06277318,38.2
-7.06250461,38.25
-7.04764098,38.3
-7.01906254,38.35
-6.9776977,38.4
-6.92451868,38.45
-6.86053701,38.5
-6.78679876,38.55
-6.70437958,38.6
-6.61437953,38.65
-6.51791781,38.7
-6.41612725,38.75
-6.31014878,38.8
-6.20112572,38.85
-6.09019805,38.9
-5.97849662,38.95
-5.86713734,39
-5.75721534,39.05
-5.64979928,39.1
-5.54592556,39.15
-5.44659276,39.2
-5.35275615,39.25
-5.26532232,39.3
-5.18514405,39.35
-5.11301534,39.4
-5.04966667,39.45
-4.9957606,39.5
-4.9518875,39.55
-4.9185618,39.6
-4.89621835,39.65
-4.88520937,39.7
-4.88580155,39.75
-4.89817376,39.8
-4.92241502,39.85
-4.95852301,39.9
-5.00640294,39.95
-5.06586698,40
-5.13663408,40.05
-5.21833032,40.1
-5.31048967,40.15
-5.4125554,40.2
-5.52388176,40.25
-5.64373634,40.3
-5.77130279,40.35
-5.90568409,40.4
-6.04590624,40.45
-6.19092243,40.5
-6.33961762,40.55
-6.49081362,40.6
-6.64327444,40.65
-6.79571218,40.7
-6.94679312,40.75
-7.09514428,40.8
-7.23936019,40.85
-7.37800996,40.9
-7.50964459,40.95
-7.63280449,41
-7.74602714,41.05
-7.84785492,41.1
-7.93684303,41.15
-8.01156741,41.2
-8.07063274,41.25
-8.11268038,41.3
-8.13639621,41.35
-8.14051846,41.4
-8.12384527,41.45
-8.08524212,41.5
-8.02364903,41.55
-7.93808745,41.6
-7.82766687,41.65
-7.69159107,41.7
-7.52916398,41.75
-7.33979509,41.8
-7.12300449,41.85
-6.8784273,41.9
-6.60581768,41.95
-6.30505229,42
-5.97613309,42.05
-5.6191897,42.1
-5.23448104,42.15
-4.82239637,42.2
-4.38345572,42.25
-3.91830968,42.3
-3.42773852,42.35
-2.91265063,42.4
-2.37408039,42.45
-1.81318531,42.5
-1.23124258,42.55
-0.62964496,42.6
-0.00989608,42.65
0.62639484,42.7
1.27751892,42.75
1.94167401,42.8
2.61697168,42.85
3.30144461,42.9
3.99305455,42.95
4.68970062,43
5.38922802,43.05
6.08943709,43.1
6.78809267,43.15
7.48293369,43.2
8.17168299,43.25
8.85205731,43.3
9.52177734,43.35
10.17857789,43.4
10.82021803,43.45
11.44449119,43.5
12.04923517,43.55
12.63234198,43.6
13.19176754,43.65
13.72554105,43.7
14.23177411,43.75
14.70866952,43.8
15.15452956,43.85
15.56776401,43.9
15.94689751,43.95
16.29057653,44
16.59757571,44.05
16.8668036,44.1
17.09730783,44.15
17.28827951,44.2
17.43905706,44.25
17.54912928,44.3
17.61813768,44.35
17.64587807,44.4
17.63230145,44.45
17.5775141,44.5
17.48177685,44.55
17.34550372,44.6
17.16925969,44.65
16.95375778,44.7
16.69985537,44.75
16.40854984,44.8
16.08097344,44.85
15.71838761,44.9
15.32217652,44.95
14.89384013,45
14.43498659,45.05
13.94732414,45.1
13.43265253,45.15
12.89285399,45.2
12.32988377,45.25
11.7457604,45.3
11.14255558,45.35
10.52238387,45.4
9.88739224,45.45
9.23974936,45.5
8.58163498,45.55
7.91522917,45.6
7.24270169,45.65
6.5662014,45.7
5.8878459,45.75
5.20971132,45.8
4.53382245,45.85
3.86214314,45.9
3.19656716,45.95
2.53890942,46
1.8908977,46.05
1.25416495,46.1
0.6302421,46.15
0.02055155,46.2
-0.57359877,46.25
-1.15102056,46.3
-1.71064966,46.35
-2.25154981,46.4
-2.77291564,46.45
-3.27407486,46.5
-3.75448971,46.55
-4.21375755,46.6
-4.65161068,46.65
-5.06791537,46.7
-5.46267006,46.75
-5.83600277,46.8
-6.18816777,46.85
-6.51954147,46.9
-6.83061756,46.95
-7.12200151,47
-7.39440432,47.05
-7.64863572,47.1
-7.88559666,47.15
-8.10627135,47.2
-8.31171875,47.25
-8.50306362,47.3
-8.68148713,47.35
-8.84821714,47.4
-9.00451823,47.45
-9.15168143,47.5
-9.29101379,47.55
-9.42382792,47.6
-9.55143136,47.65
-9.67511606,47.7
-9.79614791,47.75
-9.91575643,47.8
-10.03512461,47.85
-10.15537911,47.9
-10.27758073,47.95
-10.4027153,48
-10.53168498,48.05
-10.66530012,48.1
-10.80427165,48.15
-10.94920403,48.2
-11.10058894,48.25
-11.25879963,48.3
-11.42408593,48.35
-11.59657017,48.4
-11.77624378,48.45
-11.96296478,48.5
-12.15645609,48.55
-12.35630473,48.6
-12.56196187,48.65
-12.77274376,48.7
-12.98783363,48.75
-13.20628431,48.8
-13.42702193,48.85
-13.64885027,48.9
-13.87045615,48.95
-14.09041549,49
-14.30720023,49.05
-14.51918605,49.1
-14.72466069,49.15
-14.92183309,49.2
-15.10884304,49.25
-15.28377154,49.3
-15.44465157,49.35
-15.58947941,49.4
-15.71622634,49.45
-15.82285074,49.5
-15.9073104,49.55
-15.96757512,49.6
-16.00163937,49.65
-16.00753518,49.7
-15.98334487,49.75
-15.9272138,49.8
-15.83736301,49.85
-15.71210158,49.9
-15.54983875,49.95
-15.3490957,50
-15.10851687,50.05
-14.82688086,50.1
-14.50311069,50.15
-14.13628353,50.2
-13.72563972,50.25
-13.27059103,50.3
-12.77072823,50.35
-12.22582771,50.4
-11.63585733,50.45
-11.0009813,50.5
-10.32156412,50.55
-9.59817356,50.6
-8.83158257,50.65
-8.02277027,50.7
-7.1729218,50.75
-6.28342716,50.8
-5.35587902,50.85
-4.39206942,50.9
-3.39398548,50.95
-2.36380404,51
-1.30388533,51.05
-0.21676558,51.1
0.89485126,51.15
2.02810273,51.2
3.17997805,51.25
4.347329,51.3
5.52688169,51.35
6.71524909,51.4
7.90894415,51.45
9.10439361,51.5
10.29795233,51.55
11.48591811,51.6
12.66454697,51.65
13.83006868,51.7
14.97870262,51.75
16.10667386,51.8
17.21022922,51.85
18.28565353,51.9
19.3292857,51.95
20.33753472,52
21.30689547,52.05
22.23396422,52.1
23.11545371,52.15
23.94820793,52.2
24.72921623,52.25
25.45562693,52.3
26.12476029,52.35
26.73412072,52.4
27.28140819,52.45
27.76452888,52.5
28.18160488,52.55
28.53098295,52.6
28.81124234,52.65
29.0212015,52.7
29.15992386,52.75
29.22672237,52.8
29.22116308,52.85
29.14306747,52.9
28.99251372,52.95
28.76983676,53
28.47562728,53.05
28.11072944,53.1
27.67623763,53.15
27.17349197,53.2
26.60407278,53.25
25.96979399,53.3
25.27269549,53.35
24.51503448,53.4
23.69927596,53.45
22.82808215,53.5
21.90430124,53.55
20.9309552,53.6
19.91122694,53.65
18.8484468,53.7
17.74607836,53.75
16.60770382,53.8
15.43700882,53.85
14.23776697,53.9
13.01382398,53.95
11.76908162,54
10.50748147,54.05
9.23298867,54.1
7.94957556,54.15
6.66120552,54.2
5.37181689,54.25
4.08530713,54.3
2.80551732,54.35
1.53621701,54.4
0.28108955,54.45
-0.95628211,54.5
-2.17242898,54.55
-3.36400896,54.6
-4.52781912,54.65
-5.66080712,54.7
-6.76008196,54.75
-7.82292374,54.8
-8.84679265,54.85
-9.82933693,54.9
-10.76839995,54.95
-11.66202629,55
-12.50846678,55.05
-13.30618258,55.1
-14.05384816,55.15
-14.75035334,55.2
-15.39480425,55.25
-15.98652322,55.3
-16.52504776,55.35
-17.01012847,55.4
-17.44172603,55.45
-17.82000715,55.5
-18.14533974,55.55
-18.41828711,55.6
-18.63960131,55.65
-18.81021579,55.7
-18.93123715,55.75
-19.00393639,55.8
-19.0297393,55.85
-19.01021647,55.9
-18.94707262,55.95
-18.84213554,56
-18.69734463,56.05
-18.5147391,56.1
-18.29644583,56.15
-18.04466717,56.2
-17.76166846,56.25
-17.44976556,56.3
-17.11131236,56.35
-16.74868834,56.4
-16.36428627,56.45
-15.96050008,56.5
-15.53971303,56.55
-15.10428609,56.6
-14.65654682,56.65
-14.19877854,56.7
-13.73321005,56.75
-13.26200584,56.8
-12.78725687,56.85
-12.31097194,56.9
-11.83506972,56.95
-11.36137142,57
-10.89159418,57.05
-10.4273452,57.1
-9.97011653,57.15
-9.52128078,57.2
-9.08208741,57.25
-8.65365992,57.3
-8.2369938,57.35
-7.83295518,57.4
-7.44228038,57.45
-7.06557608,57.5
-6.70332031,57.55
-6.35586418,57.6
-6.02343422,57.65
-5.70613546,57.7
-5.40395518,57.75
-5.11676719,57.8
-4.84433671,57.85
-4.58632585,57.9
-4.34229945,57.95
-4.11173151,58
-3.89401193,58.05
-3.6884536,58.1
-3.49429988,58.15
-3.31073224,58.2
-3.13687818,58.25
-2.97181921,58.3
-2.81459907,58.35
-2.66423187,58.4
-2.5197103,58.45
-2.38001377,58.5
-2.24411648,58.55
-2.11099531,58.6
-1.97963755,58.65
-1.84904833,58.7
-1.71825789,58.75
-1.58632845,58.8
-1.4523607,58.85
-1.31550004,58.9
-1.17494221,58.95
-1.02993865,59
-0.87980128,59.05
-0.72390684,59.1
-0.56170068,59.15
-0.39270006,59.2
-0.21649685,59.25
-0.03275981,59.3
0.15876386,59.35
0.35824735,59.4
0.56578374,59.45
0.78138599,59.5
1.00498747,59.55
1.23644301,59.6
1.47553051,59.65
1.72195292,59.7
1.97534083,59.75
2.23525539,59.8
2.50119172,59.85
2.77258268,59.9
3.04880298,59.95
3.32917366,60
3.61296682,60.05
3.89941067,60.1
4.18769468,60.15
4.47697506,60.2
4.76638029,60.25
5.05501679,60.3
5.34197463,60.35
5.62633331,60.4
5.90716752,60.45
6.18355285,60.5
6.45457137,60.55
6.71931722,60.6
6.97690192,60.65
7.22645954,60.7
7.46715169,60.75
7.69817223,60.8
7.91875171,60.85
8.12816153,60.9
8.32571776,60.95
8.51078465,61
8.68277777,61.05
8.84116677,61.1
8.98547775,61.15
9.11529529,61.2
9.230264,61.25
9.33008973,61.3
9.41454034,61.35
9.4834461,61.4
9.53669963,61.45
9.57425553,61.5
9.59612952,61.55
9.60239734,61.6
9.59319317,61.65
9.56870778,61.7
9.52918632,61.75
9.47492584,61.8
9.40627251,61.85
9.32361859,61.9
9.22739914,61.95
9.11808859,62
8.99619707,62.05
8.86226662,62.1
8.71686726,62.15
8.56059303,62.2
8.39405787,62.25
8.21789157,62.3
8.03273564,62.35
7.83923927,62.4
7.6380553,62.45
7.4298363,62.5
7.21523077,62.55
6.99487944,62.6
6.76941178,62.65
6.53944263,62.7
6.30556914,62.75
6.06836782,62.8
5.8283919,62.85
5.58616896,62.9
5.34219878,62.95
5.09695149,63
4.85086609,63.05
4.60434913,63.1
4.35777383,63.15
4.11147942,63.2
3.86577082,63.25
3.62091865,63.3
3.37715946,63.35
3.13469637,63.4
2.89369989,63.45
2.65430904,63.5
2.41663281,63.55
2.18075174,63.6
1.9467198,63.65
1.71456652,63.7
1.48429919,63.75
1.25590534,63.8
1.02935533,63.85
0.80460504,63.9
0.58159869,63.95
0.36027172,64
0.14055373,64.05
-0.0776286,64.1
-0.29434849,64.15
-0.50967622,64.2
-0.72367621,64.25
-0.93640425,64.3
-1.1479048,64.35
-1.35820848,64.4
-1.5673296,64.45
-1.77526398,64.5
-1.98198688,64.55
-2.18745117,64.6
-2.39158575,64.65
-2.59429416,64.7
-2.79545349,64.75
-2.99491354,64.8
-3.19249629,64.85
-3.38799557,64.9
-3.58117714,64.95
-3.77177894,65
-3.95951178,65.05
-4.14406014,65.1
-4.32508344,65.15
-4.50221747,65.2
-4.67507615,65.25
-4.84325354,65.3
-5.00632611,65.35
-5.16385523,65.4
-5.31538995,65.45
-5.46046984,65.5
-5.5986282,65.55
-5.72939525,65.6
-5.85230165,65.65
-5.96688194,65.7
-6.07267822,65.75
-6.16924383,65.8
-6.25614708,65.85
-6.33297499,65.9
-6.39933702,65.95
-6.45486873,66
-6.4992354,66.05
-6.53213555,66.1
-6.55330427,66.15
-6.56251649,66.2
-6.55958997,66.25
-6.54438818,66.3
-6.51682285,66.35
-6.47685635,66.4
-6.42450373,66.45
-6.35983452,66.5
-6.28297415,66.55
-6.19410514,66.6
-6.09346781,66.65
-5.98136076,66.7
-5.8581409,66.75
-5.72422317,66.8
-5.58007983,66.85
-5.42623935,66.9
-5.26328504,66.95
-5.09185313,67
-4.91263062,67.05
-4.72635266,67.1
-4.53379967,67.15
-4.335794,67.2
-4.13319636,67.25
-3.92690186,67.3
-3.71783585,67.35
-3.50694937,67.4
-3.29521443,67.45
-3.08361905,67.5
-2.87316208,67.55
-2.66484787,67.6
-2.4596808,67.65
-2.25865968,67.7
-2.06277213,67.75
-1.87298881,67.8
-1.69025777,67.85
-1.51549873,67.9
-1.34959744,67.95
-1.19340018,68
-1.04770833,68.05
-0.9132731,68.1
-0.79079051,68.15
-0.68089658,68.2
-0.58416272,68.25
-0.50109148,68.3
-0.43211258,68.35
-0.37757935,68.4
-0.3377654,68.45
-0.31286189,68.5
-0.30297499,68.55
-0.30812398,68.6
-0.32823969,68.65
-0.36316339,68.7
-0.41264629,68.75
-0.47634935,68.8
-0.55384377,68.85
-0.64461183,68.9
-0.7480483,68.95
-0.86346238,69
-0.99008005,69.05
-1.127047,69.1
-1.27343194,69.15
-1.42823047,69.2
-1.59036932,69.25
-1.75871106,69.3
-1.93205922,69.35
-2.10916376,69.4
-2.28872692,69.45
-2.46940942,69.5
-2.64983688,69.55
-2.82860664,69.6
-3.00429468,69.65
-3.1754628,69.7
-3.34066596,69.75
-3.49845974,69.8
-3.64740786,69.85
-3.78608978,69.9
-3.91310827,69.95
-4.02709698,70
-4.12672788,70.05
-4.21071866,70.1
-4.27783987,70.15
-4.32692197,70.2
-4.35686208,70.25
-4.36663049,70.3
-4.35527681,70.35
-4.32193586,70.4
-4.26583312,70.45
-4.1862898,70.5
-4.08272749,70.55
-3.95467231,70.6
-3.8017586,70.65
-3.62373211,70.7
-3.42045265,70.75
-3.19189621,70.8
-2.93815651,70.85
-2.65944601,70.9
-2.35609629,70.95
-2.02855793,71
-1.67739976,71.05
-1.30330752,71.1
-0.90708201,71.15
-0.48963659,71.2
-0.05199422,71.25
0.40471614,71.3
0.879,71.35
1.37031986,71.4
1.87646441,71.45
2.39618993,71.5
2.92790831,71.55
3.469957,71.6
4.02060578,71.65
4.57806377,71.7
5.14048689,71.75
5.70598546,71.8
6.2726321,71.85
6.83846981,71.9
7.40152018,71.95
7.95979176,72
8.51128843,72.05
9.05401789,72.1
9.58600003,72.15
10.10527538,72.2
10.60991332,72.25
11.0980203,72.3
11.56774775,72.35
12.01729993,72.4
12.44494136,72.45
12.84900415,72.5
13.22789485,72.55
13.58010107,72.6
13.90419766,72.65
14.19885249,72.7
14.46283181,72.75
14.69500518,72.8
14.89434985,72.85
15.05995472,72.9
15.19102374,72.95
15.28687883,73
15.34696221,73.05
15.37083826,73.1
15.35819475,73.15
15.30884363,73.2
15.22272117,73.25
15.09988759,73.3
14.94052623,73.35
14.74494209,73.4
14.5135599,73.45
14.24692172,73.5
13.94568399,73.55
13.61061421,73.6
13.24258709,73.65
12.84258034,73.7
12.41167004,73.75
11.95102567,73.8
11.46190479,73.85
10.94564738,73.9
10.40367001,73.95
9.83745963,74
9.24856725,74.05
8.63860144,74.1
8.00922161,74.15
7.36213129,74.2
6.69907124,74.25
6.02181262,74.3
5.33215007,74.35
4.63189483,74.4
3.92286803,74.45
3.20689391,74.5
2.48579327,74.55
1.76137708,74.6
1.0354402,74.65
0.3097554,74.7
-0.41393249,74.75
-1.13391206,74.8
-1.84851062,74.85
-2.55609911,74.9
-3.25509678,74.95
-3.94397551,75
-4.62126372,75.05
-5.28555003,75.1
-5.93548651,75.15
-6.5697915,75.2
-7.18725219,75.25
-7.78672668,75.3
-8.36714576,75.35
-8.92751431,75.4
-9.46691223,75.45
-9.98449519,75.5
-10.47949483,75.55
-10.95121873,75.6
-11.39905008,75.65
-11.8224469,75.7
-12.22094109,75.75
-12.59413711,75.8
-12.94171044,75.85
-13.26340578,75.9
-13.559035,75.95
-13.82847492,76
-14.07166488,76.05
-14.28860414,76.1
-14.4793492,76.15
-14.6440109,76.2
-14.78275153,76.25
-14.89578181,76.3
-14.98335783,76.35
-15.04577799,76.4
-15.08337989,76.45
-15.09653729,76.5
-15.08565706,76.55
-15.05117623,76.6
-14.99355908,76.65
-14.91329432,76.7
-14.81089245,76.75
-14.68688311,76.8
-14.5418127,76.85
-14.37624206,76.9
-14.19074435,76.95
-13.98590306,77
-13.76231025,77.05
-13.5205649,77.1
-13.26127149,77.15
-12.98503874,77.2
-12.69247853,77.25
-12.38420502,77.3
-12.06083395,77.35
-11.72298207,77.4
-11.37126682,77.45
-11.00630607,77.5
-10.62871809,77.55
-10.23912162,77.6
-9.8381361,77.65
-9.42638199,77.7
-9.00448122,77.75
-8.5730577,77.8
-8.13273792,77.85
-7.68415164,77.9
-7.22793257,77.95
-6.76471911,78
-6.29515511,78.05
-5.81989061,78.1
-5.33958256,78.15
-4.85489549,78.2
-4.36650218,78.25
-3.87508418,78.3
-3.38133233,78.35
-2.88594712,78.4
-2.38963899,78.45
-1.89312847,78.5
-1.39714618,78.55
-0.90243274,78.6
-0.40973849,78.65
0.08017696,78.7
0.56654533,78.75
1.04859044,78.8
1.52552912,78.85
1.9965724,78.9
2.46092677,78.95
2.91779563,79
3.36638098,79.05
3.80588522,79.1
4.2355131,79.15
4.65447388,79.2
5.06198359,79.25
5.45726744,79.3
5.83956238,79.35
6.2081197,79.4
6.56220781,79.45
6.90111505,79.5
7.22415258,79.55
7.53065732,79.6
7.81999494,79.65
8.0915628,79.7
8.34479294,79.75
8.57915508,79.8
8.79415942,79.85
8.98935958,79.9
9.16435527,79.95
9.31879498,80
9.45237848,80.05
9.56485918,80.1
9.65604636,80.15
9.72580717,80.2
9.77406846,80.25
9.80081841,80.3
9.80610788,80.35
9.79005153,80.4
9.75282873,80.45
9.6946841,80.5
9.6159279,80.55
9.51693598,80.6
9.39814956,80.65
9.26007464,80.7
9.10328111,80.75
8.92840157,80.8
8.73612983,80.85
8.52721908,80.9
8.3024798,80.95
8.06277734,81
7.80902921,81.05
7.5422021,81.1
7.2633086,81.15
6.97340369,81.2
6.67358096,81.25
6.36496862,81.3
6.04872527,81.35
5.72603549,81.4
5.39810526,81.45
5.06615718,81.5
4.73142565,81.55
4.39515183,81.6
4.05857859,81.65
3.72294536,81.7
3.38948297,81.75
3.05940849,81.8
2.73392,81.85
2.41419153,81.9
2.10136799,81.95
1.79656017,82
1.50083997,82.05
1.21523566,82.1
0.94072737,82.15
0.67824276,82.2
0.42865293,82.25
0.19276854,82.3
-0.02866379,82.35
-0.23496479,82.4
-0.42552559,82.45
-0.59981038,82.5
-0.75735883,82.55
-0.89778805,82.6
-1.02079432,82.65
-1.12615433,82.7
-1.21372614,82.75
-1.28344967,82.8
-1.33534689,82.85
-1.36952154,82.9
-1.38615852,82.95
-1.38552285,83
-1.36795829,83.05
-1.33388551,83.1
-1.28379999,83.15
-1.21826945,83.2
-1.13793104,83.25
-1.04348809,83.3
-0.93570665,83.35
-0.81541161,83.4
-0.68348267,83.45
-0.54084992,83.5
-0.38848925,83.55
-0.22741758,83.6
-0.05868777,83.65
0.11661648,83.7
0.29738602,83.75
0.48249161,83.8
0.6707895,83.85
0.86112697,83.9
1.05234795,83.95
1.24329862,84
1.43283299,84.05
1.61981843,84.1
1.80314112,84.15
1.98171134,84.2
2.15446868,84.25
2.3203871,84.3
2.4784797,84.35
2.62780339,84.4
2.76746324,84.45
2.89661664,84.5
3.01447712,84.55
3.12031789,84.6
3.21347508,84.65
3.29335066,84.7
3.35941497,84.75
3.4112089,84.8
3.44834578,84.85
3.47051279,84.9
3.47747203,84.95
3.46906125,85
3.44519413,85.05
3.40586021,85.1
3.3511244,85.15
3.28112618,85.2
3.19607832,85.25
3.09626535,85.3
2.9820416,85.35
2.85382892,85.4
2.71211404,85.45
2.55744569,85.5
2.39043133,85.55
2.21173366,85.6
2.02206689,85.65
1.82219267,85.7
1.61291593,85.75
1.39508045,85.8
1.16956426,85.85
0.93727497,85.9
0.69914488,85.95
0.45612605,86
0.20918534,86.05
-0.04070064,86.1
-0.29255061,86.15
-0.5453836,86.2
-0.79822398,86.25
-1.05010637,86.3
-1.30008048,86.35
-1.54721581,86.4
-1.79060623,86.45
-2.0293744,86.5
-2.26267599,86.55
-2.48970367,86.6
-2.70969094,86.65
-2.92191561,86.7
-3.12570317,86.75
-3.3204297,86.8
-3.50552463,86.85
-3.68047314,86.9
-3.84481823,86.95
-3.99816253,87
-4.14016968,87.05
-4.27056547,87.1
-4.3891386,87.15
-4.49574109,87.2
-4.59028836,87.25
-4.672759,87.3
-4.74319413,87.35
-4.80169654,87.4
-4.84842941,87.45
-4.88361477,87.5
-4.90753162,87.55
-4.92051385,87.6
-4.92294774,87.65
-4.91526935,87.7
-4.89796154,87.75
-4.87155083,87.8
-4.83660406,87.85
-4.79372479,87.9
-4.74354962,87.95
-4.68674429,88
-4.62399967,88.05
-4.55602767,88.1
-4.48355705,88.15
-4.40732916,88.2
-4.32809363,88.25
-4.2466041,88.3
-4.16361389,88.35
-4.07987178,88.4
-3.9961177,88.45
-3.9130787,88.5
-3.83146479,88.55
-3.7519651,88.6
-3.67524402,88.65
-3.60193756,88.7
-3.53264988,88.75
-3.46795003,88.8
-3.40836878,88.85
-3.35439585,88.9
-3.30647718,88.95
-3.26501261,89
-3.23035367,89.05
-3.20280173,89.1
-3.18260639,89.15
-3.1699641,89.2
-3.16501716,89.25
-3.16785291,89.3
-3.17850324,89.35
-3.19694438,89.4
-3.22309701,89.45
-3.25682659,89.5
-3.29794402,89.55
-3.34620655,89.6
-3.40131895,89.65
-3.46293496,89.7
-3.53065897,89.75
-3.60404794,89.8
-3.6826136,89.85
-3.76582473,89.9
-3.85310984,89.95
-3.94385985,90
-4.03743108,90.05
-4.13314831,90.1
-4.23030803,90.15
-4.3281818,90.2
-4.42601975,90.25
-4.52305409,90.3
-4.61850279,90.35
-4.71157328,90.4
-4.80146615,90.45
-4.88737893,90.5
-4.96850984,90.55
-5.04406154,90.6
-5.11324488,90.65
-5.17528248,90.7
-5.22941243,90.75
-5.27489178,90.8
-5.31099995,90.85
-5.3370421,90.9
-5.3523523,90.95
-5.35629661,91
-5.34827602,91.05
-5.32772916,91.1
-5.29413495,91.15
-5.24701499,91.2
-5.18593579,91.25
-5.11051081,91.3
-5.0204023,91.35
-4.91532289,91.4
-4.79503705,91.45
-4.65936228,91.5
-4.50817007,91.55
-4.3413867,91.6
-4.15899375,91.65
-3.96102845,91.7
-3.74758377,91.75
-3.51880834,91.8
-3.27490608,91.85
-3.01613574,91.9
-2.74281009,91.95
-2.45529503,92
-2.15400848,92.05
-1.839419,92.1
-1.51204439,92.15
-1.17244995,92.2
-0.82124671,92.25
-0.45908943,92.3
-0.0866745,92.35
0.29526235,92.4
0.68594837,92.45
1.08457631,92.5
1.49030703,92.55
1.90227213,92.6
2.31957675,92.65
2.74130239,92.7
3.16650981,92.75
3.59424195,92.8
4.02352692,92.85
4.45338099,92.9
4.88281162,92.95
5.31082047,93
5.73640641,93.05
6.15856854,93.1
6.57630916,93.15
6.9886367,93.2
7.39456863,93.25
7.7931343,93.3
8.18337773,93.35
8.56436034,93.4
8.93516359,93.45
9.2948915,93.5
9.64267321,93.55
9.97766526,93.6
10.29905395,93.65
10.60605744,93.7
10.89792788,93.75
11.17395328,93.8
11.43345941,93.85
11.67581145,93.9
11.90041558,93.95
12.10672045,94
12.29421847,94.05
12.46244701,94.1
12.61098945,94.15
12.73947611,94.2
12.84758502,94.25
12.93504254,94.3
13.00162392,94.35
13.04715366,94.4
13.07150572,94.45
13.07460367,94.5
13.05642063,94.55
13.01697912,94.6
12.9563508,94.65
12.87465604,94.7
12.77206335,94.75
12.64878879,94.8
12.50509513,94.85
12.34129099,94.9
12.15772982,94.95
11.9548088,95
11.73296758,95.05
11.49268699,95.1
11.23448762,95.15
10.95892829,95.2
10.66660444,95.25
10.35814644,95.3
10.03421785,95.35
9.69551354,95.4
9.34275778,95.45
8.97670228,95.5
8.5981241,95.55
8.20782362,95.6
7.80662233,95.65
7.39536068,95.7
6.97489583,95.75
6.5460994,95.8
6.10985516,95.85
5.66705676,95.9
5.21860537,95.95
4.76540734,96
4.30837189,96.05
3.84840879,96.1
3.38642598,96.15
2.9233273,96.2
2.46001022,96.25
1.99736352,96.3
1.53626515,96.35
1.07757996,96.4
0.62215763,96.45
0.17083053,96.5
-0.27558825,96.55
-0.71630691,96.6
-1.15055684,96.65
-1.57759439,96.7
-1.99670264,96.75
-2.40719307,96.8
-2.80840709,96.85
-3.19971752,96.9
-3.58052997,96.95
-3.95028411,97
-4.30845479,97.05
-4.65455312,97.1
-4.98812741,97.15
-5.30876395,97.2
-5.61608774,97.25
-5.90976305,97.3
-6.18949387,97.35
-6.45502425,97.4
-6.70613847,97.45
-6.94266116,97.5
-7.1644572,97.55
-7.37143159,97.6
-7.56352909,97.65
-7.74073388,97.7
-7.90306891,97.75
-8.05059532,97.8
-8.1834116,97.85
-8.30165272,97.9
-8.40548912,97.95
-8.49512558,98
-8.57080001,98.05
-8.63278216,98.1
-8.68137218,98.15
-8.71689913,98.2
-8.73971945,98.25
-8.75021525,98.3
-8.74879264,98.35
-8.73587994,98.4
-8.71192586,98.45
-8.67739757,98.5
-8.63277888,98.55
-8.57856817,98.6
-8.51527652,98.65
-8.44342566,98.7
-8.36354598,98.75
-8.27617454,98.8
-8.18185304,98.85
-8.08112588,98.9
-7.97453819,98.95
-7.86263385,99
-7.74595367,99.05
-7.62503345,99.1
-7.50040227,99.15
-7.37258064,99.2
-7.24207893,99.25
-7.10939563,99.3
-6.97501592,99.35
-6.83941011,99.4
-6.70303234,99.45
-6.56631924,99.5
-6.42968875,99.55
-6.29353899,99.6
-6.15824729,99.65
-6.02416927,99.7
-5.89163803,99.75
-5.76096345,99.8
-5.63243163,99.85
-5.50630435,99.9
-5.38281873,99.95
-5.26218693,100
-5.14459599,100.05
-5.03020776,100.1
-4.91915892,100.15
-4.8115611,100.2
-4.70750114,100.25
-4.60704136,100.3
-4.51021999,100.35
-4.41705167,100.4
-4.32752797,100.45
-4.24161809,100.5
-4.15926953,100.55
-4.08040892,100.6
-4.00494281,100.65
-3.93275858,100.7
-3.86372541,100.75
-3.79769526,100.8
-3.73450387,100.85
-3.67397186,100.9
-3.61590581,100.95
-3.56009933,101
-3.50633426,101.05
-3.45438172,101.1
-3.40400332,101.15
-3.35495228,101.2
-3.30697455,101.25
-3.25980995,101.3
-3.21319329,101.35
-3.16685546,101.4
-3.12052452,101.45
-3.0739267,101.5
-3.0267875,101.55
-2.97883261,101.6
-2.92978891,101.65
-2.87938538,101.7
-2.82735397,101.75
-2.77343048,101.8
-2.71735534,101.85
-2.65887439,101.9
-2.5977396,101.95
-2.53370978,102
-2.46655118,102.05
-2.39603815,102.1
-2.32195369,102.15
-2.24408996,102.2
-2.16224881,102.25
-2.07624224,102.3
-1.98589282,102.35
-1.89103407,102.4
-1.79151091,102.45
-1.6871799,102.5
-1.57790967,102.55
-1.46358115,102.6
-1.3440879,102.65
-1.21933634,102.7
-1.08924605,102.75
-0.95374999,102.8
-0.81279473,102.85
-0.66634068,102.9
-0.51436232,102.95
-0.35684843,103
-0.19380224,103.05
-0.02524174,103.1
0.1488002,103.15
0.32827559,103.2
0.51312108,103.25
0.70325779,103.3
0.8985911,103.35
1.09901044,103.4
1.30438907,103.45
1.51458392,103.5
1.72943536,103.55
1.94876707,103.6
2.1723858,103.65
2.40008128,103.7
2.63162604,103.75
2.86677531,103.8
3.10526689,103.85
3.34682114,103.9
3.59114088,103.95
3.83791143,104
4.08680061,104.05
4.33745888,104.1
4.58951939,104.15
4.84259821,104.2
5.09629459,104.25
5.35019119,104.3
5.60385448,104.35
5.85683522,104.4
6.10866886,104.45
6.35887623,104.5
6.60696412,104.55
6.85242607,104.6
7.09474318,104.65
7.33338503,104.7
7.56781069,104.75
7.79746979,104.8
8.02180372,104.85
8.24024691,104.9
8.45222817,104.95
8.65717215,105
8.8545009,105.05
9.04363544,105.1
9.22399753,105.15
9.39501137,105.2
9.55610552,105.25
9.70671479,105.3
9.84628221,105.35
9.9742611,105.4
10.09011713,105.45
10.19333044,105.5
10.28339785,105.55
10.35983497,105.6
10.42217845,105.65
10.46998816,105.7
10.5,105.75
10.52037506,105.8
10.52220781,105.85
10.50802218,105.9
10.47752663,105.95
10.43046558,106
10.3666213,106.05
10.2858158,106.1
10.18791254,106.15
10.0728181,106.2
9.94048369,106.25
9.79090651,106.3
9.62413106,106.35
9.44025017,106.4
9.23940598,106.45
9.02179067,106.5
8.78764707,106.55
8.537269,106.6
8.27100154,106.65
7.98924093,106.7
7.69243444,106.75
7.38107987,106.8
7.05572496,106.85
6.71696647,106.9
6.36544912,106.95
6.00186426,107
5.62694837,107.05
5.24148124,107.1
4.84628408,107.15
4.44221725,107.2
4.03017792,107.25
3.61109747,107.3
3.18593866,107.35
2.75569271,107.4
2.32137609,107.45
1.88402725,107.5
1.44470311,107.55
1.00447549,107.6
0.56442735,107.65
0.12564895,107.7
-0.3107661,107.75
-0.74372481,107.8
-1.17213896,107.85
-1.59492916,107.9
-2.01102904,107.95
-2.41938935,108
-2.81898212,108.05
-3.20880479,108.1
-3.58788419,108.15
-3.95528057,108.2
-4.31009143,108.25
-4.65145533,108.3
-4.97855548,108.35
-5.29062327,108.4
-5.58694151,108.45
-5.8668476,108.5
-6.12973645,108.55
-6.37506312,108.6
-6.60234532,108.65
-6.81116562,108.7
-7.00117332,108.75
-7.17208617,108.8
-7.32369172,108.85
-7.45584838,108.9
-7.56848616,108.95
-7.66160717,109
-7.73528566,109.05
-7.78966793,109.1
-7.82497168,109.15
-7.84148526,109.2
-7.83956644,109.25
-7.8196409,109.3
-7.78220045,109.35
-7.72780085,109.4
-7.65705938,109.45
-7.57065216,109.5
-7.46931103,109.55
-7.35382034,109.6
-7.22501337,109.65
-7.08376852,109.7
-6.93100534,109.75
-6.76768022,109.8
-6.59478206,109.85
-6.41332765,109.9
-6.2243569,109.95
-6.02892806,110
-5.82811272,110.05
-5.62299077,110.1
-5.41464535,110.15
-5.2041577,110.2
-4.99260209,110.25
-4.7810407,110.3
-4.57051859,110.35
-4.36205871,110.4
-4.15665709,110.45
-3.95527804,110.5
-3.7588496,110.55
-3.5682591,110.6
-3.38434896,110.65
-3.20791264,110.7
-3.03969092,110.75
-2.88036839,110.8
-2.73057021,110.85
-2.59085916,110.9
-2.46173308,110.95
-2.34362249,111
-2.23688871,111.05
-2.14182221,111.1
-2.0586414,111.15
-1.9874917,111.2
-1.92844505,111.25
-1.88149981,111.3
-1.84658097,111.35
-1.82354075,111.4
-1.81215966,111.45
-1.8121478,111.5
-1.82314664,111.55
-1.84473105,111.6
-1.87641181,111.65
-1.9176383,111.7
-1.96780162,111.75
-2.026238,111.8
-2.09223243,111.85
-2.16502266,111.9
-2.24380336,111.95
-2.32773055,112
-2.41592625,112.05
-2.50748328,112.1
-2.6014702,112.15
-2.69693647,112.2
-2.79291756,112.25
-2.88844031,112.3
-2.9825282,112.35
-3.07420674,112.4
-3.16250877,112.45
-3.24647977,112.5
-3.32518315,112.55
-3.39770531,112.6
-3.46316078,112.65
-3.52069701,112.7
-3.56949916,112.75
-3.6087946,112.8
-3.6378572,112.85
-3.65601142,112.9
-3.66263609,112.95
-3.65716793,113
-3.6391048,113.05
-3.60800854,113.1
-3.56350758,113.15
-3.50529913,113.2
-3.43315107,113.25
-3.3469034,113.3
-3.24646936,113.35
-3.13183621,113.4
-3.0030655,113.45
-2.86029309,113.5
-2.70372869,113.55
-2.53365505,113.6
-2.3504268,113.65
-2.15446883,113.7
-1.94627442,113.75
-1.72640292,113.8
-1.49547715,113.85
-1.25418044,113.9
-1.00325338,113.95
-0.74349027,114
-0.47573526,114.05
-0.20087835,114.1
0.08014901,114.15
0.36637835,114.2
0.65680897,114.25
0.95041269,114.3
1.24613894,114.35
1.5429198,114.4
1.83967518,114.45
2.13531806,114.5
2.42875973,114.55
2.71891502,114.6
3.00470755,114.65
3.28507485,114.7
3.55897342,114.75
3.82538375,114.8
4.08331505,114.85
4.33180999,114.9
4.5699491,114.95
4.79685509,115
5.01169684,115.05
5.2136932,115.1
5.40211653,115.15
5.57629587,115.2
5.73561993,115.25
5.87953966,115.3
6.00757057,115.35
6.11929467,115.4
6.21436206,115.45
6.29249224,115.5
6.35347496,115.55
6.3971708,115.6
6.42351136,115.65
6.43249908,115.7
6.42420676,115.75
6.39877667,115.8
6.35641937,115.85
6.29741217,115.9
6.22209731,115.95
6.1308798,116
6.02422499,116.05
5.90265583,116.1
5.76674994,116.15
5.6171364,116.2
5.45449227,116.25
5.27953904,116.3
5.09303876,116.35
4.89579014,116.4
4.68862441,116.45
4.47240116,116.5
4.24800405,116.55
4.01633648,116.6
3.77831721,116.65
3.53487595,116.7
3.28694904,116.75
3.03547508,116.8
2.78139067,116.85
2.52562621,116.9
2.26910182,116.95
2.01272338,117
1.75737871,117.05
1.50393393,117.1
1.25322999,117.15
1.00607939,117.2
0.76326313,117.25
0.52552789,117.3
0.29358345,117.35
0.06810033,117.4
-0.15029228,117.45
-0.36100832,117.5
-0.5635064,117.55
-0.7572911,117.6
-0.94191392,117.65
-1.11697398,117.7
-1.28211851,117.75
-1.43704296,117.8
-1.58149091,117.85
-1.7152537,117.9
-1.8381698,117.95
-1.95012395,118
-2.05104607,118.05
-2.1409099,118.1
-2.21973149,118.15
-2.28756749,118.2
-2.34451321,118.25
-2.39070058,118.3
-2.42629592,118.35
-2.45149764,118.4
-2.46653372,118.45
-2.47165926,118.5
-2.46715382,118.55
-2.45331879,118.6
-2.43047469,118.65
-2.39895847,118.7
-2.35912085,118.75
-2.31132361,118.8
-2.25593701,118.85
-2.19333721,118.9
-2.12390382,118.95
-2.0480175,119
-1.96605768,119.05
-1.87840047,119.1
-1.7854166,119.15
-1.68746962,119.2
-1.58491416,119.25
-1.47809446,119.3
-1.36734302,119.35
-1.25297945,119.4
-1.1353095,119.45
-1.01462432,119.5
-0.89119991,119.55
-0.76529672,119.6
-0.6371595,119.65
-0.50701736,119.7
-0.37508395,119.75
-0.2415579,119.8
-0.10662339,119.85
0.02954906,119.9
0.16680171,119.95
0.30498846,120
0.4439737,120.05
0.5836309,120.1
0.72384121,120.15
0.86449185,120.2
1.0054745,120.25
1.14668358,120.3
1.28801448,120.35
1.42936179,120.4
1.57061744,120.45
1.71166893,120.5
1.85239753,120.55
1.99267652,120.6
2.13236946,120.65
2.27132859,120.7
2.40939328,120.75
2.54638857,120.8
2.68212385,120.85
2.81639168,120.9
2.94896673,120.95
3.07960491,121
3.20804264,121.05
3.33399632,121.1
3.45716202,121.15
3.57721526,121.2
3.69381119,121.25
3.80658474,121.3
3.91515119,121.35
4.01910686,121.4
4.11802999,121.45
4.21148194,121.5
4.29900847,121.55
4.38014136,121.6
4.45440013,121.65
4.52129402,121.7
4.5803241,121.75
4.63098566,121.8
4.67277062,121.85
4.70517022,121.9
4.72767777,121.95
4.73979157,122
4.74101791,122.05
4.73087418,122.1
4.70889201,122.15
4.67462052,122.2
4.62762956,122.25
4.56751298,122.3
4.49389187,122.35
4.40641785,122.4
4.30477616,122.45
4.18868883,122.5
4.05791767,122.55
3.91226721,122.6
3.75158741,122.65
3.57577631,122.7
3.3847825,122.75
3.17860731,122.8
2.95730693,122.85
2.72099417,122.9
2.46984009,122.95
2.20407529,123
1.923991,123.05
1.62993985,123.1
1.32233636,123.15
1.00165715,123.2
0.6684408,123.25
0.32328749,123.3
-0.03314178,123.35
-0.40012622,123.4
-0.77688659,123.45
-1.16258689,123.5
-1.55633635,123.55
-1.95719167,123.6
-2.36415967,123.65
-2.7762001,123.7
-3.1922288,123.75
-3.61112114,123.8
-4.03171566,123.85
-4.45281795,123.9
-4.87320483,123.95
-5.29162862,124
-5.70682166,124.05
-6.11750097,124.1
-6.5223731,124.15
-6.92013898,124.2
-7.309499,124.25
-7.6891581,124.3
-8.05783088,124.35
-8.41424678,124.4
-8.75715524,124.45
-9.08533085,124.5
-9.39757838,124.55
-9.69273783,124.6
-9.96968933,124.65
-10.22735786,124.7
-10.46471793,124.75
-10.680798,124.8
-10.87468476,124.85
-11.04552712,124.9
-11.19254006,124.95
-11.31500813,125
-11.41228876,125.05
-11.48381522,125.1
-11.52909929,125.15
-11.54773363,125.2
-11.53939382,125.25
-11.50383999,125.3
-11.44091825,125.35
-11.3505616,125.4
-11.23279059,125.45
-11.08771357,125.5
-10.91552661,125.55
-10.71651302,125.6
-10.49104253,125.65
-10.23957012,125.7
-9.96263452,125.75
-9.66085627,125.8
-9.33493561,125.85
-8.9856499,125.9
-8.61385084,125.95
-8.22046131,126
-7.80647202,126.05
-7.37293782,126.1
-6.92097382,126.15
-6.45175128,126.2
-5.9664933,126.25
-5.46647028,126.3
-4.9529953,126.35
-4.42741932,126.4
-3.89112627,126.45
-3.34552803,126.5
-2.79205944,126.55
-2.23217311,126.6
-1.66733434,126.65
-1.09901604,126.7
-0.52869355,126.75
0.0421603,126.8
0.6120802,126.85
1.17961323,126.9
1.74332359,126.95
2.30179724,127
2.85364633,127.05
3.39751349,127.1
3.93207596,127.15
4.45604945,127.2
4.96819181,127.25
5.46730648,127.3
5.95224569,127.35
6.42191341,127.4
6.87526799,127.45
7.31132463,127.5
7.72915748,127.55
8.12790151,127.6
8.50675411,127.65
8.86497637,127.7
9.20189414,127.75
9.51689872,127.8
9.8094474,127.85
10.07906364,127.9
10.32533702,127.95
10.54792294,128
10.74654207,128.05
10.92097961,128.1
11.07108426,128.15
11.19676699,128.2
11.29799973,128.25
11.37481369,128.3
11.42729768,128.35
11.45559619,128.4
11.45990737,128.45
11.44048088,128.5
11.39761562,128.55
11.33165743,128.6
11.24299664,128.65
11.13206565,128.7
10.99933643,128.75
10.84531798,128.8
10.67055384,128.85
10.47561955,128.9
10.26112019,128.95
10.02768791,129
9.77597954,129.05
9.50667427,129.1
9.22047134,129.15
8.92,129.2
8.60025695,129.25
8.26772527,129.3
7.9212516,129.35
7.56160488,129.4
7.18956258,129.45
6.80590916,129.5
6.41143472,129.55
6.00693364,129.6
5.5932035,129.65
5.17104402,129.7
4.7412561,129.75
4.30464112,129.8
3.86200015,129.85
3.41413344,129.9
2.96183993,129.95
2.50591683,130
2.04715934,130.05
1.58636045,130.1
1.1243107,130.15
0.66179817,130.2
0.19960834,130.25
-0.2614759,130.3
-0.72067427,130.35
-1.17720907,130.4
-1.63030521,130.45
-2.07919017,130.5
-2.52309406,130.55
-2.96124966,130.6
-3.39289254,130.65
-3.81726119,130.7
-4.23359727,130.75
-4.6411459,130.8
-5.03915602,130.85
-5.42688086,130.9
-5.80357852,130.95
-6.16851263,131
-6.52095309,131.05
-6.86017703,131.1
-7.18546971,131.15
-7.49612574,131.2
-7.79145023,131.25
-8.0707602,131.3
-8.33338602,131.35
-8.57867301,131.4
-8.80598313,131.45
-9.01469677,131.5
-9.20421465,131.55
-9.37395983,131.6
-9.52337976,131.65
-9.65194844,131.7
-9.75916865,131.75
-9.84457418,131.8
-9.90773218,131.85
-9.94824549,131.9
-9.96575498,131.95
-9.95994193,132
-9.93053034,132.05
-9.8772893,132.1
-9.80003521,132.15
-9.69863404,132.2
-9.57300342,132.25
-9.42311475,132.3
-9.24899509,132.35
-9.05072902,132.4
-8.8284603,132.45
-8.58239343,132.5
-8.31279497,132.55
-8.01999478,132.6
-7.70438698,132.65
-7.36643073,132.7
-7.00665082,132.75
-6.625638,132.8
-6.22404906,132.85
-5.80260671,132.9
-5.36209917,132.95
-4.90337949,133
-4.42736465,133.05
-3.93503434,133.1
-3.42742949,133.15
-2.90565056,133.2
-2.37085548,133.25
-1.8242574,133.3
-1.26712213,133.35
-0.70076532,133.4
-0.12654943,133.45
0.45411963,133.5
1.03979603,133.55
1.62899777,133.6
2.22021072,133.65
2.81189279,133.7
3.4024783,133.75
3.99038254,133.8
4.57400653,133.85
5.15174177,133.9
5.7219753,133.95
6.28309473,134
6.83349336,134.05
7.37157544,134.1
7.89576138,134.15
8.40449303,134.2
8.89623892,134.25
9.36949952,134.3
9.8228124,134.35
10.25475732,134.4
10.66396129,134.45
11.04910347,134.5
11.4089199,134.55
11.74220813,134.6
12.04783168,134.65
12.32472422,134.7
12.57189365,134.75
12.78842586,134.8
12.97348828,134.85
13.12633313,134.9
13.24630047,134.95
13.33282084,135
13.38541771,135.05
13.40370951,135.1
13.38741145,135.15
13.33633688,135.2
13.25039841,135.25
13.12960865,135.3
12.97408058,135.35
12.78402762,135.4
12.55976328,135.45
12.30170056,135.5
12.01035091,135.55
11.68632287,135.6
11.33032044,135.65
10.94314102,135.7
10.52567311,135.75
10.07889364,135.8
9.60386507,135.85
9.10173211,135.9
8.57371826,135.95
8.021122,136
7.44531282,136.05
6.84772699,136.1
6.22986306,136.15
5.59327726,136.2
4.93957871,136.25
4.27042436,136.3
3.58751401,136.35
2.89258496,136.4
2.18740678,136.45
1.4737759,136.5
0.75351013,136.55
0.0284432,136.6
-0.69958073,136.65
-1.42871258,136.7
-2.15710382,136.75
-2.88291188,136.8
-3.60430555,136.85
-4.31947019,136.9
-5.02661301,136.95
-5.72396806,137
-6.4098012,137.05
-7.08241491,137.1
-7.7401529,137.15
-8.38140455,137.2
-9.00460925,137.25
-9.6082604,137.3
-10.19090932,137.35
-10.75116887,137.4
-11.28771691,137.45
-11.79929946,137.5
-12.28473364,137.55
-12.7429104,137.6
-13.17279697,137.65
-13.57343904,137.7
-13.94396271,137.75
-14.28357621,137.8
-14.59157129,137.85
-14.86732444,137.9
-15.11029776,137.95
-15.3200397,138
-15.49618543,138.05
-15.638457,138.1
-15.74666336,138.15
-15.82069998,138.2
-15.86054836,138.25
-15.86627525,138.3
-15.83803174,138.35
-15.77605202,138.4
-15.68065204,138.45
-15.55222792,138.5
-15.3912542,138.55
-15.19828192,138.6
-14.9739365,138.65
-14.71891548,138.7
-14.43398613,138.75
-14.11998288,138.8
-13.77780461,138.85
-13.40841191,138.9
-13.01282407,138.95
-12.59211612,139
-12.14741567,139.05
-11.67989966,139.1
-11.19079114,139.15
-10.68135581,139.2
-10.15289864,139.25
-9.60676034,139.3
-9.04431385,139.35
-8.46696071,139.4
-7.87612746,139.45
-7.27326199,139.5
-6.65982985,139.55
-6.03731059,139.6
-5.40719402,139.65
-4.77097654,139.7
-4.13015746,139.75
-3.48623528,139.8
-2.84070404,139.85
-2.19504968,139.9
-1.55074643,139.95
-0.90925322,140
-0.27201013,140.05
0.35956508,140.1
0.98408041,140.15
1.60017301,140.2
2.20651247,140.25
2.80180408,140.3
3.384792,140.35
3.9542623,140.4
4.50904594,140.45
5.04802171,140.5
5.57011893,140.55
6.07432017,140.6
6.55966375,140.65
7.02524619,140.7
7.47022445,140.75
7.89381809,140.8
8.29531125,140.85
8.67405447,140.9
9.02946635,140.95
9.36103505,141
9.66831958,141.05
9.95095096,141.1
10.2086331,141.15
10.44114355,141.2
10.64833403,141.25
10.83013074,141.3
10.98653443,141.35
11.11762029,141.4
11.2235376,141.45
11.3045091,141.5
11.36083019,141.55
11.3928679,141.6
11.40105952,141.65
11.38591111,141.7
11.3479957,141.75
11.28795128,141.8
11.2064785,141.85
11.10433825,141.9
10.98234883,141.95
10.84138308,142
10.68236519,142.05
10.50626724,142.1
10.31410568,142.15
10.10693751,142.2
9.88585626,142.25
9.65198787,142.3
9.40648637,142.35
9.15052935,142.4
8.88531341,142.45
8.6120494,142.5
8.33195758,142.55
8.04626274,142.6
7.75618915,142.65
7.46295559,142.7
7.16777023,142.75
6.87182562,142.8
6.57629359,142.85
6.28232026,142.9
5.99102105,142.95
5.70347585,143
5.42072421,143.05
5.14376072,143.1
4.87353049,143.15
4.61092487,143.2
4.35677727,143.25
4.1118593,143.3
3.87687711,143.35
3.65246794,143.4
3.43919701,143.45
3.23755474,143.5
3.04795418,143.55
2.87072888,143.6
2.70613107,143.65
2.55433019,143.7
2.41541183,143.75
2.28937707,143.8
2.17614216,143.85
2.07553867,143.9
1.98731403,143.95
1.91113248,144
1.8465765,144.05
1.79314854,144.1
1.75027329,144.15
1.71730033,144.2
1.69350712,144.25
1.67810251,144.3
1.67023052,144.35
1.66897459,144.4
1.67336213,144.45
1.68236946,144.5
1.69492701,144.55
1.70992489,144.6
1.72621873,144.65
1.74263573,144.7
1.75798098,144.75
1.77104396,144.8
1.78060522,144.85
1.78544323,144.9
1.78434124,144.95
1.77609431,145
1.75951635,145.05
1.73344713,145.1
1.69675933,145.15
1.64836539,145.2
1.58722442,145.25
1.51234883,145.3
1.42281087,145.35
1.31774889,145.4
1.19637337,145.45
1.05797274,145.5
0.90191872,145.55
0.7276715,145.6
0.53478435,145.65
0.32290797,145.7
0.09179434,145.75
-0.15869995,145.8
-0.42861074,145.85
-0.71786398,145.9
-1.02627381,145.95
-1.35354134,146
-1.69925382,146.05
-2.06288455,146.1
-2.44379323,146.15
-2.841227,146.2
-3.25432202,146.25
-3.68210563,146.3
-4.12349914,146.35
-4.57732116,146.4
-5.04229152,146.45
-5.51703572,146.5
-6.00008997,146.55
-6.4899067,146.6
-6.98486059,146.65
-7.48325507,146.7
-7.98332929,146.75
-8.48326546,146.8
-8.98119662,146.85
-9.47521472,146.9
-9.96337905,146.95
-10.44372491,147
-10.9142725,147.05
-11.37303604,147.1
-11.818033,147.15
-12.24729342,147.2
-12.65886932,147.25
-13.05084406,147.3
-13.42134169,147.35
-13.76853621,147.4
-14.09066064,147.45
-14.38601596,147.5
-14.6529798,147.55
-14.89001479,147.6
-15.09567665,147.65
-15.26862191,147.7
-15.40761513,147.75
-15.51153575,147.8
-15.57938442,147.85
-15.61028877,147.9
-15.60350868,147.95
-15.55844087,148
-15.47462291,148.05
-15.3517366,148.1
-15.18961066,148.15
-14.9882227,148.2
-14.74770052,148.25
-14.46832268,148.3
-14.15051839,148.35
-13.79486655,148.4
-13.40209422,148.45
-12.97307426,148.5
-12.50882226,148.55
-12.01049283,148.6
-11.47937511,148.65
-10.91688769,148.7
-10.32457284,148.75
-9.70409011,148.8
-9.05720937,148.85
-8.38580328,148.9
-7.69183921,148.95
-6.97737073,149
-6.24452862,149.05
-5.49551148,149.1
-4.73257604,149.15
-3.95802709,149.2
-3.17420728,149.25
-2.38348658,149.3
-1.58825172,149.35
-0.7908955,149.4
0.00619397,149.45
0.80064392,149.5
1.59010759,149.55
2.37227464,149.6
3.14488148,149.65
3.90572131,149.7
4.65265382,149.75
5.38361457,149.8
6.09662401,149.85
6.78979594,149.9
7.46134557,149.95
8.10959699,150
8.73299005,150.05
