-3.3603646,0.1
-3.09415342,0.11
-2.82641672,0.12
-2.55720714,0.13
-2.28657794,0.14
-2.01458302,0.15
-1.74127682,0.16
-1.46671432,0.17
-1.19095114,0.18
-0.91404334,0.19
-0.63604754,0.2
-0.3570209,0.21
-0.07702102,0.22
0.203894,0.23
0.48566562,0.24
0.76823482,0.25
1.0515422,0.26
1.3355279,0.27
1.6201317,0.28
1.90529298,0.29
2.1909508,0.3
2.47704382,0.31
2.7635104,0.32
3.0502886,0.33
3.33731618,0.34
3.62453062,0.35
3.91186914,0.36
4.19926874,0.37
4.48666618,0.38
4.77399802,0.39
5.06120064,0.4
5.34821028,0.41
5.63496296,0.42
5.92139464,0.43
6.20744116,0.44
6.4930382,0.45
6.77812146,0.46
7.06262654,0.47
7.34648898,0.48
7.62964436,0.49
7.91202818,0.5
8.19357606,0.51
8.4742236,0.52
8.75390644,0.53
9.03256034,0.54
9.31012116,0.55
9.58652482,0.56
9.86170742,0.57
10.13560522,0.58
10.40815462,0.59
10.67929224,0.6
10.94895488,0.61
11.21707958,0.62
11.48360368,0.63
11.7484647,0.64
12.01160048,0.65
12.27294922,0.66
12.53244936,0.67
12.7900397,0.68
13.04565946,0.69
13.29924818,0.7
13.55074582,0.71
13.80009272,0.72
14.04722972,0.73
14.29209806,0.74
14.53463946,0.75
14.77479614,0.76
15.0125108,0.77
15.24772672,0.78
15.48038764,0.79
15.71043792,0.8
15.93782246,0.81
16.16248678,0.82
16.38437698,0.83
16.60343982,0.84
16.81962268,0.85
17.03287356,0.86
17.24314122,0.87
17.45037504,0.88
17.65452514,0.89
17.85554234,0.9
18.05337822,0.91
18.2479851,0.92
18.43931606,0.93
18.62732498,0.94
18.81196652,0.95
18.99319614,0.96
19.17097016,0.97
19.34524572,0.98
19.5159808,0.99
19.68313426,1
19.84666582,1.01
20.00653612,1.02
20.16270668,1.03
20.31513992,1.04
20.46379926,1.05
20.60864896,1.06
20.74965432,1.07
20.88678152,1.08
21.01999776,1.09
21.14927124,1.1
21.27457112,1.11
21.39586754,1.12
21.51313172,1.13
21.62633586,1.14
21.73545318,1.15
21.84045796,1.16
21.94132552,1.17
22.03803224,1.18
22.13055558,1.19
22.21887402,1.2
22.30296718,1.21
22.38281574,1.22
22.45840144,1.23
22.52970714,1.24
22.59671684,1.25
22.6594156,1.26
22.7177896,1.27
22.77182614,1.28
22.82151368,1.29
22.86684174,1.3
22.90780102,1.31
22.94438334,1.32
22.97658164,1.33
23.00439004,1.34
23.02780374,1.35
23.04681912,1.36
23.06143372,1.37
23.07164618,1.38
23.07745634,1.39
23.07886514,1.4
23.07587468,1.41
23.06848822,1.42
23.05671016,1.43
23.04054604,1.44
23.02000254,1.45
22.99508748,1.46
22.96580984,1.47
22.93217972,1.48
22.89420836,1.49
22.85190812,1.5
22.8052925,1.51
22.75437614,1.52
22.69917476,1.53
22.63970522,1.54
22.57598548,1.55
22.50803464,1.56
22.43587284,1.57
22.35952136,1.58
22.27900256,1.59
22.19433984,1.6
22.10555774,1.61
22.01268182,1.62
21.9157387,1.63
21.8147561,1.64
21.7097627,1.65
21.60078828,1.66
21.48786362,1.67
21.37102052,1.68
21.25029178,1.69
21.12571122,1.7
20.9973136,1.71
20.86513472,1.72
20.72921126,1.73
20.58958094,1.74
20.44628238,1.75
20.2993551,1.76
20.14883962,1.77
19.99477728,1.78
19.83721036,1.79
19.67618204,1.8
19.5117363,1.81
19.34391804,1.82
19.17277298,1.83
18.99834764,1.84
18.8206894,1.85
18.6398464,1.86
18.45586756,1.87
18.26880262,1.88
18.07870202,1.89
17.88561694,1.9
17.68959934,1.91
17.4907018,1.92
17.28897768,1.93
17.08448094,1.94
16.87726624,1.95
16.66738886,1.96
16.45490476,1.97
16.2398704,1.98
16.02234294,1.99
15.80238006,2
15.58004,2.01
15.35538152,2.02
15.12846394,2.03
14.89934708,2.04
14.66809118,2.05
14.43475704,2.06
14.19940584,2.07
13.96209922,2.08
13.7228992,2.09
13.4818682,2.1
13.23906906,2.11
12.99456492,2.12
12.74841928,2.13
12.50069592,2.14
12.25145896,2.15
12.00077278,2.16
11.748702,2.17
11.49531152,2.18
11.2406664,2.19
10.98483196,2.2
10.72787364,2.21
10.4698571,2.22
10.21084808,2.23
9.9509125,2.24
9.69011634,2.25
9.42852564,2.26
9.16620656,2.27
8.90322528,2.28
8.63964796,2.29
8.37554084,2.3
8.11097006,2.31
7.84600178,2.32
7.58070208,2.33
7.31513696,2.34
7.04937234,2.35
6.78347402,2.36
6.51750764,2.37
6.25153872,2.38
5.9856326,2.39
5.7198544,2.4
5.45426906,2.41
5.18894128,2.42
4.9239355,2.43
4.6593159,2.44
4.39514636,2.45
4.1314905,2.46
3.86841156,2.47
3.60597246,2.48
3.34423576,2.49
3.08326364,2.5
2.82311788,2.51
2.56385988,2.52
2.30555054,2.53
2.04825036,2.54
1.79201938,2.55
1.53691714,2.56
1.28300266,2.57
1.03033448,2.58
0.77897058,2.59
0.52896842,2.6
0.28038484,2.61
0.03327618,2.62
-0.2123019,2.63
-0.4562943,2.64
-0.69864656,2.65
-0.93930486,2.66
-1.17821604,2.67
-1.41532764,2.68
-1.65058784,2.69
-1.88394552,2.7
-2.11535034,2.71
-2.34475258,2.72
-2.57210338,2.73
-2.79735454,2.74
-3.02045864,2.75
-3.2413691,2.76
-3.46004008,2.77
-3.67642652,2.78
-3.89048422,2.79
-4.1021698,2.8
-4.31144068,2.81
-4.51825518,2.82
-4.72257242,2.83
-4.92435244,2.84
-5.1235561,2.85
-5.32014522,2.86
-5.51408244,2.87
-5.70533134,2.88
-5.89385644,2.89
-6.07962312,2.9
-6.26259774,2.91
-6.44274756,2.92
-6.62004082,2.93
-6.79444668,2.94
-6.96593526,2.95
-7.13447768,2.96
-7.30004598,2.97
-7.46261318,2.98
-7.62215334,2.99
-7.77864142,3
-7.93205344,3.01
-8.08236638,3.02
-8.22955822,3.03
-8.37360794,3.04
-8.51449552,3.05
-8.65220198,3.06
-8.7867093,3.07
-8.91800052,3.08
-9.04605966,3.09
-9.17087178,3.1
-9.29242294,3.11
-9.41070022,3.12
-9.5256917,3.13
-9.63738654,3.14
-9.74577484,3.15
-9.85084778,3.16
-9.95259752,3.17
-10.05101724,3.18
-10.14610114,3.19
-10.23784444,3.2
-10.32624336,3.21
-10.41129512,3.22
-10.49299798,3.23
-10.57135112,3.24
-10.64635482,3.25
-10.7180103,3.26
-10.78631974,3.27
-10.85128636,3.28
-10.91291436,3.29
-10.97120886,3.3
-11.026176,3.31
-11.07782288,3.32
-11.12615752,3.33
-11.17118894,3.34
-11.21292706,3.35
-11.25138276,3.36
-11.28656786,3.37
-11.3184951,3.38
-11.34717812,3.39
-11.37263146,3.4
-11.39487058,3.41
-11.41391182,3.42
-11.4297724,3.43
-11.44247042,3.44
-11.45202482,3.45
-11.45845542,3.46
-11.46178286,3.47
-11.46202862,3.48
-11.45921502,3.49
-11.45336514,3.5
-11.44450288,3.51
-11.43265298,3.52
-11.41784088,3.53
-11.40009282,3.54
-11.3794358,3.55
-11.35589756,3.56
-11.32950652,3.57
-11.30029186,3.58
-11.26828348,3.59
-11.23351192,3.6
-11.19600842,3.61
-11.15580488,3.62
-11.11293384,3.63
-11.06742852,3.64
-11.01932268,3.65
-10.96865074,3.66
-10.91544774,3.67
-10.8597492,3.68
-10.80159132,3.69
-10.74101074,3.7
-10.67804472,3.71
-10.612731,3.72
-10.54510782,3.73
-10.47521392,3.74
-10.40308848,3.75
-10.3287712,3.76
-10.25230218,3.77
-10.17372192,3.78
-10.09307138,3.79
-10.0103919,3.8
-9.92572518,3.81
-9.8391133,3.82
-9.75059866,3.83
-9.66022402,3.84
-9.56803244,3.85
-9.47406726,3.86
-9.37837214,3.87
-9.28099094,3.88
-9.18196786,3.89
-9.08134722,3.9
-8.97917366,3.91
-8.87549192,3.92
-8.770347,3.93
-8.66378404,3.94
-8.5558483,3.95
-8.44658518,3.96
-8.33604024,3.97
-8.2242591,3.98
-8.11128744,3.99
-7.99717106,4
-7.88195576,4.01
-7.76568742,4.02
-7.64841188,4.03
-7.53017502,4.04
-7.4110227,4.05
-7.29100074,4.06
-7.1701549,4.07
-7.0485309,4.08
-6.92617438,4.09
-6.80313084,4.1
-6.67944572,4.11
-6.55516432,4.12
-6.43033178,4.13
-6.30499308,4.14
-6.17919306,4.15
-6.05297634,4.16
-5.92638732,4.17
-5.79947026,4.18
-5.67226908,4.19
-5.54482754,4.2
-5.41718908,4.21
-5.2893969,4.22
-5.1614939,4.23
-5.03352266,4.24
-4.90552544,4.25
-4.77754422,4.26
-4.64962056,4.27
-4.5217957,4.28
-4.3941105,4.29
-4.26660546,4.3
-4.13932066,4.31
-4.01229574,4.32
-3.88556996,4.33
-3.75918216,4.34
-3.63317068,4.35
-3.50757344,4.36
-3.38242788,4.37
-3.25777094,4.38
-3.13363914,4.39
-3.01006838,4.4
-2.88709418,4.41
-2.76475142,4.42
-2.64307452,4.43
-2.52209732,4.44
-2.40185316,4.45
-2.28237472,4.46
-2.16369422,4.47
-2.04584324,4.48
-1.92885276,4.49
-1.81275322,4.5
-1.6975744,4.51
-1.58334548,4.52
-1.47009506,4.53
-1.35785108,4.54
-1.24664082,4.55
-1.13649098,4.56
-1.02742758,4.57
-0.91947598,4.58
-0.8126609,4.59
-0.7070064,4.6
-0.60253584,4.61
-0.49927194,4.62
-0.39723672,4.63
-0.29645154,4.64
-0.19693702,4.65
-0.09871318,4.66
-0.0018,4.67
0.09378622,4.68
0.1880253,4.69
0.28090084,4.7
0.37239638,4.71
0.46249618,4.72
0.55118518,4.73
0.63844906,4.74
0.72427418,4.75
0.80864764,4.76
0.89155724,4.77
0.97299152,4.78
1.0529397,4.79
1.13139172,4.8
1.20833826,4.81
1.2837707,4.82
1.3576811,4.83
1.4300623,4.84
1.50090776,4.85
1.57021174,4.86
1.63796912,4.87
1.70417556,4.88
1.76882734,4.89
1.8319215,4.9
1.89345576,4.91
1.9534285,4.92
2.01183882,4.93
2.0686865,4.94
2.12397194,4.95
2.17769632,4.96
2.22986138,4.97
2.28046958,4.98
2.32952404,4.99
2.3770285,5
2.4229874,5.01
2.46740574,5.02
2.51028922,5.03
2.55164416,5.04
2.59147748,5.05
2.62979668,5.06
2.66660996,5.07
2.70192604,5.08
2.73575424,5.09
2.7681045,5.1
2.79898728,5.11
2.82841368,5.12
2.85639528,5.13
2.88294428,5.14
2.90807334,5.15
2.93179572,5.16
2.95412518,5.17
2.97507598,5.18
2.9946629,5.19
3.0129012,5.2
3.02980662,5.21
3.04539538,5.22
3.05968416,5.23
3.0726901,5.24
3.08443078,5.25
3.09492418,5.26
3.10418872,5.27
3.11224326,5.28
3.11910698,5.29
3.12479954,5.3
3.1293409,5.31
3.1327514,5.32
3.13505176,5.33
3.136263,5.34
3.13640648,5.35
3.1355039,5.36
3.13357722,5.37
3.1306487,5.38
3.12674094,5.39
3.1218767,5.4
3.11607908,5.41
3.1093714,5.42
3.10177716,5.43
3.09332014,5.44
3.08402428,5.45
3.07391376,5.46
3.06301288,5.47
3.05134614,5.48
3.03893818,5.49
3.02581376,5.5
3.01199784,5.51
2.9975154,5.52
2.98239156,5.53
2.96665156,5.54
2.95032068,5.55
2.93342426,5.56
2.9159877,5.57
2.89803642,5.58
2.8795959,5.59
2.8606916,5.6
2.841349,5.61
2.82159354,5.62
2.80145064,5.63
2.7809457,5.64
2.76010406,5.65
2.73895096,5.66
2.71751164,5.67
2.69581116,5.68
2.67387454,5.69
2.65172668,5.7
2.62939234,5.71
2.60689612,5.72
2.58426252,5.73
2.56151586,5.74
2.53868026,5.75
2.51577968,5.76
2.49283788,5.77
2.46987842,5.78
2.44692464,5.79
2.42399962,5.8
2.40112624,5.81
2.3783271,5.82
2.35562456,5.83
2.33304068,5.84
2.31059726,5.85
2.28831582,5.86
2.26621752,5.87
2.24432326,5.88
2.2226536,5.89
2.20122874,5.9
2.1800686,5.91
2.15919268,5.92
2.13862018,5.93
2.11836988,5.94
2.0984602,5.95
2.07890918,5.96
2.05973448,5.97
2.04095332,5.98
2.02258252,5.99
2.00463852,6
1.98713726,6.01
1.97009434,6.02
1.95352482,6.03
1.93744338,6.04
1.92186424,6.05
1.90680112,6.06
1.89226734,6.07
1.87827566,6.08
1.86483844,6.09
1.85196754,6.1
1.83967428,6.11
1.82796954,6.12
1.8168637,6.13
1.80636658,6.14
1.79648756,6.15
1.78723548,6.16
1.77861868,6.17
1.77064492,6.18
1.7633215,6.19
1.7566552,6.2
1.75065222,6.21
1.74531828,6.22
1.7406585,6.23
1.73667756,6.24
1.7333795,6.25
1.73076788,6.26
1.72884572,6.27
1.72761548,6.28
1.72707908,6.29
1.72723788,6.3
1.72809274,6.31
1.72964392,6.32
1.7318912,6.33
1.73483374,6.34
1.73847022,6.35
1.74279876,6.36
1.74781692,6.37
1.75352174,6.38
1.7599097,6.39
1.76697678,6.4
1.77471838,6.41
1.7831294,6.42
1.7922042,6.43
1.80193662,6.44
1.81231996,6.45
1.823347,6.46
1.83501004,6.47
1.8473008,6.48
1.86021056,6.49
1.87373004,6.5
1.8878495,6.51
1.90255868,6.52
1.91784682,6.53
1.9337027,6.54
1.95011462,6.55
1.96707036,6.56
1.98455728,6.57
2.00256224,6.58
2.02107168,6.59
2.04007158,6.6
2.05954742,6.61
2.07948434,6.62
2.09986694,6.63
2.1206795,6.64
2.1419058,6.65
2.16352928,6.66
2.1855329,6.67
2.2078993,6.68
2.23061072,6.69
2.25364898,6.7
2.27699558,6.71
2.30063166,6.72
2.32453794,6.73
2.3486949,6.74
2.3730826,6.75
2.39768084,6.76
2.42246906,6.77
2.44742642,6.78
2.47253178,6.79
2.49776372,6.8
2.52310054,6.81
2.54852026,6.82
2.57400066,6.83
2.59951928,6.84
2.62505342,6.85
2.65058014,6.86
2.67607634,6.87
2.70151864,6.88
2.72688354,6.89
2.7521473,6.9
2.77728606,6.91
2.80227578,6.92
2.82709228,6.93
2.85171122,6.94
2.87610818,6.95
2.90025856,6.96
2.92413774,6.97
2.94772096,6.98
2.97098338,6.99
2.9939001,7
3.01644618,7.01
3.03859664,7.02
3.06032642,7.03
3.08161048,7.04
3.1024238,7.05
3.12274128,7.06
3.14253792,7.07
3.1617887,7.08
3.18046866,7.09
3.19855284,7.1
3.21601644,7.11
3.23283464,7.12
3.24898276,7.13
3.2644362,7.14
3.27917046,7.15
3.29316118,7.16
3.30638414,7.17
3.31881522,7.18
3.33043052,7.19
3.34120624,7.2
3.3511188,7.21
3.36014484,7.22
3.3682611,7.23
3.37544466,7.24
3.38167274,7.25
3.3869228,7.26
3.39117258,7.27
3.39440004,7.28
3.39658346,7.29
3.39770136,7.3
3.39773254,7.31
3.39665614,7.32
3.39445158,7.33
3.39109858,7.34
3.38657726,7.35
3.38086802,7.36
3.37395164,7.37
3.36580924,7.38
3.35642232,7.39
3.34577278,7.4
3.33384288,7.41
3.3206153,7.42
3.3060731,7.43
3.29019978,7.44
3.27297926,7.45
3.25439592,7.46
3.23443452,7.47
3.21308032,7.48
3.19031904,7.49
3.16613682,7.5
3.14052034,7.51
3.11345672,7.52
3.08493358,7.53
3.05493904,7.54
3.0234617,7.55
2.9904907,7.56
2.9560157,7.57
2.92002686,7.58
2.8825149,7.59
2.84347102,7.6
2.80288704,7.61
2.76075526,7.62
2.71706858,7.63
2.67182042,7.64
2.6250048,7.65
2.57661626,7.66
2.52664998,7.67
2.47510164,7.68
2.42196758,7.69
2.36724464,7.7
2.31093032,7.71
2.25302266,7.72
2.19352034,7.73
2.13242262,7.74
2.06972932,7.75
2.00544096,7.76
1.93955854,7.77
1.87208378,7.78
1.80301894,7.79
1.73236692,7.8
1.66013122,7.81
1.58631596,7.82
1.51092588,7.83
1.4339663,7.84
1.35544322,7.85
1.27536318,7.86
1.1937334,7.87
1.11056168,7.88
1.02585644,7.89
0.9396267,7.9
0.85188212,7.91
0.76263296,7.92
0.67189006,7.93
0.57966494,7.94
0.48596964,7.95
0.39081688,7.96
0.2942199,7.97
0.19619262,7.98
0.0967495,7.99
-0.00409438,8
-0.10632336,8.01
-0.20992122,8.02
-0.3148711,8.03
-0.42115562,8.04
-0.5287568,8.05
-0.6376561,8.06
-0.74783438,8.07
-0.85927202,8.08
-0.97194878,8.09
-1.0858439,8.1
-1.20093606,8.11
-1.3172034,8.12
-1.43462358,8.13
-1.55317366,8.14
-1.67283024,8.15
-1.79356938,8.16
-1.91536666,8.17
-2.03819714,8.18
-2.1620354,8.19
-2.28685552,8.2
-2.41263112,8.21
-2.53933538,8.22
-2.66694096,8.23
-2.79542012,8.24
-2.92474464,8.25
-3.05488592,8.26
-3.18581486,8.27
-3.317502,8.28
-3.44991746,8.29
-3.58303094,8.3
-3.71681178,8.31
-3.85122892,8.32
-3.98625092,8.33
-4.12184604,8.34
-4.2579821,8.35
-4.39462664,8.36
-4.53174686,8.37
-4.66930964,8.38
-4.80728154,8.39
-4.9456288,8.4
-5.08431744,8.41
-5.22331314,8.42
-5.36258132,8.43
-5.5020872,8.44
-5.64179566,8.45
-5.78167144,8.46
-5.92167902,8.47
-6.06178264,8.48
-6.20194638,8.49
-6.34213414,8.5
-6.4823096,8.51
-6.62243632,8.52
-6.7624777,8.53
-6.90239696,8.54
-7.04215722,8.55
-7.1817215,8.56
-7.3210527,8.57
-7.46011364,8.58
-7.598867,8.59
-7.73727548,8.6
-7.87530166,8.61
-8.0129081,8.62
-8.15005734,8.63
-8.28671186,8.64
-8.42283418,8.65
-8.5583868,8.66
-8.69333222,8.67
-8.827633,8.68
-8.96125174,8.69
-9.09415108,8.7
-9.22629374,8.71
-9.35764248,8.72
-9.4881602,8.73
-9.61780988,8.74
-9.74655462,8.75
-9.87435762,8.76
-10.00118228,8.77
-10.12699208,8.78
-10.2517507,8.79
-10.375422,8.8
-10.49797002,8.81
-10.61935898,8.82
-10.73955332,8.83
-10.85851772,8.84
-10.97621708,8.85
-11.09261654,8.86
-11.20768148,8.87
-11.3213776,8.88
-11.4336708,8.89
-11.54452736,8.9
-11.6539138,8.91
-11.76179696,8.92
-11.86814402,8.93
-11.97292246,8.94
-12.07610014,8.95
-12.17764526,8.96
-12.27752638,8.97
-12.37571244,8.98
-12.47217276,8.99
-12.56687706,9
-12.65979546,9.01
-12.7508985,9.02
-12.84015712,9.03
-12.92754274,9.04
-13.01302718,9.05
-13.09658274,9.06
-13.17818214,9.07
-13.25779862,9.08
-13.33540584,9.09
-13.41097802,9.1
-13.4844898,9.11
-13.55591636,9.12
-13.6252334,9.13
-13.6924171,9.14
-13.75744418,9.15
-13.82029194,9.16
-13.88093816,9.17
-13.93936116,9.18
-13.99553988,9.19
-14.04945376,9.2
-14.10108284,9.21
-14.1504077,9.22
-14.19740954,9.23
-14.2420701,9.24
-14.28437176,9.25
-14.32429746,9.26
-14.36183074,9.27
-14.39695578,9.28
-14.42965732,9.29
-14.45992078,9.3
-14.48773212,9.31
-14.51307798,9.32
-14.53594564,9.33
-14.55632296,9.34
-14.57419846,9.35
-14.5895613,9.36
-14.6024013,9.37
-14.61270888,9.38
-14.62047516,9.39
-14.62569186,9.4
-14.62835136,9.41
-14.62844674,9.42
-14.62597166,9.43
-14.62092052,9.44
-14.61328832,9.45
-14.60307072,9.46
-14.59026408,9.47
-14.57486538,9.48
-14.55687226,9.49
-14.53628308,9.5
-14.5130968,9.51
-14.48731306,9.52
-14.45893216,9.53
-14.42795506,9.54
-14.39438338,9.55
-14.3582194,9.56
-14.31946606,9.57
-14.27812696,9.58
-14.2342063,9.59
-14.18770904,9.6
-14.13864066,9.61
-14.0870074,9.62
-14.03281608,9.63
-13.97607416,9.64
-13.91678976,9.65
-13.85497164,9.66
-13.79062918,9.67
-13.7237724,9.68
-13.6544119,9.69
-13.58255896,9.7
-13.50822546,9.71
-13.43142384,9.72
-13.35216724,9.73
-13.2704693,9.74
-13.18634434,9.75
-13.09980724,9.76
-13.01087346,9.77
-12.91955904,9.78
-12.8258806,9.79
-12.72985534,9.8
-12.631501,9.81
-12.53083592,9.82
-12.42787894,9.83
-12.32264948,9.84
-12.21516746,9.85
-12.10545338,9.86
-11.99352822,9.87
-11.8794135,9.88
-11.76313124,9.89
-11.64470398,9.9
-11.5241547,9.91
-11.40150692,9.92
-11.27678464,9.93
-11.15001228,9.94
-11.02121478,9.95
-10.89041748,9.96
-10.75764618,9.97
-10.62292716,9.98
-10.48628706,9.99
-10.34775298,10
-10.20735244,10.01
-10.0651133,10.02
-9.9210639,10.03
-9.77523288,10.04
-9.62764928,10.05
-9.47834254,10.06
-9.32734242,10.07
-9.174679,10.08
-9.02038276,10.09
-8.86448444,10.1
-8.70701514,10.11
-8.54800622,10.12
-8.3874894,10.13
-8.22549662,10.14
-8.06206014,10.15
-7.89721246,10.16
-7.73098632,10.17
-7.56341478,10.18
-7.39453102,10.19
-7.22436854,10.2
-7.052961,10.21
-6.88034228,10.22
-6.70654646,10.23
-6.5316078,10.24
-6.35556072,10.25
-6.1784398,10.26
-6.00027978,10.27
-5.82111552,10.28
-5.64098206,10.29
-5.45991452,10.3
-5.2779481,10.31
-5.09511818,10.32
-4.91146014,10.33
-4.72700948,10.34
-4.5418018,10.35
-4.35587268,10.36
-4.1692578,10.37
-3.98199286,10.38
-3.79411358,10.39
-3.60565572,10.4
-3.41665502,10.41
-3.22714718,10.42
-3.03716798,10.43
-2.84675308,10.44
-2.65593816,10.45
-2.46475884,10.46
-2.27325066,10.47
-2.08144912,10.48
-1.88938964,10.49
-1.69710758,10.5
-1.50463814,10.51
-1.31201648,10.52
-1.1192776,10.53
-0.92645642,10.54
-0.73358768,10.55
-0.54070604,10.56
-0.34784594,10.57
-0.1550417,10.58
0.03767252,10.59
0.23026276,10.6
0.42269526,10.61
0.6149364,10.62
0.80695284,10.63
0.99871136,10.64
1.19017904,10.65
1.38132314,10.66
1.57211118,10.67
1.76251092,10.68
1.95249036,10.69
2.14201776,10.7
2.33106166,10.71
2.51959086,10.72
2.70757446,10.73
2.89498182,10.74
3.08178262,10.75
3.2679468,10.76
3.45344468,10.77
3.63824684,10.78
3.82232418,10.79
4.00564794,10.8
4.18818972,10.81
4.3699214,10.82
4.55081526,10.83
4.7308439,10.84
4.90998028,10.85
5.08819774,10.86
5.26546994,10.87
5.44177096,10.88
5.61707522,10.89
5.79135756,10.9
5.96459316,10.91
6.13675758,10.92
6.30782686,10.93
6.47777732,10.94
6.64658576,10.95
6.81422938,10.96
6.98068572,10.97
7.1459328,10.98
7.30994904,10.99
7.47271324,11
7.63420466,11.01
7.79440298,11.02
7.95328824,11.03
8.110841,11.04
8.2670422,11.05
8.42187318,11.06
8.57531576,11.07
8.72735218,11.08
8.8779651,11.09
9.02713764,11.1
9.17485334,11.11
9.32109614,11.12
9.4658505,11.13
9.60910124,11.14
9.75083368,11.15
9.89103354,11.16
10.02968698,11.17
10.1667806,11.18
10.30230146,11.19
10.43623704,11.2
10.56857524,11.21
10.69930444,11.22
10.82841342,11.23
10.95589138,11.24
11.081728,11.25
11.20591336,11.26
11.32843798,11.27
11.44929278,11.28
11.56846916,11.29
11.68595888,11.3
11.80175418,11.31
11.91584768,11.32
12.02823242,11.33
12.13890186,11.34
12.2478499,11.35
12.35507078,11.36
12.46055922,11.37
12.5643103,11.38
12.66631952,11.39
12.76658272,11.4
12.8650962,11.41
12.96185664,11.42
13.05686106,11.43
13.15010688,11.44
13.24159192,11.45
13.33131436,11.46
13.41927272,11.47
13.50546592,11.48
13.58989322,11.49
13.67255424,11.5
13.75344894,11.51
13.83257766,11.52
13.90994102,11.53
13.98554002,11.54
14.059376,11.55
14.13145058,11.56
14.20176574,11.57
14.27032374,11.58
14.3371272,11.59
14.40217896,11.6
14.46548226,11.61
14.52704056,11.62
14.58685764,11.63
14.64493754,11.64
14.7012846,11.65
14.7559034,11.66
14.8087988,11.67
14.85997594,11.68
14.90944018,11.69
14.95719712,11.7
15.00325266,11.71
15.04761284,11.72
15.090284,11.73
15.1312727,11.74
15.17058568,11.75
15.2082299,11.76
15.24421252,11.77
15.27854092,11.78
15.31122268,11.79
15.3422655,11.8
15.37167732,11.81
15.39946622,11.82
15.42564048,11.83
15.45020848,11.84
15.47317882,11.85
15.49456022,11.86
15.5143615,11.87
15.53259168,11.88
15.54925988,11.89
15.56437534,11.9
15.5779474,11.91
15.58998556,11.92
15.60049936,11.93
15.60949846,11.94
15.61699266,11.95
15.62299178,11.96
15.62750576,11.97
15.63054456,11.98
15.63211828,11.99
15.63223704,12
15.63091102,12.01
15.62815046,12.02
15.62396564,12.03
15.61836686,12.04
15.61136448,12.05
15.60296888,12.06
15.59319046,12.07
15.58203962,12.08
15.56952682,12.09
15.55566248,12.1
15.54045704,12.11
15.52392094,12.12
15.50606458,12.13
15.4868984,12.14
15.46643278,12.15
15.4446781,12.16
15.42164468,12.17
15.39734286,12.18
15.37178288,12.19
15.34497502,12.2
15.31692942,12.21
15.28765622,12.22
15.25716554,12.23
15.22546738,12.24
15.1925717,12.25
15.15848842,12.26
15.12322736,12.27
15.08679828,12.28
15.04921086,12.29
15.0104747,12.3
14.97059934,12.31
14.9295942,12.32
14.88746862,12.33
14.84423186,12.34
14.7998931,12.35
14.7544614,12.36
14.7079457,12.37
14.6603549,12.38
14.61169772,12.39
14.56198286,12.4
14.51121884,12.41
14.4594141,12.42
14.40657698,12.43
14.35271566,12.44
14.29783826,12.45
14.24195274,12.46
14.185067,12.47
14.12718874,12.48
14.0683256,12.49
14.0084851,12.5
13.94767458,12.51
13.88590134,12.52
13.8231725,12.53
13.75949506,12.54
13.69487592,12.55
13.62932184,12.56
13.56283946,12.57
13.4954353,12.58
13.42711574,12.59
13.35788708,12.6
13.28775542,12.61
13.21672684,12.62
13.1448072,12.63
13.07200228,12.64
12.99831778,12.65
12.9237592,12.66
12.84833198,12.67
12.77204144,12.68
12.69489276,12.69
12.616891,12.7
12.53804116,12.71
12.45834808,12.72
12.3778165,12.73
12.29645108,12.74
12.21425634,12.75
12.13123672,12.76
12.04739654,12.77
11.96274004,12.78
11.87727136,12.79
11.79099454,12.8
11.70391354,12.81
11.61603224,12.82
11.52735438,12.83
11.43788372,12.84
11.34762382,12.85
11.25657828,12.86
11.16475052,12.87
11.07214398,12.88
10.97876196,12.89
10.88460778,12.9
10.78968462,12.91
10.69399564,12.92
10.59754394,12.93
10.5003326,12.94
10.40236462,12.95
10.30364296,12.96
10.20417058,12.97
10.10395036,12.98
10.00298516,12.99
9.90127786,13
9.79883128,13.01
9.6956482,13.02
9.59173144,13.03
9.48708378,13.04
9.38170802,13.05
9.27560694,13.06
9.16878332,13.07
9.06123996,13.08
8.95297968,13.09
8.8440053,13.1
8.7343197,13.11
8.62392574,13.12
8.51282632,13.13
8.40102442,13.14
8.288523,13.15
8.17532512,13.16
8.06143386,13.17
7.94685236,13.18
7.8315838,13.19
7.71563146,13.2
7.59899868,13.21
7.48168886,13.22
7.36370546,13.23
7.24505208,13.24
7.12573234,13.25
7.00575002,13.26
6.88510892,13.27
6.763813,13.28
6.6418663,13.29
6.51927298,13.3
6.3960373,13.31
6.27216366,13.32
6.14765656,13.33
6.02252062,13.34
5.89676064,13.35
5.7703815,13.36
5.64338824,13.37
5.51578604,13.38
5.38758026,13.39
5.25877638,13.4
5.12938002,13.41
4.999397,13.42
4.86883326,13.43
4.73769498,13.44
4.60598842,13.45
4.47372006,13.46
4.34089658,13.47
4.20752482,13.48
4.07361178,13.49
3.93916466,13.5
3.80419092,13.51
3.6686981,13.52
3.53269404,13.53
3.3961867,13.54
3.2591843,13.55
3.12169526,13.56
2.9837282,13.57
2.84529192,13.58
2.70639548,13.59
2.56704814,13.6
2.4272594,13.61
2.28703894,13.62
2.1463967,13.63
2.0053428,13.64
1.86388766,13.65
1.72204188,13.66
1.57981626,13.67
1.43722192,13.68
1.29427014,13.69
1.15097246,13.7
1.00734068,13.71
0.86338678,13.72
0.71912302,13.73
0.57456188,13.74
0.42971612,13.75
0.2845987,13.76
0.1392228,13.77
-0.00639808,13.78
-0.1522503,13.79
-0.29831988,13.8
-0.44459268,13.81
-0.59105428,13.82
-0.73769002,13.83
-0.884485,13.84
-1.0314241,13.85
-1.17849194,13.86
-1.32567292,13.87
-1.4729512,13.88
-1.62031068,13.89
-1.76773506,13.9
-1.9152078,13.91
-2.06271212,13.92
-2.210231,13.93
-2.35774724,13.94
-2.50524336,13.95
-2.65270168,13.96
-2.8001043,13.97
-2.94743312,13.98
-3.0946698,13.99
-3.24179578,14
-3.38879232,14.01
-3.53564046,14.02
-3.68232102,14.03
-3.82881464,14.04
-3.97510176,14.05
-4.1211626,14.06
-4.26697724,14.07
-4.41252554,14.08
-4.55778718,14.09
-4.70274168,14.1
-4.84736834,14.11
-4.99164636,14.12
-5.1355547,14.13
-5.27907222,14.14
-5.42217762,14.15
-5.56484938,14.16
-5.70706592,14.17
-5.84880546,14.18
-5.99004612,14.19
-6.13076586,14.2
-6.27094256,14.21
-6.41055392,14.22
-6.54957756,14.23
-6.687991,14.24
-6.82577162,14.25
-6.96289676,14.26
-7.0993436,14.27
-7.2350893,14.28
-7.3701109,14.29
-7.50438538,14.3
-7.63788966,14.31
-7.77060058,14.32
-7.90249498,14.33
-8.0335496,14.34
-8.16374114,14.35
-8.29304632,14.36
-8.42144176,14.37
-8.54890416,14.38
-8.6754101,14.39
-8.80093624,14.4
-8.9254592,14.41
-9.04895564,14.42
-9.1714022,14.43
-9.29277556,14.44
-9.41305248,14.45
-9.53220968,14.46
-9.65022398,14.47
-9.76707226,14.48
-9.88273144,14.49
-9.9971785,14.5
-10.11039056,14.51
-10.22234474,14.52
-10.33301834,14.53
-10.4423887,14.54
-10.55043328,14.55
-10.65712972,14.56
-10.7624557,14.57
-10.86638908,14.58
-10.96890786,14.59
-11.0699902,14.6
-11.1696144,14.61
-11.26775892,14.62
-11.36440242,14.63
-11.45952372,14.64
-11.55310186,14.65
-11.64511604,14.66
-11.73554568,14.67
-11.82437044,14.68
-11.9115702,14.69
-11.99712502,14.7
-12.08101526,14.71
-12.16322148,14.72
-12.24372452,14.73
-12.3225055,14.74
-12.39954576,14.75
-12.47482698,14.76
-12.54833106,14.77
-12.62004022,14.78
-12.68993702,14.79
-12.75800428,14.8
-12.82422516,14.81
-12.8885831,14.82
-12.95106196,14.83
-13.01164584,14.84
-13.07031924,14.85
-13.12706702,14.86
-13.18187438,14.87
-13.23472686,14.88
-13.28561044,14.89
-13.33451142,14.9
-13.38141654,14.91
-13.42631286,14.92
-13.46918794,14.93
-13.51002964,14.94
-13.54882634,14.95
-13.58556674,14.96
-13.62024004,14.97
-13.65283584,14.98
-13.68334418,14.99
-13.71175556,15
-13.73806088,15.01
-13.76225158,15.02
-13.78431946,15.03
-13.80425688,15.04
-13.8220566,15.05
-13.8377119,15.06
-13.85121652,15.07
-13.86256468,15.08
-13.87175112,15.09
-13.87877104,15.1
-13.88362016,15.11
-13.8862947,15.12
-13.88679138,15.13
-13.88510746,15.14
-13.88124064,15.15
-13.87518924,15.16
-13.86695204,15.17
-13.85652834,15.18
-13.84391798,15.19
-13.82912138,15.2
-13.8121394,15.21
-13.79297352,15.22
-13.77162572,15.23
-13.74809852,15.24
-13.72239498,15.25
-13.69451876,15.26
-13.66447396,15.27
-13.63226536,15.28
-13.59789816,15.29
-13.5613782,15.3
-13.52271186,15.31
-13.48190602,15.32
-13.43896818,15.33
-13.39390636,15.34
-13.34672912,15.35
-13.29744562,15.36
-13.24606552,15.37
-13.1925991,15.38
-13.1370571,15.39
-13.0794509,15.4
-13.0197924,15.41
-12.95809404,15.42
-12.89436882,15.43
-12.82863028,15.44
-12.76089252,15.45
-12.6911702,15.46
-12.61947846,15.47
-12.54583302,15.48
-12.47025018,15.49
-12.3927467,15.5
-12.3133399,15.51
-12.23204766,15.52
-12.14888834,15.53
-12.06388086,15.54
-11.97704462,15.55
-11.88839958,15.56
-11.7979662,15.57
-11.7057654,15.58
-11.61181868,15.59
-11.51614798,15.6
-11.41877574,15.61
-11.31972492,15.62
-11.21901896,15.63
-11.11668174,15.64
-11.01273766,15.65
-10.90721156,15.66
-10.80012872,15.67
-10.69151496,15.68
-10.58139644,15.69
-10.46979986,15.7
-10.3567523,15.71
-10.24228128,15.72
-10.12641476,15.73
-10.00918108,15.74
-9.89060906,15.75
-9.77072786,15.76
-9.64956704,15.77
-9.52715656,15.78
-9.40352678,15.79
-9.2787084,15.8
-9.1527325,15.81
-9.0256305,15.82
-8.8974342,15.83
-8.76817568,15.84
-8.6378874,15.85
-8.50660214,15.86
-8.37435296,15.87
-8.24117324,15.88
-8.10709666,15.89
-7.97215716,15.9
-7.836389,15.91
-7.69982666,15.92
-7.5625049,15.93
-7.42445872,15.94
-7.28572336,15.95
-7.14633426,15.96
-7.0063271,15.97
-6.86573776,15.98
-6.72460234,15.99
-6.58295706,16
-6.4408384,16.01
-6.29828292,16.02
-6.1553274,16.03
-6.0120087,16.04
-5.86836388,16.05
-5.72443004,16.06
-5.58024446,16.07
-5.4358445,16.08
-5.29126758,16.09
-5.14655122,16.1
-5.00173298,16.11
-4.8568505,16.12
-4.71194146,16.13
-4.56704356,16.14
-4.42219452,16.15
-4.27743208,16.16
-4.13279392,16.17
-3.9883178,16.18
-3.84404136,16.19
-3.70000228,16.2
-3.55623812,16.21
-3.41278642,16.22
-3.26968464,16.23
-3.12697016,16.24
-2.98468022,16.25
-2.84285202,16.26
-2.70152258,16.27
-2.56072882,16.28
-2.42050752,16.29
-2.28089528,16.3
-2.14192854,16.31
-2.0036436,16.32
-1.8660765,16.33
-1.72926314,16.34
-1.5932392,16.35
-1.45804008,16.36
-1.32370102,16.37
-1.19025696,16.38
-1.05774262,16.39
-0.92619242,16.4
-0.7956405,16.41
-0.66612076,16.42
-0.53766672,16.43
-0.41031164,16.44
-0.28408846,16.45
-0.15902974,16.46
-0.03516774,16.47
0.08746566,16.48
0.20883892,16.49
0.32892092,16.5
0.4476809,16.51
0.56508848,16.52
0.6811137,16.53
0.79572706,16.54
0.90889942,16.55
1.0206021,16.56
1.1308069,16.57
1.23948602,16.58
1.34661214,16.59
1.45215846,16.6
1.5560986,16.61
1.6584067,16.62
1.75905742,16.63
1.85802588,16.64
1.95528774,16.65
2.05081922,16.66
2.14459704,16.67
2.23659844,16.68
2.32680124,16.69
2.41518382,16.7
2.50172512,16.71
2.58640462,16.72
2.66920246,16.73
2.75009926,16.74
2.8290763,16.75
2.90611544,16.76
2.98119916,16.77
3.05431054,16.78
3.12543326,16.79
3.19455166,16.8
3.26165068,16.81
3.3267159,16.82
3.38973356,16.83
3.45069052,16.84
3.50957428,16.85
3.56637302,16.86
3.6210756,16.87
3.67367146,16.88
3.7241508,16.89
3.77250444,16.9
3.81872386,16.91
3.86280126,16.92
3.9047295,16.93
3.94450212,16.94
3.98211332,16.95
4.01755806,16.96
4.05083192,16.97
4.0819312,16.98
4.1108529,16.99
4.13759468,17
4.16215496,17.01
4.18453282,17.02
4.20472802,17.03
4.22274104,17.04
4.23857308,17.05
4.252226,17.06
4.26370238,17.07
4.27300552,17.08
4.28013938,17.09
4.28510866,17.1
4.2879187,17.11
4.28857558,17.12
4.28708608,17.13
4.28345764,17.14
4.28,17.15
4.26981724,17.16
4.25982366,17.17
4.24772784,17.18
4.2335407,17.19
4.2172738,17.2
4.19893938,17.21
4.17855036,17.22
4.1561203,17.23
4.13166346,17.24
4.10519476,17.25
4.07672972,17.26
4.04628458,17.27
4.01387618,17.28
3.979522,17.29
3.9432402,17.3
3.90504954,17.31
3.86496938,17.32
3.82301974,17.33
3.77922124,17.34
3.73359508,17.35
3.68616308,17.36
3.63694768,17.37
3.58597186,17.38
3.5332592,17.39
3.47883384,17.4
3.42272052,17.41
3.36494446,17.42
3.30553152,17.43
3.24450804,17.44
3.18190092,17.45
3.11773754,17.46
3.05204588,17.47
2.98485432,17.48
2.9161918,17.49
2.84608778,17.5
2.7745721,17.51
2.70167516,17.52
2.6274278,17.53
2.55186124,17.54
2.47500726,17.55
2.39689796,17.56
2.31756592,17.57
2.23704412,17.58
2.15536592,17.59
2.07256508,17.6
1.98867576,17.61
1.90373244,17.62
1.81777,17.63
1.73082364,17.64
1.64292888,17.65
1.5541216,17.66
1.46443796,17.67
1.37391442,17.68
1.28258776,17.69
1.19049498,17.7
1.09767338,17.71
1.0041605,17.72
0.90999414,17.73
0.8152123,17.74
0.71985318,17.75
0.62395524,17.76
0.52755706,17.77
0.43069746,17.78
0.3334154,17.79
0.23574996,17.8
0.1377404,17.81
0.03942612,17.82
-0.05915344,17.83
-0.15795864,17.84
-0.25694982,17.85
-0.35608724,17.86
-0.45533106,17.87
-0.55464144,17.88
-0.65397844,17.89
-0.75330216,17.9
-0.85257266,17.91
-0.95175,17.92
-1.05079424,17.93
-1.1496655,17.94
-1.24832394,17.95
-1.34672974,17.96
-1.44484316,17.97
-1.54262458,17.98
-1.64003442,17.99
-1.73703324,18
-1.83358166,18.01
-1.92964052,18.02
-2.02517076,18.03
-2.12013344,18.04
-2.21448984,18.05
-2.3082014,18.06
-2.40122976,18.07
-2.49353678,18.08
-2.58508452,18.09
-2.67583528,18.1
-2.76575158,18.11
-2.85479624,18.12
-2.94293232,18.13
-3.03012314,18.14
-3.11633238,18.15
-3.20152394,18.16
-3.2856621,18.17
-3.36871144,18.18
-3.45063688,18.19
-3.53140368,18.2
-3.6109775,18.21
-3.68932432,18.22
-3.76641054,18.23
-3.84220296,18.24
-3.91666876,18.25
-3.98977554,18.26
-4.06149132,18.27
-4.1317846,18.28
-4.20062428,18.29
-4.26797974,18.3
-4.33382082,18.31
-4.39811784,18.32
-4.4608416,18.33
-4.5219634,18.34
-4.58145506,18.35
-4.6392889,18.36
-4.69543776,18.37
-4.749875,18.38
-4.80257458,18.39
-4.85351096,18.4
-4.90265914,18.41
-4.94999472,18.42
-4.9954939,18.43
-5.03913338,18.44
-5.08089054,18.45
-5.12074328,18.46
-5.15867016,18.47
-5.19465032,18.48
-5.22866352,18.49
-5.26069016,18.5
-5.29071124,18.51
-5.31870844,18.52
-5.34466404,18.53
-5.368561,18.54
-5.3903829,18.55
-5.410114,18.56
-5.42773922,18.57
-5.44324418,18.58
-5.4566151,18.59
-5.46783892,18.6
-5.4769033,18.61
-5.4837965,18.62
-5.48850756,18.63
-5.49102612,18.64
-5.49134262,18.65
-5.4894481,18.66
-5.48533434,18.67
-5.47899388,18.68
-5.47041986,18.69
-5.45960624,18.7
-5.44654758,18.71
-5.43123926,18.72
-5.41367728,18.73
-5.39385844,18.74
-5.37178018,18.75
-5.3474407,18.76
-5.32083892,18.77
-5.29197446,18.78
-5.26084766,18.79
-5.22745958,18.8
-5.19181202,18.81
-5.15390744,18.82
-5.11374906,18.83
-5.07134082,18.84
-5.02668734,18.85
-4.97979398,18.86
-4.9306668,18.87
-4.87931256,18.88
-4.82573872,18.89
-4.76995346,18.9
-4.71196566,18.91
-4.65178488,18.92
-4.5894214,18.93
-4.52488616,18.94
-4.4581908,18.95
-4.38934766,18.96
-4.31836972,18.97
-4.24527068,18.98
-4.17006486,18.99
-4.0927673,19
-4.01339366,19.01
-3.93196028,19.02
-3.84848412,19.03
-3.76298282,19.04
-3.67547464,19.05
-3.58597846,19.06
-3.4945138,19.07
-3.40110084,19.08
-3.30576028,19.09
-3.20851352,19.1
-3.10938252,19.11
-3.00838982,19.12
-2.90555856,19.13
-2.80091248,19.14
-2.69447584,19.15
-2.58627352,19.16
-2.47633092,19.17
-2.36467398,19.18
-2.25132922,19.19
-2.13632362,19.2
-2.01968476,19.21
-1.90144068,19.22
-1.78161992,19.23
-1.66025156,19.24
-1.53736514,19.25
-1.41299064,19.26
-1.28715856,19.27
-1.15989982,19.28
-1.03124582,19.29
-0.90122836,19.3
-0.7698797,19.31
-0.63723246,19.32
-0.50331974,19.33
-0.368175,19.34
-0.23183204,19.35
-0.09432512,19.36
0.0443112,19.37
0.18404198,19.38
0.32483196,19.39
0.46664554,19.4
0.60944678,19.41
0.75319946,19.42
0.89786708,19.43
1.0434128,19.44
1.18979956,19.45
1.33699,19.46
1.48494654,19.47
1.63363136,19.48
1.78300638,19.49
1.93303334,19.5
2.08367378,19.51
2.23488904,19.52
2.38664026,19.53
2.53888844,19.54
2.69159442,19.55
2.84471888,19.56
2.99822242,19.57
3.15206548,19.58
3.30620838,19.59
3.46061138,19.6
3.61523466,19.61
3.77003832,19.62
3.92498238,19.63
4.08002686,19.64
4.23513172,19.65
4.3902569,19.66
4.54536236,19.67
4.700408,19.68
4.85535382,19.69
5.01015978,19.7
5.16478594,19.71
5.31919234,19.72
5.47333914,19.73
5.62718658,19.74
5.78069494,19.75
5.93382466,19.76
6.08653624,19.77
6.23879036,19.78
6.39054776,19.79
6.5417694,19.8
6.69241638,19.81
6.84244992,19.82
6.9918315,19.83
7.14052276,19.84
7.28848552,19.85
7.43568184,19.86
7.58207402,19.87
7.72762456,19.88
7.87229626,19.89
8.01605214,19.9
8.1588555,19.91
8.30066992,19.92
8.44145928,19.93
8.58118778,19.94
8.71981986,19.95
8.85732038,19.96
8.99365448,19.97
9.12878762,19.98
9.26268566,19.99
9.3953148,20
9.5266416,20.01
9.65663304,20.02
9.78525644,20.03
9.91247956,20.04
10.03827054,20.05
10.16259794,20.06
10.28543076,20.07
10.40673844,20.08
10.52649084,20.09
10.64465828,20.1
10.76121152,20.11
10.87612182,20.12
10.98936088,20.13
11.10090094,20.14
11.21071464,20.15
11.31877518,20.16
11.42505626,20.17
11.52953204,20.18
11.63217726,20.19
11.73296716,20.2
11.83187746,20.21
11.9288845,20.22
12.0239651,20.23
12.11709664,20.24
12.20825706,20.25
12.29742486,20.26
12.38457908,20.27
12.46969936,20.28
12.55276588,20.29
12.63375942,20.3
12.71266134,20.31
12.78945356,20.32
12.86411862,20.33
12.93663964,20.34
13.00700034,20.35
13.07518502,20.36
13.1411786,20.37
13.20496662,20.38
13.26653522,20.39
13.3258711,20.4
13.38296166,20.41
13.43779488,20.42
13.4903593,20.43
13.54064418,20.44
13.58863934,20.45
13.63433524,20.46
13.67772292,20.47
13.71879412,20.48
13.75754116,20.49
13.79395698,20.5
13.82803518,20.51
13.85976994,20.52
13.8891561,20.53
13.91618912,20.54
13.94086506,20.55
13.96318066,20.56
13.98313322,20.57
14.00072072,20.58
14.0159417,20.59
14.02879538,20.6
14.03928156,20.61
14.04740066,20.62
14.05315372,20.63
14.05654242,20.64
14.05756898,20.65
14.05623632,20.66
14.05254788,20.67
14.04650774,20.68
14.0381206,20.69
14.02739168,20.7
14.01432688,20.71
13.99893264,20.72
13.98121598,20.73
13.9611845,20.74
13.9388464,20.75
13.91421044,20.76
13.88728594,20.77
13.8580828,20.78
13.82661142,20.79
13.79288282,20.8
13.75690852,20.81
13.71870062,20.82
13.67827174,20.83
13.635635,20.84
13.59080408,20.85
13.54379316,20.86
13.49461696,20.87
13.44329066,20.88
13.38982996,20.89
13.33425108,20.9
13.27657068,20.91
13.21680594,20.92
13.15497446,20.93
13.09109436,20.94
13.0251842,20.95
12.95726296,20.96
12.88735012,20.97
12.81546552,20.98
12.74162952,20.99
12.6658628,21
12.58818654,21.01
12.50862228,21.02
12.42719196,21.03
12.3439179,21.04
12.2588228,21.05
12.17192978,21.06
12.08326224,21.07
11.992844,21.08
11.9006992,21.09
11.8068523,21.1
11.71132814,21.11
11.61415182,21.12
11.51534878,21.13
11.41494476,21.14
11.31296578,21.15
11.20943816,21.16
11.10438848,21.17
10.99784358,21.18
10.88983058,21.19
10.78037684,21.2
10.66950992,21.21
10.55725764,21.22
10.44364804,21.23
10.32870936,21.24
10.21247004,21.25
10.09495868,21.26
9.97620414,21.27
9.85623534,21.28
9.73508146,21.29
9.61277178,21.3
9.48933572,21.31
9.36480284,21.32
9.23920286,21.33
9.11256552,21.34
8.98492076,21.35
8.85629858,21.36
8.72672902,21.37
8.59624228,21.38
8.46486854,21.39
8.33263808,21.4
8.19958122,21.41
8.06572834,21.42
7.93110978,21.43
7.79575598,21.44
7.65969732,21.45
7.52296422,21.46
7.38558708,21.47
7.24759628,21.48
7.10902214,21.49
6.96989502,21.5
6.83024514,21.51
6.69010274,21.52
6.54949794,21.53
6.40846082,21.54
6.26702138,21.55
6.12520952,21.56
5.98305502,21.57
5.84058758,21.58
5.69783676,21.59
5.55483202,21.6
5.4116027,21.61
5.26817792,21.62
5.12458674,21.63
4.98085802,21.64
4.83702044,21.65
4.69310256,21.66
4.5491327,21.67
4.40513902,21.68
4.26114948,21.69
4.11719182,21.7
3.97329362,21.71
3.82948216,21.72
3.68578458,21.73
3.5422277,21.74
3.39883818,21.75
3.2556424,21.76
3.11266646,21.77
2.96993624,21.78
2.82747734,21.79
2.6853151,21.8
2.54347456,21.81
2.40198048,21.82
2.26085734,21.83
2.12012932,21.84
1.97982028,21.85
1.8399538,21.86
1.70055316,21.87
1.56164126,21.88
1.42324074,21.89
1.28537386,21.9
1.14806262,21.91
1.0113286,21.92
0.8751931,21.93
0.73967704,21.94
0.604801,21.95
0.4705852,21.96
0.33704952,21.97
0.20421344,21.98
0.07209612,21.99
-0.05928366,22
-0.18990752,22.01
-0.31975744,22.02
-0.44881578,22.03
-0.57706526,22.04
-0.70448902,22.05
-0.83107056,22.06
-0.95679378,22.07
-1.08164298,22.08
-1.20560284,22.09
-1.32865844,22.1
-1.45079524,22.11
-1.57199914,22.12
-1.6922564,22.13
-1.81155372,22.14
-1.92987816,22.15
-2.0472172,22.16
-2.16355876,22.17
-2.27889112,22.18
-2.39320298,22.19
-2.50648346,22.2
-2.61872206,22.21
-2.7299087,22.22
-2.84003374,22.23
-2.9490879,22.24
-3.05706232,22.25
-3.16394854,22.26
-3.26973854,22.27
-3.37442468,22.28
-3.47799972,22.29
-3.5804568,22.3
-3.68178954,22.31
-3.78199186,22.32
-3.88105816,22.33
-3.9789832,22.34
-4.07576214,22.35
-4.17139054,22.36
-4.26586432,22.37
-4.35917986,22.38
-4.45133386,22.39
-4.54232342,22.4
-4.63214606,22.41
-4.72079962,22.42
-4.80828238,22.43
-4.89459292,22.44
-4.97973028,22.45
-5.0636938,22.46
-5.14648322,22.47
-5.2280986,22.48
-5.3085404,22.49
-5.38780944,22.5
-5.46590684,22.51
-5.54283412,22.52
-5.6185931,22.53
-5.69318598,22.54
-5.76661524,22.55
-5.83888376,22.56
-5.9099947,22.57
-5.97995156,22.58
-6.04875812,22.59
-6.11641852,22.6
-6.18293718,22.61
-6.24831884,22.62
-6.31256854,22.63
-6.37569158,22.64
-6.43769358,22.65
-6.49858044,22.66
-6.55835834,22.67
-6.6170337,22.68
-6.67461324,22.69
-6.73110394,22.7
-6.78651302,22.71
-6.84084798,22.72
-6.89411652,22.73
-6.94632662,22.74
-6.99748646,22.75
-7.0476045,22.76
-7.09668934,22.77
-7.14474988,22.78
-7.1917952,22.79
-7.23783456,22.8
-7.28287742,22.81
-7.32693348,22.82
-7.3700126,22.83
-7.41212478,22.84
-7.45328026,22.85
-7.4934894,22.86
-7.53276274,22.87
-7.57111098,22.88
-7.60854494,22.89
-7.64507564,22.9
-7.68071418,22.91
-7.71547182,22.92
-7.74935992,22.93
-7.78239,22.94
-7.81457362,22.95
-7.84592252,22.96
-7.87644852,22.97
-7.90616348,22.98
-7.9350794,22.99
-7.96320834,23
-7.99056246,23.01
-8.01715394,23.02
-8.04299504,23.03
-8.0680981,23.04
-8.09247548,23.05
-8.11613956,23.06
-8.13910282,23.07
-8.16137772,23.08
-8.18297674,23.09
-8.20391242,23.1
-8.22419726,23.11
-8.24384382,23.12
-8.26286458,23.13
-8.2812721,23.14
-8.29907888,23.15
-8.3162974,23.16
-8.33294012,23.17
-8.34901948,23.18
-8.36454788,23.19
-8.37953766,23.2
-8.39400114,23.21
-8.40795058,23.22
-8.42139816,23.23
-8.434356,23.24
-8.4468362,23.25
-8.4588507,23.26
-8.47041142,23.27
-8.4815302,23.28
-8.49221874,23.29
-8.50248868,23.3
-8.51235158,23.31
-8.52181882,23.32
-8.53090174,23.33
-8.53961154,23.34
-8.5479593,23.35
-8.55595596,23.36
-8.56361236,23.37
-8.5709392,23.38
-8.57794702,23.39
-8.58464624,23.4
-8.5910471,23.41
-8.59715976,23.42
-8.60299416,23.43
-8.60856008,23.44
-8.61386718,23.45
-8.61892494,23.46
-8.62374266,23.47
-8.62832944,23.48
-8.63269428,23.49
-8.63684592,23.5
-8.64079298,23.51
-8.64454384,23.52
-8.64810672,23.53
-8.65148964,23.54
-8.65470044,23.55
-8.65774674,23.56
-8.66063596,23.57
-8.66337534,23.58
-8.6659719,23.59
-8.66843244,23.6
-8.67076358,23.61
-8.67297168,23.62
-8.67506296,23.63
-8.67704334,23.64
-8.6789186,23.65
-8.68069422,23.66
-8.68237554,23.67
-8.68396762,23.68
-8.68547532,23.69
-8.68690326,23.7
-8.68825588,23.71
-8.68953732,23.72
-8.69075154,23.73
-8.69190226,23.74
-8.69299298,23.75
-8.69402696,23.76
-8.69500722,23.77
-8.69593658,23.78
-8.69681758,23.79
-8.69765258,23.8
-8.69844368,23.81
-8.69919274,23.82
-8.69990144,23.83
-8.70057114,23.84
-8.70120306,23.85
-8.70179814,23.86
-8.70235712,23.87
-8.70288046,23.88
-8.70336844,23.89
-8.70382112,23.9
-8.70423828,23.91
-8.70461954,23.92
-8.70496422,23.93
-8.70527152,23.94
-8.70554032,23.95
-8.70576932,23.96
-8.70595704,23.97
-8.7061017,23.98
-8.70620138,23.99
-8.70625392,24
-8.70625696,24.01
-8.7062079,24.02
-8.70610396,24.03
-8.70594214,24.04
-8.70571928,24.05
-8.70543196,24.06
-8.70507662,24.07
-8.70464944,24.08
-8.70414648,24.09
-8.70356358,24.1
-8.70289636,24.11
-8.70214032,24.12
-8.70129074,24.13
-8.70034272,24.14
-8.6992912,24.15
-8.69813096,24.16
-8.69685658,24.17
-8.69546252,24.18
-8.69394302,24.19
-8.69229222,24.2
-8.69050406,24.21
-8.68857238,24.22
-8.68649084,24.23
-8.68425294,24.24
-8.6818521,24.25
-8.67928152,24.26
-8.67653436,24.27
-8.6736036,24.28
-8.67048208,24.29
-8.66716258,24.3
-8.6636377,24.31
-8.65989998,24.32
-8.65594184,24.33
-8.65175556,24.34
-8.64733336,24.35
-8.64266738,24.36
-8.63774964,24.37
-8.63257204,24.38
-8.6271265,24.39
-8.62140476,24.4
-8.61539854,24.41
-8.60909948,24.42
-8.60249918,24.43
-8.59558912,24.44
-8.5883608,24.45
-8.58080562,24.46
-8.57291496,24.47
-8.56468014,24.48
-8.55609244,24.49
-8.54714316,24.5
-8.53782348,24.51
-8.52812466,24.52
-8.51803788,24.53
-8.5075543,24.54
-8.49666512,24.55
-8.4853615,24.56
-8.4736346,24.57
-8.46147562,24.58
-8.44887574,24.59
-8.43582614,24.6
-8.42231804,24.61
-8.4083427,24.62
-8.3938914,24.63
-8.37895544,24.64
-8.36352614,24.65
-8.34759492,24.66
-8.33115318,24.67
-8.31419244,24.68
-8.2967042,24.69
-8.27868008,24.7
-8.26011174,24.71
-8.24099092,24.72
-8.22130942,24.73
-8.20105912,24.74
-8.18023198,24.75
-8.15882008,24.76
-8.13681552,24.77
-8.11421058,24.78
-8.09099756,24.79
-8.06716892,24.8
-8.0427172,24.81
-8.01763504,24.82
-7.99191524,24.83
-7.96555066,24.84
-7.93853434,24.85
-7.91085938,24.86
-7.8825191,24.87
-7.85350686,24.88
-7.8238162,24.89
-7.79344082,24.9
-7.76237456,24.91
-7.73061136,24.92
-7.69814536,24.93
-7.66497082,24.94
-7.63108222,24.95
-7.59647414,24.96
-7.56114132,24.97
-7.52507874,24.98
-7.48828146,24.99
-7.45074478,25
-7.41246414,25.01
-7.3734352,25.02
-7.33365374,25.03
-7.29311576,25.04
-7.25181748,25.05
-7.20975526,25.06
-7.16692568,25.07
-7.12332548,25.08
-7.07895166,25.09
-7.03380134,25.1
-6.98787192,25.11
-6.94116096,25.12
-6.8936662,25.13
-6.84538568,25.14
-6.79631754,25.15
-6.7464602,25.16
-6.69581228,25.17
-6.6443726,25.18
-6.59214022,25.19
-6.5391144,25.2
-6.48529462,25.21
-6.43068058,25.22
-6.37527222,25.23
-6.31906966,25.24
-6.26207328,25.25
-6.2042837,25.26
-6.1457017,25.27
-6.08632838,25.28
-6.02616496,25.29
-5.96521298,25.3
-5.90347414,25.31
-5.84095042,25.32
-5.77764402,25.33
-5.71355732,25.34
-5.64869298,25.35
-5.5830539,25.36
-5.51664314,25.37
-5.44946408,25.38
-5.38152024,25.39
-5.31281546,25.4
-5.24335372,25.41
-5.17313928,25.42
-5.10217664,25.43
-5.03047046,25.44
-4.95802572,25.45
-4.88484754,25.46
-4.81094134,25.47
-4.73631268,25.48
-4.66096744,25.49
-4.58491162,25.5
-4.50815154,25.51
-4.43069366,25.52
-4.3525447,25.53
-4.2737116,25.54
-4.1942015,25.55
-4.11402176,25.56
-4.03317994,25.57
-3.95168382,25.58
-3.86954142,25.59
-3.78676092,25.6
-3.70335072,25.61
-3.61931944,25.62
-3.5346759,25.63
-3.44942908,25.64
-3.3635882,25.65
-3.27716266,25.66
-3.19016208,25.67
-3.10259622,25.68
-3.01447506,25.69
-2.92580874,25.7
-2.83660764,25.71
-2.74688226,25.72
-2.65664332,25.73
-2.56590166,25.74
-2.47466834,25.75
-2.3829546,25.76
-2.2907718,25.77
-2.1981315,25.78
-2.10504538,25.79
-2.01152534,25.8
-1.91758338,25.81
-1.82323166,25.82
-1.72848252,25.83
-1.6333484,25.84
-1.53784192,25.85
-1.44197582,25.86
-1.34576296,25.87
-1.24921634,25.88
-1.15234912,25.89
-1.05517454,25.9
-0.95770598,25.91
-0.85995694,25.92
-0.76194102,25.93
-0.66367194,25.94
-0.56516352,25.95
-0.4664297,25.96
-0.36748446,25.97
-0.26834196,25.98
-0.16901638,25.99
-0.06952204,26
0.03012672,26.01
0.1299154,26.02
0.22982952,26.03
0.32985444,26.04
0.42997552,26.05
0.53017802,26.06
0.63044714,26.07
0.73076806,26.08
0.83112586,26.09
0.9315056,26.1
1.03189232,26.11
1.132271,26.12
1.23262654,26.13
1.3329439,26.14
1.43320796,26.15
1.53340356,26.16
1.63351556,26.17
1.73352878,26.18
1.83342808,26.19
1.93319826,26.2
2.03282412,26.21
2.1322905,26.22
2.2315822,26.23
2.3306841,26.24
2.429581,26.25
2.52825782,26.26
2.62669942,26.27
2.72489072,26.28
2.8228167,26.29
2.92046232,26.3
3.01781262,26.31
3.11485268,26.32
3.2115676,26.33
3.30794254,26.34
3.40396274,26.35
3.4996135,26.36
3.59488012,26.37
3.68974806,26.38
3.78420276,26.39
3.87822982,26.4
3.97181484,26.41
4.06494356,26.42
4.15760178,26.43
4.2497754,26.44
4.34145038,26.45
4.43261284,26.46
4.52324894,26.47
4.61334498,26.48
4.70288736,26.49
4.79186256,26.5
4.88025724,26.51
4.96805812,26.52
5.05525204,26.53
5.14182604,26.54
5.22776718,26.55
5.31306272,26.56
5.39770006,26.57
5.4816667,26.58
5.56495028,26.59
5.64753864,26.6
5.72941972,26.61
5.81058158,26.62
5.89101252,26.63
5.9707009,26.64
6.04963532,26.65
6.1278045,26.66
6.20519732,26.67
6.28180284,26.68
6.35761028,26.69
6.43260904,26.7
6.5067887,26.71
6.580139,26.72
6.65264986,26.73
6.72431138,26.74
6.7951139,26.75
6.86504784,26.76
6.9341039,26.77
7.00227292,26.78
7.06954596,26.79
7.13591424,26.8
7.20136922,26.81
7.26590254,26.82
7.32950602,26.83
7.3921717,26.84
7.45389182,26.85
7.51465884,26.86
7.57446538,26.87
7.63330434,26.88
7.69116876,26.89
7.74805192,26.9
7.80394734,26.91
7.85884868,26.92
7.9127499,26.93
7.9656451,26.94
8.01752866,26.95
8.06839514,26.96
8.11823932,26.97
8.1670562,26.98
8.21484102,26.99
8.26158924,27
8.3072965,27.01
8.3519587,27.02
8.39557196,27.03
8.4381326,27.04
8.47963722,27.05
8.52008256,27.06
8.55946566,27.07
8.59778372,27.08
8.63503424,27.09
8.67121488,27.1
8.70632356,27.11
8.74035838,27.12
8.77331774,27.13
8.80520018,27.14
8.83600454,27.15
8.86572984,27.16
8.89437534,27.17
8.9219405,27.18
8.94842502,27.19
8.97382884,27.2
8.99815212,27.21
9.02139518,27.22
9.04355864,27.23
9.0646433,27.24
9.08465018,27.25
9.10358054,27.26
9.12143584,27.27
9.13821774,27.28
9.15392814,27.29
9.16856914,27.3
9.1821431,27.31
9.1946525,27.32
9.20610012,27.33
9.2164889,27.34
9.22582202,27.35
9.23410282,27.36
9.2413349,27.37
9.247522,27.38
9.25266816,27.39
9.2567775,27.4
9.25985444,27.41
9.26190354,27.42
9.26292958,27.43
9.26293752,27.44
9.26193252,27.45
9.25991994,27.46
9.25690532,27.47
9.25289438,27.48
9.24789302,27.49
9.24190734,27.5
9.2349436,27.51
9.22700826,27.52
9.21810796,27.53
9.20824948,27.54
9.1974398,27.55
9.18568606,27.56
9.17299556,27.57
9.1593758,27.58
9.14483438,27.59
9.12937912,27.6
9.11301798,27.61
9.09575904,27.62
9.0776106,27.63
9.05858102,27.64
9.03867892,27.65
9.01791296,27.66
8.99629198,27.67
8.97382502,27.68
8.95052114,27.69
8.92638966,27.7
8.9014399,27.71
8.87568144,27.72
8.8491239,27.73
8.82177706,27.74
8.79365078,27.75
8.7647551,27.76
8.73510012,27.77
8.70469608,27.78
8.67355332,27.79
8.6416823,27.8
8.60909358,27.81
8.5757978,27.82
8.54180572,27.83
8.50712816,27.84
8.4717761,27.85
8.43576054,27.86
8.3990926,27.87
8.36178348,27.88
8.32384444,27.89
8.28528686,27.9
8.24612214,27.91
8.20636178,27.92
8.16601736,27.93
8.1251005,27.94
8.0836229,27.95
8.0415963,27.96
7.99903252,27.97
7.9559434,27.98
7.91234086,27.99
7.86823686,28
7.8236434,28.01
7.77857248,28.02
7.73303624,28.03
7.68704674,28.04
7.64061616,28.05
7.59375664,28.06
7.5464804,28.07
7.49879964,28.08
7.45072662,28.09
7.40227358,28.1
7.3534528,28.11
7.30427656,28.12
7.25475714,28.13
7.20490682,28.14
7.15473792,28.15
7.1042627,28.16
7.0534935,28.17
7.00244254,28.18
6.95112214,28.19
6.89954454,28.2
6.84772198,28.21
6.79566668,28.22
6.74339086,28.23
6.6909067,28.24
6.63822634,28.25
6.5853619,28.26
6.5323255,28.27
6.47912916,28.28
6.42578492,28.29
6.37230476,28.3
6.3187006,28.31
6.26498432,28.32
6.2111678,28.33
6.1572628,28.34
6.10328106,28.35
6.04923428,28.36
5.99513404,28.37
5.94099196,28.38
5.88681948,28.39
5.83262806,28.4
5.77842906,28.41
5.72423376,28.42
5.6700534,28.43
5.6158991,28.44
5.56178194,28.45
5.5077129,28.46
5.4537029,28.47
5.39976272,28.48
5.34590314,28.49
5.29213476,28.5
5.23846814,28.51
5.18491376,28.52
5.13148196,28.53
5.07818302,28.54
5.02502708,28.55
4.97202424,28.56
4.91918444,28.57
4.86651754,28.58
4.8140333,28.59
4.76174134,28.6
4.70965118,28.61
4.65777228,28.62
4.6061139,28.63
4.55468524,28.64
4.50349538,28.65
4.45255324,28.66
4.40186768,28.67
4.35144736,28.68
4.30130092,28.69
4.25143676,28.7
4.20186324,28.71
4.15258854,28.72
4.10362072,28.73
4.05496776,28.74
4.00663742,28.75
3.95863738,28.76
3.91097516,28.77
3.8636582,28.78
3.81669372,28.79
3.77008886,28.8
3.72385058,28.81
3.67798572,28.82
3.632501,28.83
3.58740294,28.84
3.54269798,28.85
3.49839234,28.86
3.45449216,28.87
3.41100342,28.88
3.36793192,28.89
3.32528332,28.9
3.28306316,28.91
3.24127682,28.92
3.19992948,28.93
3.15902624,28.94
3.118572,28.95
3.07857152,28.96
3.0390294,28.97
2.9999501,28.98
2.96133792,28.99
2.923197,29
2.88553132,29.01
2.8483447,29.02
2.81164084,29.03
2.77542322,29.04
2.73969524,29.05
2.70446006,29.06
2.66972074,29.07
2.63548016,29.08
2.60174104,29.09
2.56850598,29.1
2.53577734,29.11
2.5035574,29.12
2.47184826,29.13
2.44065182,29.14
2.40996988,29.15
2.37980404,29.16
2.35015578,29.17
2.32102636,29.18
2.29241696,29.19
2.26432856,29.2
2.23676194,29.21
2.20971782,29.22
2.18319668,29.23
2.15719888,29.24
2.13172462,29.25
2.10677392,29.26
2.0823467,29.27
2.05844264,29.28
2.03506136,29.29
2.01220226,29.3
1.98986458,29.31
1.96804746,29.32
1.94674986,29.33
1.92597058,29.34
1.90570826,29.35
1.8859614,29.36
1.86672838,29.37
1.84800738,29.38
1.82979646,29.39
1.81209354,29.4
1.79489636,29.41
1.77820252,29.42
1.76200952,29.43
1.74631466,29.44
1.73111512,29.45
1.71640794,29.46
1.70219,29.47
1.68845808,29.48
1.67520876,29.49
1.66243852,29.5
1.6501437,29.51
1.6383205,29.52
1.62696496,29.53
1.61607304,29.54
1.60564052,29.55
1.59566306,29.56
1.58613618,29.57
1.5770553,29.58
1.5684157,29.59
1.56021248,29.6
1.5524407,29.61
1.54509522,29.62
1.53817084,29.63
1.5316622,29.64
1.52556382,29.65
1.51987012,29.66
1.51457536,29.67
1.50967374,29.68
1.50515932,29.69
1.50102604,29.7
1.49726772,29.71
1.49387808,29.72
1.49085076,29.73
1.48817924,29.74
1.48585692,29.75
1.4838771,29.76
1.48223298,29.77
1.48091766,29.78
1.4799241,29.79
1.4792452,29.8
1.47887378,29.81
1.4788025,29.82
1.47902402,29.83
1.47953084,29.84
1.48031538,29.85
1.48136998,29.86
1.4826869,29.87
1.48425832,29.88
1.48607632,29.89
1.48813292,29.9
1.49042002,29.91
1.49292952,29.92
1.49565316,29.93
1.49858264,29.94
1.50170964,29.95
1.50502568,29.96
1.50852226,29.97
1.51219084,29.98
1.51602276,29.99
1.52000932,30
1.5241418,30.01
1.52841136,30.02
1.53280914,30.03
1.53732622,30.04
1.54195362,30.05
1.54668232,30.06
1.55150324,30.07
1.55640728,30.08
1.56138526,30.09
1.56642798,30.1
1.5715262,30.11
1.57667064,30.12
1.58185198,30.13
1.58706086,30.14
1.59228792,30.15
1.59752372,30.16
1.60275884,30.17
1.6079838,30.18
1.61318912,30.19
1.6183653,30.2
1.62350278,30.21
1.62859204,30.22
1.63362352,30.23
1.63858762,30.24
1.64347478,30.25
1.6482754,30.26
1.65297988,30.27
1.65757862,30.28
1.662062,30.29
1.6664204,30.3
1.67064426,30.31
1.67472394,30.32
1.67864988,30.33
1.68241246,30.34
1.68600212,30.35
1.68940928,30.36
1.69262444,30.37
1.69563802,30.38
1.69844052,30.39
1.70102246,30.4
1.70337438,30.41
1.70548682,30.42
1.70735036,30.43
1.70895564,30.44
1.7102933,30.45
1.71135402,30.46
1.7121285,30.47
1.71260754,30.48
1.71278188,30.49
1.71264242,30.5
1.71218,30.51
1.71138556,30.52
1.71025008,30.53
1.7087646,30.54
1.7069202,30.55
1.704708,30.56
1.70211924,30.57
1.69914512,30.58
1.695777,30.59
1.69200622,30.6
1.68782426,30.61
1.68322262,30.62
1.67819288,30.63
1.67272668,30.64
1.66681578,30.65
1.66045194,30.66
1.65362708,30.67
1.64633312,30.68
1.63856212,30.69
1.63030622,30.7
1.6215576,30.71
1.61230856,30.72
1.6025515,30.73
1.5922789,30.74
1.5814833,30.75
1.57015738,30.76
1.5582939,30.77
1.54588572,30.78
1.53292582,30.79
1.51940722,30.8
1.5053231,30.81
1.49066676,30.82
1.47543154,30.83
1.45961094,30.84
1.44319856,30.85
1.42618814,30.86
1.40857346,30.87
1.3903485,30.88
1.37150728,30.89
1.35204402,30.9
1.33195302,30.91
1.31122868,30.92
1.28986554,30.93
1.26785832,30.94
1.24520178,30.95
1.22189088,30.96
1.19792066,30.97
1.17328632,30.98
1.14798318,30.99
1.12200672,31
1.09535252,31.01
1.06801634,31.02
1.03999404,31.03
1.01128164,31.04
0.98187528,31.05
0.95177128,31.06
0.9209661,31.07
0.88945632,31.08
0.85723866,31.09
0.82431002,31.1
0.79066744,31.11
0.7563081,31.12
0.72122936,31.13
0.6854287,31.14
0.64890374,31.15
0.61165232,31.16
0.57367238,31.17
0.53496202,31.18
0.49551954,31.19
0.45534334,31.2
0.41443204,31.21
0.37278438,31.22
0.33039926,31.23
0.28727578,31.24
0.24341316,31.25
0.1988108,31.26
0.1534683,31.27
0.10738534,31.28
0.06056186,31.29
0.01299792,31.3
-0.03530626,31.31
-0.08435026,31.32
-0.13413354,31.33
-0.18465532,31.34
-0.23591474,31.35
-0.28791068,31.36
-0.3406419,31.37
-0.394107,31.38
-0.44830438,31.39
-0.50323226,31.4
-0.55888874,31.41
-0.61527168,31.42
-0.67237882,31.43
-0.7302077,31.44
-0.7887557,31.45
-0.84802004,31.46
-0.90799774,31.47
-0.96868564,31.48
-1.03008044,31.49
-1.09217868,31.5
-1.15497664,31.51
-1.21847054,31.52
-1.28265636,31.53
-1.3475299,31.54
-1.41308684,31.55
-1.47932266,31.56
-1.54623262,31.57
-1.61381192,31.58
-1.68205546,31.59
-1.75095808,31.6
-1.8205144,31.61
-1.89071884,31.62
-1.96156572,31.63
-2.03304912,31.64
-2.10516302,31.65
-2.17790118,31.66
-2.25125722,31.67
-2.3252246,31.68
-2.39979656,31.69
-2.47496624,31.7
-2.55072658,31.71
-2.6270704,31.72
-2.70399028,31.73
-2.7814787,31.74
-2.85952798,31.75
-2.93813024,31.76
-3.01727748,31.77
-3.0969615,31.78
-3.177174,31.79
-3.25790648,31.8
-3.3391503,31.81
-3.42089666,31.82
-3.50313662,31.83
-3.58586108,31.84
-3.6690608,31.85
-3.75272638,31.86
-3.83684828,31.87
-3.92141678,31.88
-4.0064221,31.89
-4.09185424,31.9
-4.17770306,31.91
-4.26395836,31.92
-4.35060968,31.93
-4.43764654,31.94
-4.52505824,31.95
-4.61283398,31.96
-4.70096286,31.97
-4.78943378,31.98
-4.87823558,31.99
-4.96735692,32
-5.05678636,32.01
-5.14651234,32.02
-5.23652316,32.03
-5.32680704,32.04
-5.41735202,32.05
-5.50814608,32.06
-5.59917708,32.07
-5.69043272,32.08
-5.78190066,32.09
-5.8735684,32.1
-5.96542334,32.11
-6.0574528,32.12
-6.149644,32.13
-6.24198404,32.14
-6.33445992,32.15
-6.42705856,32.16
-6.5197668,32.17
-6.61257134,32.18
-6.70545886,32.19
-6.7984159,32.2
-6.89142894,32.21
-6.98448438,32.22
-7.07756852,32.23
-7.17066764,32.24
-7.26376784,32.25
-7.35685528,32.26
-7.44991594,32.27
-7.5429358,32.28
-7.63590076,32.29
-7.72879662,32.3
-7.82160918,32.31
-7.91432416,32.32
-8.00692722,32.33
-8.09940396,32.34
-8.19173994,32.35
-8.28392068,32.36
-8.37593166,32.37
-8.46775832,32.38
-8.55938602,32.39
-8.65080014,32.4
-8.741986,32.41
-8.8329289,32.42
-8.92361408,32.43
-9.0140268,32.44
-9.10415228,32.45
-9.1939757,32.46
-9.28348226,32.47
-9.3726571,32.48
-9.4614854,32.49
-9.5499523,32.5
-9.63804292,32.51
-9.72574244,32.52
-9.81303594,32.53
-9.89990858,32.54
-9.98634552,32.55
-10.07233188,32.56
-10.15785286,32.57
-10.24289358,32.58
-10.32743928,32.59
-10.41147512,32.6
-10.49498638,32.61
-10.57795826,32.62
-10.66037608,32.63
-10.74222514,32.64
-10.82349078,32.65
-10.90415836,32.66
-10.98421334,32.67
-11.06364112,32.68
-11.14242724,32.69
-11.22055722,32.7
-11.29801668,32.71
-11.37479124,32.72
-11.45086662,32.73
-11.52622856,32.74
-11.60086288,32.75
-11.67475546,32.76
-11.74789226,32.77
-11.82025926,32.78
-11.89184256,32.79
-11.96262832,32.8
-12.03260276,32.81
-12.10175218,32.82
-12.17006296,32.83
-12.2375216,32.84
-12.30411464,32.85
-12.36982872,32.86
-12.43465058,32.87
-12.49856706,32.88
-12.56156506,32.89
-12.62363162,32.9
-12.68475386,32.91
-12.74491902,32.92
-12.8041144,32.93
-12.86232744,32.94
-12.91954572,32.95
-12.97575688,32.96
-13.03094872,32.97
-13.0851091,32.98
-13.13822604,32.99
-13.19028768,33
-13.24128228,33.01
-13.29119824,33.02
-13.34002404,33.03
-13.38774834,33.04
-13.4343599,33.05
-13.47984766,33.06
-13.52420064,33.07
-13.56740802,33.08
-13.60945914,33.09
-13.65034344,33.1
-13.69005058,33.11
-13.72857026,33.12
-13.76589244,33.13
-13.80200712,33.14
-13.83690456,33.15
-13.87057508,33.16
-13.90300922,33.17
-13.93419766,33.18
-13.9641312,33.19
-13.99280086,33.2
-14.02019778,33.21
-14.04631328,33.22
-14.07113884,33.23
-14.09466612,33.24
-14.11688694,33.25
-14.13779328,33.26
-14.1573773,33.27
-14.17563134,33.28
-14.19254788,33.29
-14.20811962,33.3
-14.22233942,33.31
-14.2352003,33.32
-14.24669548,33.33
-14.25681836,33.34
-14.2655625,33.35
-14.27292164,33.36
-14.27888976,33.37
-14.28346096,33.38
-14.28662954,33.39
-14.28839,33.4
-14.28873702,33.41
-14.2876655,33.42
-14.28517044,33.43
-14.28124714,33.44
-14.275891,33.45
-14.26909766,33.46
-14.26086296,33.47
-14.25118288,33.48
-14.24005364,33.49
-14.22747166,33.5
-14.21343348,33.51
-14.19793594,33.52
-14.18097598,33.53
-14.16255082,33.54
-14.14265778,33.55
-14.12129446,33.56
-14.09845864,33.57
-14.07414824,33.58
-14.04836144,33.59
-14.0210966,33.6
-13.99235226,33.61
-13.96212718,33.62
-13.93042028,33.63
-13.89723074,33.64
-13.86255786,33.65
-13.82640122,33.66
-13.78876052,33.67
-13.74963572,33.68
-13.70902692,33.69
-13.66693446,33.7
-13.62335886,33.71
-13.57830084,33.72
-13.53176132,33.73
-13.48374138,33.74
-13.43424236,33.75
-13.38326572,33.76
-13.3308132,33.77
-13.27688664,33.78
-13.22148816,33.79
-13.16462002,33.8
-13.10628466,33.81
-13.04648478,33.82
-12.9852232,33.83
-12.92250296,33.84
-12.8583273,33.85
-12.79269962,33.86
-12.72562356,33.87
-12.65710288,33.88
-12.58714156,33.89
-12.5157438,33.9
-12.4429139,33.91
-12.36865644,33.92
-12.2929761,33.93
-12.2158778,33.94
-12.13736662,33.95
-12.05744782,33.96
-11.97612684,33.97
-11.8934093,33.98
-11.80930098,33.99
-11.72380786,34
-11.6369361,34.01
-11.548692,34.02
-11.45908204,34.03
-11.36811292,34.04
-11.27579144,34.05
-11.1821246,34.06
-11.08711958,34.07
-10.99078372,34.08
-10.8931245,34.09
-10.79414958,34.1
-10.69386682,34.11
-10.59228416,34.12
-10.48940976,34.13
-10.38525194,34.14
-10.27981912,34.15
-10.17311994,34.16
-10.06516316,34.17
-9.9559577,34.18
-9.84551262,34.19
-9.73383714,34.2
-9.62094062,34.21
-9.50683258,34.22
-9.39152268,34.23
-9.2750207,34.24
-9.15733658,34.25
-9.0384804,34.26
-8.91846238,34.27
-8.79729286,34.28
-8.67498234,34.29
-8.55154144,34.3
-8.4269809,34.31
-8.30131162,34.32
-8.17454458,34.33
-8.04669092,34.34
-7.91776192,34.35
-7.78776894,34.36
-7.65672348,34.37
-7.5246372,34.38
-7.3915218,34.39
-7.25738916,34.4
-7.12225122,34.41
-6.98612012,34.42
-6.849008,34.43
-6.71092718,34.44
-6.5718901,34.45
-6.43190924,34.46
-6.29099722,34.47
-6.1491668,34.48
-6.00643078,34.49
-5.86280208,34.5
-5.71829372,34.51
-5.57291882,34.52
-5.4266906,34.53
-5.27962234,34.54
-5.13172746,34.55
-4.9830194,34.56
-4.83351174,34.57
-4.68321816,34.58
-4.53215236,34.59
-4.38032816,34.6
-4.22775948,34.61
-4.07446026,34.62
-3.92044458,34.63
-3.76572654,34.64
-3.61032036,34.65
-3.45424028,34.66
-3.29750068,34.67
-3.14011594,34.68
-2.98210054,34.69
-2.82346902,34.7
-2.66423598,34.71
-2.5044161,34.72
-2.34402406,34.73
-2.18307468,34.74
-2.0215828,34.75
-1.85956328,34.76
-1.69703108,34.77
-1.53400122,34.78
-1.37048872,34.79
-1.2065087,34.8
-1.04207628,34.81
-0.87720668,34.82
-0.71191512,34.83
-0.54621686,34.84
-0.38012724,34.85
-0.21366162,34.86
-0.04683538,34.87
0.12033604,34.88
0.28783716,34.89
0.4556525,34.9
0.62376652,34.91
0.79216364,34.92
0.96082828,34.93
1.1297448,34.94
1.29889758,34.95
1.46827092,34.96
1.63784912,34.97
1.80761648,34.98
1.97755722,34.99
2.14765562,35
2.31789588,35.01
2.48826218,35.02
2.65873874,35.03
2.8293097,35.04
2.99995922,35.05
3.17067146,35.06
3.34143054,35.07
3.51222056,35.08
3.68302568,35.09
3.85382998,35.1
4.02461754,35.11
4.19537248,35.12
4.3660789,35.13
4.53672084,35.14
4.70728244,35.15
4.87774774,35.16
5.04810084,35.17
5.21832582,35.18
5.38840678,35.19
5.55832782,35.2
5.728073,35.21
5.89762646,35.22
6.06697228,35.23
6.23609458,35.24
6.40497752,35.25
6.57360518,35.26
6.74196176,35.27
6.91003136,35.28
7.0777982,35.29
7.24524646,35.3
7.4123603,35.31
7.57912396,35.32
7.74552168,35.33
7.91153768,35.34
8.07715626,35.35
8.24236168,35.36
8.40713824,35.37
8.5714703,35.38
8.73534218,35.39
8.89873826,35.4
9.06164294,35.41
9.22404064,35.42
9.3859158,35.43
9.5472529,35.44
9.70803642,35.45
9.86825092,35.46
10.02788094,35.47
10.18691106,35.48
10.3453259,35.49
10.5031101,35.5
10.66024836,35.51
10.8167254,35.52
10.97252592,35.53
11.12763476,35.54
11.28203672,35.55
11.43571662,35.56
11.5886594,35.57
11.74084998,35.58
11.8922733,35.59
12.0429144,35.6
12.1927583,35.61
12.34179014,35.62
12.489995,35.63
12.63735808,35.64
12.7838646,35.65
12.92949982,35.66
13.07424906,35.67
13.21809766,35.68
13.36103104,35.69
13.50303466,35.7
13.64409398,35.71
13.7841946,35.72
13.9233221,35.73
14.06146212,35.74
14.1986004,35.75
14.33472266,35.76
14.46981474,35.77
14.6038625,35.78
14.73685188,35.79
14.86876882,35.8
14.9995994,35.81
15.1293297,35.82
15.25794588,35.83
15.38543416,35.84
15.5117808,35.85
15.63697218,35.86
15.76099466,35.87
15.88383476,35.88
16.00547896,35.89
16.12591392,35.9
16.24512626,35.91
16.36310274,35.92
16.47983016,35.93
16.5952954,35.94
16.70948542,35.95
16.82238722,35.96
16.9339879,35.97
17.04427464,35.98
17.15323466,35.99
17.26085532,36
17.367124,36.01
17.47202818,36.02
17.57555542,36.03
17.67769336,36.04
17.77842972,36.05
17.87775232,36.06
17.97564904,36.07
18.07210786,36.08
18.16711686,36.09
18.26066418,36.1
18.35273806,36.11
18.44332686,36.12
18.53241898,36.13
18.62000296,36.14
18.70606742,36.15
18.79060106,36.16
18.8735927,36.17
18.95503124,36.18
19.03490572,36.19
19.1132052,36.2
19.18991894,36.21
19.26503626,36.22
19.33854656,36.23
19.41043938,36.24
19.48070438,36.25
19.5493313,36.26
19.61631002,36.27
19.68163048,36.28
19.74528282,36.29
19.80725722,36.3
19.867544,36.31
19.92613364,36.32
19.98301668,36.33
20.03818382,36.34
20.09162586,36.35
20.14333376,36.36
20.19329856,36.37
20.2415115,36.38
20.28796386,36.39
20.3326471,36.4
20.37555286,36.41
20.41667282,36.42
20.45599884,36.43
20.49352296,36.44
20.5292373,36.45
20.56313416,36.46
20.59520594,36.47
20.62544524,36.48
20.65384478,36.49
20.68039742,36.5
20.70509618,36.51
20.72793426,36.52
20.74890494,36.53
20.76800176,36.54
20.7852183,36.55
20.80054842,36.56
20.81398604,36.57
20.82552532,36.58
20.8351605,36.59
20.84288608,36.6
20.84869668,36.61
20.85258706,36.62
20.85455222,36.63
20.8545873,36.64
20.8526876,36.65
20.8488486,36.66
20.843066,36.67
20.83533564,36.68
20.82565356,36.69
20.81401596,36.7
20.80041926,36.71
20.78486006,36.72
20.76733512,36.73
20.74784142,36.74
20.72637614,36.75
20.70293664,36.76
20.67752046,36.77
20.65012536,36.78
20.6207493,36.79
20.58939046,36.8
20.55604716,36.81
20.520718,36.82
20.48340174,36.83
20.44409736,36.84
20.40280406,36.85
20.35952122,36.86
20.31424848,36.87
20.26698568,36.88
20.21773284,36.89
20.16649026,36.9
20.11325838,36.91
20.05803796,36.92
20.0008299,36.93
19.94163536,36.94
19.88045572,36.95
19.8172926,36.96
19.75214782,36.97
19.68502346,36.98
19.6159218,36.99
19.5448454,37
19.471797,37.01
19.39677962,37.02
19.3197965,37.03
19.24085108,37.04
19.15994712,37.05
19.07708856,37.06
18.9922796,37.07
18.90552468,37.08
18.81682848,37.09
18.72619594,37.1
18.63363222,37.11
18.53914276,37.12
18.44273324,37.13
18.34440958,37.14
18.24417792,37.15
18.14204472,37.16
18.03801664,37.17
17.93210062,37.18
17.82430382,37.19
17.71463368,37.2
17.6030979,37.21
17.48970442,37.22
17.37446144,37.23
17.25737744,37.24
17.1384611,37.25
17.01772142,37.26
16.89516762,37.27
16.7708092,37.28
16.64465588,37.29
16.51671772,37.3
16.38700494,37.31
16.2555281,37.32
16.12229796,37.33
15.98732558,37.34
15.85062228,37.35
15.7121996,37.36
15.5720694,37.37
15.43024374,37.38
15.28673498,37.39
15.14155572,37.4
14.99471882,37.41
14.84623742,37.42
14.69612488,37.43
14.54439486,37.44
14.39106126,37.45
14.23613824,37.46
14.07964018,37.47
13.9215818,37.48
13.76197796,37.49
13.6008439,37.5
13.43819502,37.51
13.274047,37.52
13.1084158,37.53
12.94131758,37.54
12.7727688,37.55
12.60278612,37.56
12.43138652,37.57
12.25858714,37.58
12.0844054,37.59
11.90885902,37.6
11.73196586,37.61
11.55374408,37.62
11.3742121,37.63
11.19338854,37.64
11.01129224,37.65
10.82794234,37.66
10.64335814,37.67
10.45755922,37.68
10.27056536,37.69
10.0823966,37.7
9.89307318,37.71
9.70261556,37.72
9.51104442,37.73
9.31838068,37.74
9.12464548,37.75
8.92986012,37.76
8.73404618,37.77
8.5372254,37.78
8.33941974,37.79
8.1406514,37.8
7.94094272,37.81
7.74031628,37.82
7.53879486,37.83
7.33640138,37.84
7.13315902,37.85
6.9290911,37.86
6.72422116,37.87
6.51857286,37.88
6.31217014,37.89
6.105037,37.9
5.89719768,37.91
5.6886766,37.92
5.47949828,37.93
5.26968748,37.94
5.05926904,37.95
4.84826804,37.96
4.63670962,37.97
4.42461914,37.98
4.21202206,37.99
3.99894402,38
3.78541074,38.01
3.57144814,38.02
3.3570822,38.03
3.1423391,38.04
2.92724504,38.05
2.71182646,38.06
2.4961098,38.07
2.28012166,38.08
2.06388878,38.09
1.84743792,38.1
1.63079598,38.11
1.41398996,38.12
1.19704692,38.13
0.97999402,38.14
0.7628585,38.15
0.54566764,38.16
0.32844886,38.17
0.11122958,38.18
-0.10596272,38.19
-0.32310048,38.2
-0.54015606,38.21
-0.75710186,38.22
-0.97391016,38.23
-1.19055324,38.24
-1.40700334,38.25
-1.62323268,38.26
-1.83921346,38.27
-2.05491786,38.28
-2.27031804,38.29
-2.48538616,38.3
-2.7000944,38.31
-2.9144149,38.32
-3.12831984,38.33
-3.34178142,38.34
-3.55477184,38.35
-3.76726334,38.36
-3.97922816,38.37
-4.1906386,38.38
-4.40146702,38.39
-4.61168576,38.4
-4.82126728,38.41
-5.03018406,38.42
-5.23840864,38.43
-5.44591364,38.44
-5.65267174,38.45
-5.8586557,38.46
-6.06383836,38.47
-6.26819264,38.48
-6.4716916,38.49
-6.67430832,38.5
-6.87601604,38.51
-7.0767881,38.52
-7.27659794,38.53
-7.4754191,38.54
-7.6732253,38.55
-7.86999036,38.56
-8.0656882,38.57
-8.26029294,38.58
-8.45377882,38.59
-8.64612022,38.6
-8.8372917,38.61
-9.02726794,38.62
-9.21602382,38.63
-9.4035344,38.64
-9.5897749,38.65
-9.77472072,38.66
-9.95834744,38.67
-10.14063084,38.68
-10.3215469,38.69
-10.50107182,38.7
-10.67918198,38.71
-10.85585398,38.72
-11.03106462,38.73
-11.20479096,38.74
-11.37701028,38.75
-11.54770004,38.76
-11.71683802,38.77
-11.88440216,38.78
-12.0503707,38.79
-12.21472212,38.8
-12.37743514,38.81
-12.53848876,38.82
-12.69786222,38.83
-12.85553508,38.84
-13.01148708,38.85
-13.16569836,38.86
-13.31814924,38.87
-13.46882038,38.88
-13.6176927,38.89
-13.76474746,38.9
-13.9099662,38.91
-14.05333072,38.92
-14.1948232,38.93
-14.33442608,38.94
-14.47212216,38.95
-14.60789448,38.96
-14.7417265,38.97
-14.87360196,38.98
-15.00350492,38.99
-15.1314198,39
-15.25733134,39.01
-15.38122464,39.02
-15.50308512,39.03
-15.62289858,39.04
-15.74065116,39.05
-15.85632932,39.06
-15.96991992,39.07
-16.08141018,39.08
-16.19078768,39.09
-16.29804034,39.1
-16.40315646,39.11
-16.50612474,39.12
-16.60693424,39.13
-16.70557438,39.14
-16.802035,39.15
-16.89630626,39.16
-16.98837876,39.17
-17.07824348,39.18
-17.16589176,39.19
-17.25131536,39.2
-17.33450642,39.21
-17.41545746,39.22
-17.49416144,39.23
-17.57061168,39.24
-17.64480192,39.25
-17.71672628,39.26
-17.78637932,39.27
-17.85375596,39.28
-17.91885156,39.29
-17.98166186,39.3
-18.04218306,39.31
-18.10041168,39.32
-18.15634472,39.33
-18.20997958,39.34
-18.26131406,39.35
-18.31034636,39.36
-18.35707514,39.37
-18.40149938,39.38
-18.44361858,39.39
-18.48343258,39.4
-18.52094166,39.41
-18.55614652,39.42
-18.58904824,39.43
-18.61964836,39.44
-18.64794878,39.45
-18.67395186,39.46
-18.69766034,39.47
-18.71907738,39.48
-18.73820654,39.49
-18.75505182,39.5
-18.7696176,39.51
-18.78190866,39.52
-18.7919302,39.53
-18.79968786,39.54
-18.8051876,39.55
-18.80843586,39.56
-18.80943944,39.57
-18.80820556,39.58
-18.80474182,39.59
-18.79905622,39.6
-18.79115714,39.61
-18.7810534,39.62
-18.76875414,39.63
-18.75426896,39.64
-18.73760778,39.65
-18.71878092,39.66
-18.69779912,39.67
-18.67467346,39.68
-18.64941538,39.69
-18.62203674,39.7
-18.59254972,39.71
-18.56096688,39.72
-18.52730118,39.73
-18.4915659,39.74
-18.45377466,39.75
-18.4139415,39.76
-18.37208074,39.77
-18.32820708,39.78
-18.28233556,39.79
-18.23448156,39.8
-18.18466078,39.81
-18.13288926,39.82
-18.0791834,39.83
-18.02355986,39.84
-17.96603566,39.85
-17.90662812,39.86
-17.8453549,39.87
-17.78223392,39.88
-17.71728344,39.89
-17.650522,39.9
-17.58196842,39.91
-17.51164184,39.92
-17.43956166,39.93
-17.36574756,39.94
-17.2902195,39.95
-17.21299772,39.96
-17.1341027,39.97
-17.05355518,39.98
-16.9713762,39.99
-16.88758696,40
-16.802209,40.01
-16.71526402,40.02
-16.626774,40.03
-16.53676112,40.04
-16.4452478,40.05
-16.35225668,40.06
-16.25781058,40.07
-16.16193254,40.08
-16.06464582,40.09
-15.96597384,40.1
-15.86594022,40.11
-15.76456878,40.12
-15.66188348,40.13
-15.55790848,40.14
-15.45266808,40.15
-15.34618676,40.16
-15.23848914,40.17
-15.12959998,40.18
-15.01954416,40.19
-14.90834676,40.2
-14.79603292,40.21
-14.68262792,40.22
-14.56815716,40.23
-14.45264616,40.24
-14.33612052,40.25
-14.21860594,40.26
-14.10012822,40.27
-13.9807132,40.28
-13.86038688,40.29
-13.73917524,40.3
-13.61710438,40.31
-13.49420044,40.32
-13.37048962,40.33
-13.24599812,40.34
-13.12075224,40.35
-12.99477826,40.36
-12.86810254,40.37
-12.7407514,40.38
-12.61275118,40.39
-12.48412828,40.4
-12.35490902,40.41
-12.22511978,40.42
-12.09478688,40.43
-11.96393662,40.44
-11.83259534,40.45
-11.70078924,40.46
-11.56854458,40.47
-11.4358875,40.48
-11.3028441,40.49
-11.16944048,40.5
-11.0357026,40.51
-10.90165638,40.52
-10.76732766,40.53
-10.6327422,40.54
-10.49792566,40.55
-10.36290362,40.56
-10.22770154,40.57
-10.09234476,40.58
-9.95685856,40.59
-9.821268,40.6
-9.68559812,40.61
-9.54987378,40.62
-9.41411966,40.63
-9.27836036,40.64
-9.14262032,40.65
-9.00692376,40.66
-8.87129484,40.67
-8.73575746,40.68
-8.6003354,40.69
-8.46505222,40.7
-8.32993134,40.71
-8.19499598,40.72
-8.06026914,40.73
-7.92577362,40.74
-7.79153202,40.75
-7.65756678,40.76
-7.52390002,40.77
-7.39055376,40.78
-7.25754966,40.79
-7.12490928,40.8
-6.99265384,40.81
-6.86080438,40.82
-6.72938166,40.83
-6.59840622,40.84
-6.46789832,40.85
-6.33787798,40.86
-6.20836494,40.87
-6.07937866,40.88
-5.95093836,40.89
-5.82306298,40.9
-5.69577114,40.91
-5.5690812,40.92
-5.44301128,40.93
-5.3175791,40.94
-5.1928022,40.95
-5.06869772,40.96
-4.94528256,40.97
-4.8225733,40.98
-4.7005862,40.99
-4.5793372,41
-4.45884194,41.01
-4.33911576,41.02
-4.22017362,41.03
-4.10203018,41.04
-3.98469982,41.05
-3.86819652,41.06
-3.75253394,41.07
-3.63772546,41.08
-3.52378404,41.09
-3.41072236,41.1
-3.29855272,41.11
-3.1872871,41.12
-3.07693714,41.13
-2.9675141,41.14
-2.8590289,41.15
-2.75149212,41.16
-2.64491398,41.17
-2.53930434,41.18
-2.43467272,41.19
-2.33102826,41.2
-2.22837976,41.21
-2.12673564,41.22
-2.02610398,41.23
-1.9264925,41.24
-1.82790852,41.25
-1.73035906,41.26
-1.63385072,41.27
-1.53838976,41.28
-1.44398208,41.29
-1.35063322,41.3
-1.25834832,41.31
-1.16713222,41.32
-1.07698934,41.33
-0.98792376,41.34
-0.89993918,41.35
-0.81303898,41.36
-0.72722612,41.37
-0.64250324,41.38
-0.55887264,41.39
-0.47633618,41.4
-0.39489542,41.41
-0.31455158,41.42
-0.23530548,41.43
-0.1571576,41.44
-0.08010808,41.45
-0.0041567,41.46
0.07069712,41.47
0.1444543,41.48
0.2171161,41.49
0.28868414,41.5
0.35916034,41.51
0.42854702,41.52
0.4968468,41.53
0.56406266,41.54
0.63019786,41.55
0.69525606,41.56
0.7592412,41.57
0.82215758,41.58
0.88400976,41.59
0.9448027,41.6
1.0045416,41.61
1.06323204,41.62
1.12087986,41.63
1.17749124,41.64
1.23307264,41.65
1.2876308,41.66
1.34117282,41.67
1.39370604,41.68
1.4452381,41.69
1.49577694,41.7
1.54533074,41.71
1.593908,41.72
1.64151748,41.73
1.6881682,41.74
1.73386946,41.75
1.77863078,41.76
1.822462,41.77
1.86537314,41.78
1.90737452,41.79
1.94847668,41.8
1.9886904,41.81
2.0280267,41.82
2.0664968,41.83
2.1041122,41.84
2.14088454,41.85
2.17682574,41.86
2.2119479,41.87
2.24626332,41.88
2.2797845,41.89
2.31252414,41.9
2.34449512,41.91
2.3757105,41.92
2.40618354,41.93
2.43592762,41.94
2.46495636,41.95
2.49328346,41.96
2.52092284,41.97
2.54788852,41.98
2.5741947,41.99
2.5998557,42
2.624886,42.01
2.64930014,42.02
2.67311286,42.03
2.69633896,42.04
2.71899336,42.05
2.74109112,42.06
2.76264736,42.07
2.78367728,42.08
2.8041962,42.09
2.82421954,42.1
2.8437627,42.11
2.86284126,42.12
2.8814708,42.13
2.89966694,42.14
2.91744542,42.15
2.93482194,42.16
2.95181232,42.17
2.96843236,42.18
2.98469788,42.19
3.00062476,42.2
3.01622888,42.21
3.03152612,42.22
3.04653234,42.23
3.06126344,42.24
3.0757353,42.25
3.08996378,42.26
3.1039647,42.27
3.11775386,42.28
3.13134706,42.29
3.14476002,42.3
3.15800844,42.31
3.17110796,42.32
3.18407416,42.33
3.19692258,42.34
3.20966864,42.35
3.22232774,42.36
3.23491516,42.37
3.24744616,42.38
3.25993584,42.39
3.2723992,42.4
3.28485122,42.41
3.29730668,42.42
3.30978032,42.43
3.3222867,42.44
3.33484028,42.45
3.34745542,42.46
3.36014632,42.47
3.37292702,42.48
3.38581146,42.49
3.3988134,42.5
3.41194644,42.51
3.42522406,42.52
3.43865952,42.53
3.45226596,42.54
3.46605632,42.55
3.48004336,42.56
3.49423968,42.57
3.50865764,42.58
3.52330948,42.59
3.53820716,42.6
3.5533625,42.61
3.5687871,42.62
3.58449234,42.63
3.60048938,42.64
3.61678918,42.65
3.63340246,42.66
3.65033972,42.67
3.66761124,42.68
3.68522704,42.69
3.7031969,42.7
3.7215304,42.71
3.74023686,42.72
3.7593253,42.73
3.77880454,42.74
3.79868314,42.75
3.81896938,42.76
3.8396713,42.77
3.86079664,42.78
3.88235292,42.79
3.90434736,42.8
3.9267869,42.81
3.94967824,42.82
3.97302774,42.83
3.99684152,42.84
4.02112544,42.85
4.04588502,42.86
4.0711255,42.87
4.09685188,42.88
4.12306882,42.89
4.14978068,42.9
4.17699156,42.91
4.20470524,42.92
4.2329252,42.93
4.26165464,42.94
4.29089642,42.95
4.32065314,42.96
4.35092704,42.97
4.38172014,42.98
4.41303406,42.99
4.44487016,43
4.4772295,43.01
4.5101128,43.02
4.5435205,43.03
4.5774527,43.04
4.61190924,43.05
4.64688958,43.06
4.68239292,43.07
4.71841812,43.08
4.75496378,43.09
4.79202812,43.1
4.8296091,43.11
4.86770434,43.12
4.90631118,43.13
4.94542662,43.14
4.98504738,43.15
5.02516986,43.16
5.06579016,43.17
5.10690406,43.18
5.14850704,43.19
5.19059428,43.2
5.23316068,43.21
5.27620082,43.22
5.31970896,43.23
5.3636791,43.24
5.40810494,43.25
5.45297986,43.26
5.49829698,43.27
5.54404912,43.28
5.59022878,43.29
5.63682824,43.3
5.68383944,43.31
5.73125408,43.32
5.77906354,43.33
5.82725896,43.34
5.8758312,43.35
5.92477086,43.36
5.97406824,43.37
6.0237134,43.38
6.07369616,43.39
6.12400602,43.4
6.1746323,43.41
6.22556402,43.42
6.27678996,43.43
6.32829868,43.44
6.38007846,43.45
6.4321174,43.46
6.4844033,43.47
6.5369238,43.48
6.58966624,43.49
6.64261782,43.5
6.69576546,43.51
6.7490959,43.52
6.80259564,43.53
6.85625102,43.54
6.91004816,43.55
6.96397296,43.56
7.01801118,43.57
7.07214832,43.58
7.1263698,43.59
7.18066078,43.6
7.23500626,43.61
7.28939112,43.62
7.34380002,43.63
7.39821752,43.64
7.45262794,43.65
7.50701558,43.66
7.56136446,43.67
7.61565858,43.68
7.66988174,43.69
7.72401762,43.7
7.77804982,43.71
7.83196178,43.72
7.88573684,43.73
7.93935826,43.74
7.99280916,43.75
8.04607258,43.76
8.09913152,43.77
8.15196884,43.78
8.20456734,43.79
8.25690974,43.8
8.30897872,43.81
8.36075688,43.82
8.41222678,43.83
8.4633709,43.84
8.51417174,43.85
8.5646117,43.86
8.61467318,43.87
8.66433856,43.88
8.71359018,43.89
8.76241038,43.9
8.8107815,43.91
8.85868588,43.92
8.90610586,43.93
8.95302378,43.94
8.999422,43.95
9.04528292,43.96
9.09058896,43.97
9.13532258,43.98
9.17946626,43.99
9.22300254,44
9.26591404,44.01
9.3081834,44.02
9.34979334,44.03
9.39072666,44.04
9.43096622,44.05
9.47049496,44.06
9.50929594,44.07
9.54735228,44.08
9.58464722,44.09
9.62116412,44.1
9.6568864,44.11
9.69179764,44.12
9.72588154,44.13
9.75912192,44.14
9.79150274,44.15
9.8230081,44.16
9.85362226,44.17
9.8833296,44.18
9.91211468,44.19
9.93996224,44.2
9.96685712,44.21
9.99278442,44.22
10.01772938,44.23
10.0416774,44.24
10.06461414,44.25
10.08652536,44.26
10.1073971,44.27
10.12721556,44.28
10.1459672,44.29
10.16363862,44.3
10.18021672,44.31
10.19568858,44.32
10.2100415,44.33
10.22326306,44.34
10.23534106,44.35
10.2462635,44.36
10.25601872,44.37
10.26459522,44.38
10.27198184,44.39
10.2781676,44.4
10.28314188,44.41
10.28689424,44.42
10.28941456,44.43
10.29069302,44.44
10.29072006,44.45
10.28948638,44.46
10.28698302,44.47
10.28320126,44.48
10.27813276,44.49
10.2717694,44.5
10.26410342,44.51
10.25512732,44.52
10.24483396,44.53
10.2332165,44.54
10.2202684,44.55
10.20598346,44.56
10.1903558,44.57
10.17337986,44.58
10.15505046,44.59
10.13536266,44.6
10.11431194,44.61
10.09189406,44.62
10.06810518,44.63
10.04294174,44.64
10.01640058,44.65
9.98847882,44.66
9.95917402,44.67
9.92848402,44.68
9.89640702,44.69
9.8629416,44.7
9.8280867,44.71
9.79184158,44.72
9.7542059,44.73
9.71517964,44.74
9.67476318,44.75
9.63295722,44.76
9.58976288,44.77
9.5451816,44.78
9.4992152,44.79
9.45186586,44.8
9.40313612,44.81
9.3530289,44.82
9.30154748,44.83
9.24869552,44.84
9.19447704,44.85
9.1388964,44.86
9.08195836,44.87
9.02366802,44.88
8.9640309,44.89
8.90305282,44.9
8.84074,44.91
8.77709902,44.92
8.7121368,44.93
8.64586068,44.94
8.5782783,44.95
8.5093977,44.96
8.43922724,44.97
8.3677757,44.98
8.29505216,44.99
8.22106606,45
8.14582724,45.01
8.06934584,45.02
7.99163238,45.03
7.9126977,45.04
7.83255302,45.05
7.75120988,45.06
7.66868018,45.07
7.58497612,45.08
7.50011028,45.09
7.41409556,45.1
7.32694516,45.11
7.23867266,45.12
7.14929194,45.13
7.05881718,45.14
6.96726292,45.15
6.87464398,45.16
6.78097552,45.17
6.686273,45.18
6.59055216,45.19
6.4938291,45.2
6.39612014,45.21
6.29744198,45.22
6.19781154,45.23
6.09724606,45.24
5.99576304,45.25
5.8933803,45.26
5.7901159,45.27
5.68598816,45.28
5.5810157,45.29
5.47521736,45.3
5.3686123,45.31
5.26121984,45.32
5.15305964,45.33
5.04415152,45.34
4.9345156,45.35
4.8241722,45.36
4.71314186,45.37
4.60144538,45.38
4.48910372,45.39
4.3761381,45.4
4.26256992,45.41
4.1484208,45.42
4.03371252,45.43
3.91846708,45.44
3.80270666,45.45
3.6864536,45.46
3.56973042,45.47
3.45255982,45.48
3.33496466,45.49
3.21696792,45.5
3.09859278,45.51
2.9798625,45.52
2.86080052,45.53
2.74143042,45.54
2.62177586,45.55
2.50186066,45.56
2.38170874,45.57
2.26134408,45.58
2.14079082,45.59
2.02007316,45.6
1.89921542,45.61
1.77824192,45.62
1.65717716,45.63
1.53604562,45.64
1.41487188,45.65
1.29368054,45.66
1.17249632,45.67
1.05134388,45.68
0.93024798,45.69
0.8092334,45.7
0.6883249,45.71
0.5675473,45.72
0.4469254,45.73
0.32648402,45.74
0.20624792,45.75
0.08624192,45.76
-0.03350924,45.77
-0.15298082,45.78
-0.27214812,45.79
-0.3909865,45.8
-0.50947134,45.81
-0.62757808,45.82
-0.74528224,45.83
-0.86255938,45.84
-0.9793852,45.85
-1.0957354,45.86
-1.21158582,45.87
-1.32691238,45.88
-1.4416911,45.89
-1.55589812,45.9
-1.6695097,45.91
-1.78250222,45.92
-1.89485216,45.93
-2.00653618,45.94
-2.11753106,45.95
-2.22781374,45.96
-2.3373613,45.97
-2.446151,45.98
-2.55416026,45.99
-2.66136668,46
-2.76774802,46.01
-2.87328226,46.02
-2.97794756,46.03
-3.0817223,46.04
-3.18458504,46.05
-3.28651454,46.06
-3.38748984,46.07
-3.48749014,46.08
-3.5864949,46.09
-3.68448384,46.1
-3.78143688,46.11
-3.87733422,46.12
-3.9721563,46.13
-4.06588382,46.14
-4.15849776,46.15
-4.24997936,46.16
-4.34031016,46.17
-4.42947194,46.18
-4.5174468,46.19
-4.60421712,46.2
-4.6897656,46.21
-4.77407524,46.22
-4.8571293,46.23
-4.93891142,46.24
-5.01940554,46.25
-5.0985959,46.26
-5.17646708,46.27
-5.25300402,46.28
-5.32819194,46.29
-5.40201648,46.3
-5.47446356,46.31
-5.5455195,46.32
-5.61517092,46.33
-5.68340486,46.34
-5.75020866,46.35
-5.8155701,46.36
-5.87947728,46.37
-5.94191868,46.38
-6.00288318,46.39
-6.06236004,46.4
-6.12033886,46.41
-6.1768097,46.42
-6.23176296,46.43
-6.28518946,46.44
-6.3370804,46.45
-6.38742738,46.46
-6.43622246,46.47
-6.48345802,46.48
-6.52912692,46.49
-6.57322238,46.5
-6.61573806,46.51
-6.65666806,46.52
-6.69600684,46.53
-6.73374934,46.54
-6.76989088,46.55
-6.8044272,46.56
-6.83735452,46.57
-6.86866944,46.58
-6.898369,46.59
-6.92645068,46.6
-6.95291236,46.61
-6.97775238,46.62
-7.00096952,46.63
-7.02256296,46.64
-7.04253238,46.65
-7.0608778,46.66
-7.07759974,46.67
-7.09269916,46.68
-7.10617742,46.69
-7.11803636,46.7
-7.1282782,46.71
-7.13690564,46.72
-7.14392182,46.73
-7.14933026,46.74
-7.15313498,46.75
-7.15534042,46.76
-7.1559514,46.77
-7.15497324,46.78
-7.15241164,46.79
-7.1482728,46.8
-7.14256326,46.81
-7.13529002,46.82
-7.12646056,46.83
-7.11608272,46.84
-7.10416478,46.85
-7.09071542,46.86
-7.0757438,46.87
-7.05925944,46.88
-7.04127228,46.89
-7.02179272,46.9
-7.00083148,46.91
-6.97839978,46.92
-6.95450916,46.93
-6.92917166,46.94
-6.9023996,46.95
-6.8742058,46.96
-6.84460342,46.97
-6.81360598,46.98
-6.78122746,46.99
-6.74748216,47
-6.71238478,47.01
-6.6759504,47.02
-6.63819444,47.03
-6.59913272,47.04
-6.55878142,47.05
-6.51715704,47.06
-6.47427646,47.07
-6.43015692,47.08
-6.38481598,47.09
-6.33827156,47.1
-6.29054188,47.11
-6.24164552,47.12
-6.19160138,47.13
-6.1404287,47.14
-6.08814696,47.15
-6.03477602,47.16
-5.98033604,47.17
-5.92484744,47.18
-5.86833096,47.19
-5.81080762,47.2
-5.7522987,47.21
-5.6928258,47.22
-5.63241074,47.23
-5.57107564,47.24
-5.50884286,47.25
-5.44573504,47.26
-5.381775,47.27
-5.31698586,47.28
-5.25139094,47.29
-5.18501378,47.3
-5.1178782,47.31
-5.05000814,47.32
-4.9814278,47.33
-4.91216158,47.34
-4.84223406,47.35
-4.77167,47.36
-4.70049436,47.37
-4.62873222,47.38
-4.55640888,47.39
-4.48354976,47.4
-4.41018048,47.41
-4.33632672,47.42
-4.26201436,47.43
-4.18726938,47.44
-4.1121179,47.45
-4.03658612,47.46
-3.9607004,47.47
-3.88448712,47.48
-3.80797282,47.49
-3.73118406,47.5
-3.65414754,47.51
-3.57689,47.52
-3.4994382,47.53
-3.421819,47.54
-3.3440593,47.55
-3.266186,47.56
-3.18822608,47.57
-3.11020648,47.58
-3.03215422,47.59
-2.95409624,47.6
-2.87605956,47.61
-2.79807116,47.62
-2.72015796,47.63
-2.6423469,47.64
-2.56466486,47.65
-2.4871387,47.66
-2.40979522,47.67
-2.33266116,47.68
-2.25576316,47.69
-2.17912782,47.7
-2.10278168,47.71
-2.02675112,47.72
-1.9510625,47.73
-1.87574202,47.74
-1.80081576,47.75
-1.72630974,47.76
-1.65224976,47.77
-1.57866158,47.78
-1.50557072,47.79
-1.43300262,47.8
-1.36098254,47.81
-1.28953552,47.82
-1.21868652,47.83
-1.14846022,47.84
-1.07888116,47.85
-1.00997368,47.86
-0.94176192,47.87
-0.87426976,47.88
-0.80752092,47.89
-0.74153886,47.9
-0.6763468,47.91
-0.61196774,47.92
-0.5484244,47.93
-0.48573926,47.94
-0.42393454,47.95
-0.3630322,47.96
-0.3030539,47.97
-0.244021,47.98
-0.18595464,47.99
-0.12887558,48
-0.07280432,48.01
-0.01776104,48.02
0.03623438,48.03
0.08916242,48.04
0.14100386,48.05
0.19173982,48.06
0.24135178,48.07
0.28982152,48.08
0.33713126,48.09
0.38326346,48.1
0.42820106,48.11
0.47192732,48.12
0.51442584,48.13
0.55568068,48.14
0.5956762,48.15
0.63439724,48.16
0.67182898,48.17
0.707957,48.18
0.7427673,48.19
0.77624632,48.2
0.80838088,48.21
0.8391582,48.22
0.86856598,48.23
0.89659232,48.24
0.92322574,48.25
0.94845524,48.26
0.97227022,48.27
0.99466052,48.28
1.01561648,48.29
1.03512882,48.3
1.0531888,48.31
1.06978804,48.32
1.08491872,48.33
1.09857342,48.34
1.11074522,48.35
1.12142762,48.36
1.13061468,48.37
1.13830084,48.38
1.1444811,48.39
1.14915086,48.4
1.15230608,48.41
1.15394318,48.42
1.154059,48.43
1.15265096,48.44
1.14971694,48.45
1.14525526,48.46
1.1392648,48.47
1.1317449,48.48
1.12269538,48.49
1.11211658,48.5
1.10000934,48.51
1.08637496,48.52
1.07121526,48.53
1.05453256,48.54
1.03632964,48.55
1.01660984,48.56
0.99537692,48.57
0.9726352,48.58
0.94838944,48.59
0.92264494,48.6
0.89540746,48.61
0.86668326,48.62
0.8364791,48.63
0.80480222,48.64
0.77166036,48.65
0.73706174,48.66
0.70101504,48.67
0.66352944,48.68
0.62461464,48.69
0.58428074,48.7
0.5425384,48.71
0.49939868,48.72
0.45487314,48.73
0.40897384,48.74
0.36171324,48.75
0.31310432,48.76
0.26316048,48.77
0.21189562,48.78
0.15932402,48.79
0.1054605,48.8
0.05032024,48.81
-0.00608108,48.82
-0.06372738,48.83
-0.12260214,48.84
-0.18268838,48.85
-0.24396874,48.86
-0.30642542,48.87
-0.3700402,48.88
-0.43479446,48.89
-0.5006692,48.9
-0.56764496,48.91
-0.63570194,48.92
-0.70481994,48.93
-0.77497834,48.94
-0.84615618,48.95
-0.91833214,48.96
-0.9914845,48.97
-1.06559118,48.98
-1.14062978,48.99
-1.21657752,49
-1.29341128,49.01
-1.37110762,49.02
-1.4496428,49.03
-1.52899266,49.04
-1.60913286,49.05
-1.69003862,49.06
-1.77168496,49.07
-1.85404656,49.08
-1.9370978,49.09
-2.02081282,49.1
-2.10516546,49.11
-2.1901293,49.12
-2.27567768,49.13
-2.36178366,49.14
-2.4484201,49.15
-2.53555958,49.16
-2.62317448,49.17
-2.71123696,49.18
-2.79971896,49.19
-2.88859226,49.2
-2.97782836,49.21
-3.06739868,49.22
-3.15727436,49.23
-3.24742648,49.24
-3.33782586,49.25
-3.42844324,49.26
-3.51924916,49.27
-3.6102141,49.28
-3.70130832,49.29
-3.79250206,49.3
-3.88376536,49.31
-3.97506826,49.32
-4.06638064,49.33
-4.1576723,49.34
-4.24891302,49.35
-4.34007246,49.36
-4.43112026,49.37
-4.522026,49.38
-4.61275924,49.39
-4.70328952,49.4
-4.79358632,49.41
-4.88361918,49.42
-4.97335756,49.43
-5.062771,49.44
-5.15182904,49.45
-5.24050122,49.46
-5.32875718,49.47
-5.41656654,49.48
-5.50389902,49.49
-5.59072442,49.5
-5.67701254,49.51
-5.76273338,49.52
-5.84785692,49.53
-5.93235332,49.54
-6.01619282,49.55
-6.09934582,49.56
-6.18178278,49.57
-6.26347438,49.58
-6.3443914,49.59
-6.42450478,49.6
-6.50378566,49.61
-6.58220534,49.62
-6.6597353,49.63
-6.7363472,49.64
-6.81201294,49.65
-6.88670464,49.66
-6.96039456,49.67
-7.03305532,49.68
-7.10465964,49.69
-7.1751806,49.7
-7.2445915,49.71
-7.31286586,49.72
-7.37997754,49.73
-7.44590064,49.74
-7.51060956,49.75
-7.57407902,49.76
-7.63628402,49.77
-7.69719988,49.78
-7.75680226,49.79
-7.81506714,49.8
-7.8719708,49.81
-7.92748996,49.82
-7.98160158,49.83
-8.03428308,49.84
-8.08551218,49.85
-8.13526704,49.86
-8.18352614,49.87
-8.23026838,49.88
-8.27547308,49.89
-8.3191199,49.9
-8.361189,49.91
-8.4016609,49.92
-8.44051654,49.93
-8.47773732,49.94
-8.51330508,49.95
-8.54720208,49.96
-8.57941104,49.97
-8.60991514,49.98
-8.63869802,49.99
-8.6657438,50
-8.69103706,50.01
-8.71456284,50.02
-8.73630672,50.03
-8.7562547,50.04
-8.77439334,50.05
-8.79070964,50.06
-8.80519116,50.07
-8.81782592,50.08
-8.8286025,50.09
