-1.070957493,0.1
-1.135346922,0.15
-1.197815483,0.2
-1.258301984,0.25
-1.316746715,0.3
-1.373091459,0.35
-1.427279513,0.4
-1.47925571,0.45
-1.528966451,0.5
-1.57635974,0.55
-1.621385224,0.6
-1.663994244,0.65
-1.704139888,0.7
-1.741777047,0.75
-1.776862485,0.8
-1.809354905,0.85
-1.839215029,0.9
-1.866405674,0.95
-1.890891843,1
-1.912640812,1.05
-1.931622223,1.1
-1.947808187,1.15
-1.961173377,1.2
-1.971695142,1.25
-1.979353603,1.3
-1.984131768,1.35
-1.986015637,1.4
-1.984994313,1.45
-1.981060112,1.5
-1.97420867,1.55
-1.964439053,1.6
-1.951753862,1.65
-1.936159333,1.7
-1.917665442,1.75
-1.896285999,1.8
-1.872038736,1.85
-1.844945399,1.9
-1.815031825,1.95
-1.782328016,2
-1.746868205,2.05
-1.708690919,2.1
-1.667839024,2.15
-1.624359771,2.2
-1.578304826,2.25
-1.529730291,2.3
-1.478696722,2.35
-1.425269121,2.4
-1.369516931,2.45
-1.311514015,2.5
-1.251338615,2.55
-1.189073314,2.6
-1.124804969,2.65
-1.058624644,2.7
-0.990627522,2.75
-0.920912809,2.8
-0.84958362,2.85
-0.776746859,2.9
-0.702513077,2.95
-0.626996322,3
-0.550313979,3.05
-0.47258659,3.1
-0.393937669,3.15
-0.314493499,3.2
-0.23438292,3.25
-0.153737108,3.3
-0.072689338,3.35
0.008625259,3.4
0.090069952,3.45
0.171506671,3.5
0.252796282,3.55
0.333798863,3.6
0.414373995,3.65
0.494381053,3.7
0.573679503,3.75
0.652129208,3.8
0.729590735,3.85
0.805925662,3.9
0.880996893,3.95
0.954668969,4
1.026808383,4.05
1.097283889,4.1
1.165966814,4.15
1.232731368,4.2
1.297454941,4.25
1.360018408,4.3
1.420306417,4.35
1.478207681,4.4
1.533615249,4.45
1.586426782,4.5
1.636544809,4.55
1.68387698,4.6
1.728336299,4.65
1.769841356,4.7
1.808316537,4.75
1.843692223,4.8
1.875904975,4.85
1.904897703,4.9
1.930619822,4.95
1.953027385,5
1.972083207,5.05
1.987756965,5.1
2.000025284,5.15
2.008871803,5.2
2.014287224,5.25
2.016269338,5.3
2.014823039,5.35
2.009960309,5.4
2.001700196,5.45
1.990068762,5.5
1.975099014,5.55
1.956830823,5.6
1.935310817,5.65
1.910592252,5.7
1.882734879,5.75
1.851804776,5.8
1.817874174,5.85
1.781021263,5.9
1.741329977,5.95
1.698889773,6
1.653795383,6.05
1.60614656,6.1
1.55604781,6.15
1.503608104,6.2
1.448940586,6.25
1.392162269,6.3
1.333393715,6.35
1.272758709,6.4
1.210383932,6.45
1.146398614,6.5
1.080934189,6.55
1.014123948,6.6
0.946102678,6.65
0.877006308,6.7
0.80697155,6.75
0.736135537,6.8
0.664635468,6.85
0.592608246,6.9
0.520190129,6.95
0.447516381,7
0.374720923,7.05
0.301935997,7.1
0.22929184,7.15
0.156916355,7.2
0.084934804,7.25
0.013469504,7.3
-0.057360463,7.35
-0.12743953,7.4
-0.196655906,7.45
-0.264901832,7.5
-0.332073814,7.55
-0.398072843,7.6
-0.462804604,7.65
-0.52617966,7.7
-0.588113624,7.75
-0.648527314,7.8
-0.707346887,7.85
-0.764503952,7.9
-0.819935676,7.95
-0.873584854,8
-0.925399977,8.05
-0.975335265,8.1
-1.023350698,8.15
-1.069412007,8.2
-1.113490669,8.25
-1.155563864,8.3
-1.195614425,8.35
-1.233630763,8.4
-1.269606782,8.45
-1.303541767,8.5
-1.335440264,8.55
-1.365311937,8.6
-1.393171413,8.65
-1.419038113,8.7
-1.442936064,8.75
-1.464893703,8.8
-1.484943664,8.85
-1.503122557,8.9
-1.519470733,8.95
-1.53403204,9
-1.546853571,9.05
-1.557985404,9.1
-1.567480334,9.15
-1.5753936,9.2
-1.581782604,9.25
-1.586706635,9.3
-1.590226578,9.35
-1.592404632,9.4
-1.593304023,9.45
-1.592988714,9.5
-1.591523126,9.55
-1.588971854,9.6
-1.585399386,9.65
-1.580869838,9.7
-1.575446676,9.75
-1.569192465,9.8
-1.56216861,9.85
-1.554435115,9.9
-1.546050347,9.95
-1.537070812,10
-1.527550943,10.05
-1.517542895,10.1
-1.507096361,10.15
-1.496258393,10.2
-1.485073242,10.25
-1.473582208,10.3
-1.461823512,10.35
-1.449832173,10.4
-1.437639909,10.45
-1.425275052,10.5
-1.412762473,10.55
-1.400123535,10.6
-1.387376049,10.65
-1.374534256,10.7
-1.361608822,10.75
-1.348606849,10.8
-1.335531902,10.85
-1.32238405,10.9
-1.30915993,10.95
-1.295852817,11
-1.282452713,11.05
-1.26894645,11.1
-1.255317809,11.15
-1.241547649,11.2
-1.227614049,11.25
-1.213492463,11.3
-1.19915589,11.35
-1.184575045,11.4
-1.169718548,11.45
-1.154553123,11.5
-1.139043794,11.55
-1.123154105,11.6
-1.106846328,11.65
-1.090081695,11.7
-1.072820617,11.75
-1.055022917,11.8
-1.036648067,11.85
-1.017655416,11.9
-0.998004432,11.95
-0.97765493,12
-0.956567311,12.05
-0.93470279,12.1
-0.912023626,12.15
-0.888493344,12.2
-0.864076952,12.25
-0.83874116,12.3
-0.812454577,12.35
-0.785187916,12.4
-0.756914181,12.45
-0.727608847,12.5
-0.697250032,12.55
-0.665818655,12.6
-0.633298587,12.65
-0.599676785,12.7
-0.564943422,12.75
-0.52909199,12.8
-0.492119408,12.85
-0.454026102,12.9
-0.414816076,12.95
-0.374496969,13
-0.333080102,13.05
-0.290580499,13.1
-0.247016906,13.15
-0.202411788,13.2
-0.156791314,13.25
-0.110185326,13.3
-0.062627296,13.35
-0.014154266,13.4
0.035193222,13.45
0.085371215,13.5
0.136332443,13.55
0.188026435,13.6
0.24039964,13.65
0.293395565,13.7
0.346954918,13.75
0.401015766,13.8
0.455513705,13.85
0.510382032,13.9
0.565551931,13.95
0.620952664,14
0.676511772,14.05
0.73215528,14.1
0.787807903,14.15
0.843393266,14.2
0.898834121,14.25
0.954052563,14.3
1.008970262,14.35
1.063508676,14.4
1.117589283,14.45
1.171133801,14.5
1.224064405,14.55
1.276303952,14.6
1.327776194,14.65
1.378405985,14.7
1.428119491,14.75
1.47684439,14.8
1.524510061,14.85
1.571047776,14.9
1.616390874,14.95
1.660474929,15
1.703237918,15.05
1.74462036,15.1
1.784565466,15.15
1.823019264,15.2
1.859930715,15.25
1.895251824,15.3
1.928937732,15.35
1.960946797,15.4
1.991240665,15.45
2.019784329,15.5
2.046546169,15.55
2.071497989,15.6
2.09461503,15.65
2.115875982,15.7
2.135262974,15.75
2.152761553,15.8
2.168360658,15.85
2.182052572,15.9
2.193832872,15.95
2.203700355,16
2.21165697,16.05
2.217707723,16.1
2.221860582,16.15
2.224126372,16.2
2.224518655,16.25
2.22305361,16.3
2.219749899,16.35
2.214628528,16.4
2.207712705,16.45
2.199027686,16.5
2.188600624,16.55
2.176460409,16.6
2.162637504,16.65
2.147163785,16.7
2.130072372,16.75
2.111397462,16.8
2.091174167,16.85
2.069438343,16.9
2.046226431,16.95
2.021575294,17
1.995522056,17.05
1.968103955,17.1
1.939358187,17.15
1.909321763,17.2
1.878031377,17.25
1.845523269,17.3
1.811833103,17.35
1.776995853,17.4
1.741045695,17.45
1.704015909,17.5
1.665938791,17.55
1.626845574,17.6
1.586766358,17.65
1.545730057,17.7
1.503764348,17.75
1.460895635,17.8
1.417149028,17.85
1.372548326,17.9
1.327116016,17.95
1.280873285,18
1.233840036,18.05
1.186034927,18.1
1.137475405,18.15
1.088177767,18.2
1.038157222,18.25
0.987427964,18.3
0.936003258,18.35
0.883895535,18.4
0.831116489,18.45
0.777677197,18.5
0.723588227,18.55
0.668859773,18.6
0.613501783,18.65
0.557524099,18.7
0.500936597,18.75
0.443749341,18.8
0.38597273,18.85
0.327617651,18.9
0.26869564,18.95
0.209219036,19
0.149201141,19.05
0.088656373,19.1
0.027600426,19.15
-0.033949578,19.2
-0.095974939,19.25
-0.158455235,19.3
-0.221368177,19.35
-0.284689476,19.4
-0.348392713,19.45
-0.412449218,19.5
-0.476827956,19.55
-0.541495425,19.6
-0.606415557,19.65
-0.671549636,19.7
-0.736856225,19.75
-0.802291104,19.8
-0.867807215,19.85
-0.933354633,19.9
-0.998880537,19.95
-1.064329199,20
-1.12964199,20.05
-1.194757395,20.1
-1.259611047,20.15
-1.324135771,20.2
-1.388261648,20.25
-1.451916091,20.3
-1.515023934,20.35
-1.577507539,20.4
-1.639286916,20.45
-1.700279858,20.5
-1.760402092,20.55
-1.819567437,20.6
-1.877687985,20.65
-1.93467429,20.7
-1.990435567,20.75
-2.044879908,20.8
-2.097914509,20.85
-2.149445903,20.9
-2.199380209,20.95
-2.247623385,21
-2.294081492,21.05
-2.338660968,21.1
-2.381268902,21.15
-2.421813319,21.2
-2.460203471,21.25
-2.496350123,21.3
-2.530165853,21.35
-2.561565345,21.4
-2.590465686,21.45
-2.616786663,21.5
-2.640451054,21.55
-2.661384923,21.6
-2.679517905,21.65
-2.694783489,21.7
-2.707119291,21.75
-2.716467327,21.8
-2.722774267,21.85
-2.725991692,21.9
-2.726076329,21.95
-2.72299028,22
-2.716701238,22.05
-2.707182689,22.1
-2.694414099,22.15
-2.678381086,22.2
-2.659075576,22.25
-2.636495942,22.3
-2.610647123,22.35
-2.581540729,22.4
-2.549195124,22.45
-2.513635491,22.5
-2.474893872,22.55
-2.433009198,22.6
-2.388027284,22.65
-2.34000082,22.7
-2.288989324,22.75
-2.235059083,22.8
-2.178283075,22.85
-2.118740858,22.9
-2.056518453,22.95
-1.991708192,23
-1.924408554,23.05
-1.854723978,23.1
-1.782764655,23.15
-1.7086463,23.2
-1.632489908,23.25
-1.554421489,23.3
-1.474571787,23.35
-1.39307598,23.4
-1.310073364,23.45
-1.225707027,23.5
-1.140123501,23.55
-1.053472406,23.6
-0.965906081,23.65
-0.877579203,23.7
-0.788648397,23.75
-0.699271839,23.8
-0.609608845,23.85
-0.519819466,23.9
-0.430064063,23.95
-0.340502895,24
-0.251295689,24.05
-0.162601224,24.1
-0.074576903,24.15
0.012621665,24.2
0.098841079,24.25
0.183930563,24.3
0.267742368,24.35
0.350132168,24.4
0.430959457,24.45
0.510087917,24.5
0.587385794,24.55
0.662726249,24.6
0.735987696,24.65
0.807054132,24.7
0.87581544,24.75
0.942167688,24.8
1.006013395,24.85
1.067261788,24.9
1.125829035,24.95
1.181638458,25
1.234620725,25.05
1.284714012,25.1
1.331864155,25.15
1.376024771,25.2
1.417157348,25.25
1.455231328,25.3
1.490224147,25.35
1.522121264,25.4
1.550916155,25.45
1.576610289,25.5
1.599213076,25.55
1.61874179,25.6
1.635221466,25.65
1.648684779,25.7
1.65917189,25.75
1.666730277,25.8
1.671414537,25.85
1.673286172,25.9
1.672413345,25.95
1.668870624,26
1.662738703,26.05
1.654104102,26.1
1.643058853,26.15
1.629700166,26.2
1.614130082,26.25
1.596455111,26.3
1.576785856,26.35
1.555236626,26.4
1.531925038,26.45
1.506971612,26.5
1.480499355,26.55
1.452633338,26.6
1.423500278,26.65
1.3932281,26.7
1.361945513,26.75
1.329781576,26.8
1.29686527,26.85
1.263325069,26.9
1.229288516,26.95
1.194881809,27
1.160229387,27.05
1.125453529,27.1
1.090673962,27.15
1.05600748,27.2
1.021567572,27.25
0.987464072,27.3
0.953802814,27.35
0.920685311,27.4
0.888208449,27.45
0.856464193,27.5
0.825539323,27.55
0.795515183,27.6
0.766467451,27.65
0.738465934,27.7
0.711574383,27.75
0.685850333,27.8
0.661344961,27.85
0.638102976,27.9
0.616162529,27.95
0.595555146,28
0.576305686,28.05
0.558432328,28.1
0.541946579,28.15
0.526853306,28.2
0.513150795,28.25
0.500830831,28.3
0.489878807,28.35
0.480273848,28.4
0.471988967,28.45
0.464991234,28.5
0.459241977,28.55
0.454696992,28.6
0.45130678,28.65
0.449016804,28.7
0.447767757,28.75
0.447495854,28.8
0.448133133,28.85
0.449607778,28.9
0.451844447,28.95
0.454764619,29
0.458286949,29.05
0.462327629,29.1
0.466800763,29.15
0.471618743,29.2
0.476692636,29.25
0.481932565,29.3
0.487248105,29.35
0.492548669,29.4
0.497743897,29.45
0.502744043,29.5
0.507460359,29.55
0.511805474,29.6
0.515693759,29.65
0.519041699,29.7
0.521768239,29.75
0.523795133,29.8
0.525047271,29.85
0.525452999,29.9
0.524944422,29.95
0.523457694,30
0.520933285,30.05
0.517316239,30.1
0.512556407,30.15
0.506608667,30.2
0.499433111,30.25
0.490995229,30.3
0.481266057,30.35
0.47022231,30.4
0.457846489,30.45
0.444126967,30.5
0.429058051,30.55
0.412640022,30.6
0.394879148,30.65
0.375787676,30.7
0.355383798,30.75
0.333691599,30.8
0.310740974,30.85
0.286567528,30.9
0.261212449,30.95
0.234722365,31
0.207149172,31.05
0.178549848,31.1
0.148986241,31.15
0.118524842,31.2
0.087236538,31.25
0.055196348,31.3
0.022483141,31.35
-0.010820659,31.4
-0.044629386,31.45
-0.078854453,31.5
-0.113404689,31.55
-0.148186684,31.6
-0.183105145,31.65
-0.218063262,31.7
-0.252963071,31.75
-0.287705836,31.8
-0.322192424,31.85
-0.356323688,31.9
-0.390000845,31.95
-0.423125862,32
-0.455601829,32.05
-0.487333342,32.1
-0.518226868,32.15
-0.548191108,32.2
-0.577137361,32.25
-0.604979862,32.3
-0.631636126,32.35
-0.657027269,32.4
-0.681078323,32.45
-0.703718532,32.5
-0.724881636,32.55
-0.744506137,32.6
-0.762535549,32.65
-0.778918628,32.7
-0.793609585,32.75
-0.806568275,32.8
-0.81776037,32.85
-0.827157509,32.9
-0.834737421,32.95
-0.840484037,33
-0.844387567,33.05
-0.846444559,33.1
-0.846657935,33.15
-0.845037003,33.2
-0.841597447,33.25
-0.836361285,33.3
-0.829356816,33.35
-0.820618532,33.4
-0.810187017,33.45
-0.798108814,33.5
-0.784436277,33.55
-0.769227394,33.6
-0.752545599,33.65
-0.734459553,33.7
-0.715042912,33.75
-0.694374071,33.8
-0.672535897,33.85
-0.649615441,33.9
-0.625703631,33.95
-0.600894954,34
-0.575287127,34.05
-0.548980749,34.1
-0.522078948,34.15
-0.494687012,34.2
-0.466912015,34.25
-0.43886244,34.3
-0.410647784,34.35
-0.382378175,34.4
-0.35416397,34.45
-0.326115361,34.5
-0.298341979,34.55
-0.270952501,34.6
-0.244054253,34.65
-0.217752825,34.7
-0.192151689,34.75
-0.167351822,34.8
-0.143451338,34.85
-0.120545133,34.9
-0.098724539,34.95
-0.078076986,35
-0.058685687,35.05
-0.040629325,35.1
-0.02398177,35.15
-0.008811803,35.2
0.004817144,35.25
0.016847216,35.3
0.027226362,35.35
0.035908524,35.4
0.042853816,35.45
0.048028679,35.5
0.051406013,35.55
0.052965282,35.6
0.052692604,35.65
0.050580812,35.7
0.046629495,35.75
0.040845008,35.8
0.03324047,35.85
0.023835723,35.9
0.012657284,35.95
-0.00026174,36
-0.014881753,36.05
-0.031156797,36.1
-0.049034697,36.15
-0.068457237,36.2
-0.089360344,36.25
-0.111674306,36.3
-0.135323998,36.35
-0.160229135,36.4
-0.186304541,36.45
-0.213460432,36.5
-0.241602718,36.55
-0.270633321,36.6
-0.300450501,36.65
-0.330949203,36.7
-0.362021405,36.75
-0.393556489,36.8
-0.425441608,36.85
-0.457562069,36.9
-0.489801717,36.95
-0.522043328,37
-0.554169005,37.05
-0.586060567,37.1
-0.617599956,37.15
-0.648669623,37.2
-0.679152928,37.25
-0.708934529,37.3
-0.737900766,37.35
-0.765940037,37.4
-0.792943176,37.45
-0.818803807,37.5
-0.843418703,37.55
-0.86668812,37.6
-0.888516128,37.65
-0.908810927,37.7
-0.927485142,37.75
-0.944456107,37.8
-0.959646137,37.85
-0.972982768,37.9
-0.984398997,37.95
-0.993833486,38
-1.001230757,38.05
-1.006541362,38.1
-1.009722034,38.15
-1.010735813,38.2
-1.009552155,38.25
-1.006147013,38.3
-1.000502904,38.35
-0.992608942,38.4
-0.982460861,38.45
-0.970061004,38.5
-0.9554183,38.55
-0.938548208,38.6
-0.91947265,38.65
-0.898219911,38.7
-0.874824531,38.75
-0.849327163,38.8
-0.821774421,38.85
-0.792218702,38.9
-0.760717994,38.95
-0.727335663,39
-0.692140223,39.05
-0.655205091,39.1
-0.616608329,39.15
-0.576432364,39.2
-0.534763704,39.25
-0.491692639,39.3
-0.447312925,39.35
-0.401721467,39.4
-0.355017987,39.45
-0.307304692,39.5
-0.258685925,39.55
-0.209267823,39.6
-0.159157961,39.65
-0.108465004,39.7
-0.057298348,39.75
-0.005767768,39.8
0.046016932,39.85
0.097946273,39.9
0.149911443,39.95
0.201804636,40
0.253519389,40.05
0.304950903,40.1
0.355996362,40.15
0.406555241,40.2
0.456529599,40.25
0.505824361,40.3
0.554347593,40.35
0.602010755,40.4
0.648728945,40.45
0.69442112,40.5
0.739010314,40.55
0.782423823,40.6
0.824593384,40.65
0.865455333,40.7
0.90495074,40.75
0.943025532,40.8
0.979630593,40.85
1.014721841,40.9
1.048260296,40.95
1.080212114,41
1.110548615,41.05
1.139246282,41.1
1.166286745,41.15
1.191656743,41.2
1.215348068,41.25
1.237357491,41.3
1.257686673,41.35
1.276342049,41.4
1.293334701,41.45
1.308680219,41.5
1.322398536,41.55
1.334513754,41.6
1.345053956,41.65
1.354051002,41.7
1.361540312,41.75
1.367560643,41.8
1.372153846,41.85
1.375364622,41.9
1.377240267,41.95
1.377830405,42
1.37718672,42.05
1.375362681,42.1
1.372413263,42.15
1.368394665,42.2
1.363364023,42.25
1.357379131,42.3
1.350498153,42.35
1.342779342,42.4
1.334280758,42.45
1.325059998,42.5
1.315173921,42.55
1.304678384,42.6
1.293627989,42.65
1.282075829,42.7
1.270073252,42.75
1.257669631,42.8
1.244912144,42.85
1.231845572,42.9
1.218512102,42.95
1.204951147,43
1.191199183,43.05
1.177289597,43.1
1.163252551,43.15
1.149114864,43.2
1.13489991,43.25
1.120627529,43.3
1.106313961,43.35
1.091971796,43.4
1.077609935,43.45
1.063233581,43.5
1.048844235,43.55
1.03443972,43.6
1.020014214,43.65
1.00555831,43.7
0.991059084,43.75
0.976500186,43.8
0.961861943,43.85
0.947121485,43.9
0.932252879,43.95
0.917227284,44
0.902013115,44.05
0.886576227,44.1
0.870880106,44.15
0.854886076,44.2
0.838553518,44.25
0.821840098,44.3
0.804702,44.35
0.787094181,44.4
0.768970617,44.45
0.750284566,44.5
0.73098884,44.55
0.711036067,44.6
0.69037897,44.65
0.668970647,44.7
0.64676484,44.75
0.623716222,44.8
0.599780669,44.85
0.574915536,44.9
0.549079927,44.95
0.522234964,45
0.494344048,45.05
0.465373115,45.1
0.435290881,45.15
0.40406908,45.2
0.371682698,45.25
0.338110188,45.3
0.303333674,45.35
0.267339151,45.4
0.230116664,45.45
0.191660474,45.5
0.151969212,45.55
0.111046014,45.6
0.068898644,45.65
0.025539596,45.7
-0.019013818,45.75
-0.064739397,45.8
-0.111610004,45.85
-0.159593529,45.9
-0.208652876,45.95
-0.258745969,46
-0.309825772,46.05
-0.361840335,46.1
-0.414732851,46.15
-0.468441739,46.2
-0.522900741,46.25
-0.578039039,46.3
-0.633781391,46.35
-0.690048282,46.4
-0.746756095,46.45
-0.803817299,46.5
-0.86114065,46.55
-0.918631409,46.6
-0.976191581,46.65
-1.033720155,46.7
-1.091113372,46.75
-1.148264996,46.8
-1.205066598,46.85
-1.261407857,46.9
-1.317176862,46.95
-1.372260429,47
-1.426544425,47.05
-1.479914094,47.1
-1.532254397,47.15
-1.583450346,47.2
-1.633387352,47.25
-1.68195157,47.3
-1.729030241,47.35
-1.774512043,47.4
-1.818287433,47.45
-1.860248991,47.5
-1.900291759,47.55
-1.938313573,47.6
-1.974215395,47.65
-2.00790163,47.7
-2.03928044,47.75
-2.068264052,47.8
-2.094769044,47.85
-2.118716634,47.9
-2.140032948,47.95
-2.158649273,48
-2.17E+00,48.05
-2.187534378,48.1
-2.197693664,48.15
-2.204934386,48.2
-2.209216982,48.25
-2.210508273,48.3
-2.208781606,48.35
-2.20401697,48.4
-2.196201107,48.45
-2.185327593,48.5
-2.171396902,48.55
-2.154416453,48.6
-2.134400626,48.65
-2.111370772,48.7
-2.08535519,48.75
-2.05638909,48.8
-2.024514532,48.85
-1.989780348,48.9
-1.952242037,48.95
-1.911961652,49
-1.869007651,49.05
-1.823454746,49.1
-1.775383717,49.15
-1.724881222,49.2
-1.67203958,49.25
-1.616956539,49.3
-1.55973503,49.35
-1.500482904,49.4
-1.439312653,49.45
-1.376341121,49.5
-1.311689196,49.55
-1.245481496,49.6
-1.177846039,49.65
-1.108913906,49.7
-1.038818895,49.75
-0.967697167,49.8
-0.895686879,49.85
-0.822927824,49.9
-0.749561052,49.95
-0.6757285,50
-0.60157261,50.05
-0.527235953,50.1
-0.452860848,50.15
-0.378588984,50.2
-0.304561046,50.25
-0.230916343,50.3
-0.157792438,50.35
-0.085324789,50.4
-0.013646392,50.45
0.057112564,50.5
0.126825036,50.55
0.195367457,50.6
0.262620051,50.65
0.328467138,50.7
0.39279743,50.75
0.455504305,50.8
0.516486078,50.85
0.575646243,50.9
0.632893712,50.95
0.688143032,51
0.741314578,51.05
0.792334745,51.1
0.841136102,51.15
0.887657543,51.2
0.931844411,51.25
0.973648603,51.3
1.013028662,51.35
1.049949835,51.4
1.084384128,51.45
1.11631033,51.5
1.145714018,51.55
1.172587547,51.6
1.196930015,51.65
1.218747209,51.7
1.238051535,51.75
1.254861927,51.8
1.269203732,51.85
1.281108587,51.9
1.290614269,51.95
1.297764529,52
1.302608918,52.05
1.30520258,52.1
1.305606049,52.15
1.303885013,52.2
1.300110076,52.25
1.294356506,52.3
1.28670396,52.35
1.277236212,52.4
1.266040858,52.45
1.253209021,52.5
1.238835039,52.55
1.223016148,52.6
1.205852166,52.65
1.187445155,52.7
1.167899093,52.75
1.147319537,52.8
1.125813278,52.85
1.103488006,52.9
1.080451962,52.95
1.056813599,53
1.032681242,53.05
1.008162748,53.1
0.983365173,53.15
0.958394443,53.2
0.933355026,53.25
0.90834962,53.3
0.883478835,53.35
0.858840899,53.4
0.834531357,53.45
0.810642793,53.5
0.787264558,53.55
0.764482504,53.6
0.742378742,53.65
0.721031401,53.7
0.700514413,53.75
0.680897298,53.8
0.662244976,53.85
0.644617588,53.9
0.628070337,53.95
0.612653339,54
0.598411495,54.05
0.585384383,54.1
0.573606156,54.15
0.563105474,54.2
0.553905433,54.25
0.546023531,54.3
0.539471642,54.35
0.534256003,54.4
0.530377233,54.45
0.527830351,54.5
0.526604831,54.55
0.526684657,54.6
0.528048402,54.65
0.530669329,54.7
0.534515496,54.75
0.539549887,54.8
0.54573055,54.85
0.55301076,54.9
0.561339187,54.95
0.570660078,55
0.580913462,55.05
0.592035352,55.1
0.603957974,55.15
0.616609995,55.2
0.62991677,55.25
0.643800592,55.3
0.658180954,55.35
0.672974819,55.4
0.688096893,55.45
0.703459914,55.5
0.718974934,55.55
0.734551611,55.6
0.750098511,55.65
0.765523399,55.7
0.780733545,55.75
0.795636021,55.8
0.810138004,55.85
0.82414708,55.9
0.837571536,55.95
0.850320661,56
0.862305035,56.05
0.873436821,56.1
0.883630045,56.15
0.892800877,56.2
0.900867896,56.25
0.907752358,56.3
0.913378448,56.35
0.917673525,56.4
0.920568362,56.45
0.921997369,56.5
0.921898806,56.55
0.920214992,56.6
0.916892491,56.65
0.911882293,56.7
0.90513998,56.75
0.896625879,56.8
0.886305197,56.85
0.874148148,56.9
0.860130063,56.95
0.844231481,57
0.826438233,57.05
0.806741503,57.1
0.785137878,57.15
0.76162938,57.2
0.736223488,57.25
0.708933135,57.3
0.679776695,57.35
0.648777957,57.4
0.61596608,57.45
0.581375529,57.5
0.545046007,57.55
0.507022358,57.6
0.467354471,57.65
0.426097153,57.7
0.383310002,57.75
0.339057263,57.8
0.293407662,57.85
0.246434243,57.9
0.198214176,57.95
0.14882857,58
0.098362262,58.05
0.046903598,58.1
-0.005455784,58.15
-0.058621202,58.2
-0.112495164,58.25
-0.166977625,58.3
-0.221966245,58.35
-0.277356657,58.4
-0.333042734,58.45
-0.388916869,58.5
-0.444870254,58.55
-0.500793164,58.6
-0.556575244,58.65
-0.612105798,58.7
-0.667274076,58.75
-0.721969569,58.8
-0.776082293,58.85
-0.82950308,58.9
-0.882123864,58.95
-0.933837961,59
-0.984540355,59.05
-1.034127968,59.1
-1.08249993,59.15
-1.129557848,59.2
-1.175206058,59.25
-1.219351879,59.3
-1.261905856,59.35
-1.302781993,59.4
-1.341897976,59.45
-1.379175391,59.5
-1.414539927,59.55
-1.447921573,59.6
-1.479254794,59.65
-1.508478708,59.7
-1.535537237,59.75
-1.560379261,59.8
-1.582958741,59.85
-1.603234844,59.9
-1.621172043,59.95
-1.636740208,60
-1.649914686,60.05
-1.660676356,60.1
-1.669011678,60.15
-1.674912727,60.2
-1.678377204,60.25
-1.679408441,60.3
-1.678015389,60.35
-1.674212581,60.4
-1.668020098,60.45
-1.659463503,60.5
-1.648573771,60.55
-1.635387201,60.6
-1.619945311,60.65
-1.602294723,60.7
-1.582487033,60.75
-1.560578669,60.8
-1.536630729,60.85
-1.510708819,60.9
-1.482882864,60.95
-1.45322692,61
-1.421818969,61.05
-1.388740702,61.1
-1.354077295,61.15
-1.317917175,61.2
-1.280351777,61.25
-1.241475288,61.3
-1.201384396,61.35
-1.160178018,61.4
-1.11795703,61.45
-1.074823989,61.5
-1.030882853,61.55
-0.986238694,61.6
-0.94099741,61.65
-0.895265434,61.7
-0.84914944,61.75
-0.802756054,61.8
-0.756191558,61.85
-0.709561598,61.9
-0.662970898,61.95
-0.616522967,62
-0.570319821,62.05
-0.524461699,62.1
-0.47904679,62.15
-0.434170966,62.2
-0.389927515,62.25
-0.346406894,62.3
-0.303696472,62.35
-0.261880303,62.4
-0.221038887,62.45
-0.181248959,62.5
-0.14258328,62.55
-0.105110438,62.6
-0.068894665,62.65
-0.033995669,62.7
-0.000468468,62.75
0.031636746,62.8
0.062274746,62.85
0.091405383,62.9
0.118993685,62.95
0.14500995,63
0.169429812,63.05
0.192234298,63.1
0.213409869,63.15
0.23294844,63.2
0.250847391,63.25
0.267109556,63.3
0.281743197,63.35
0.294761965,63.4
0.306184839,63.45
0.316036054,63.5
0.324345012,63.55
0.331146173,63.6
0.336478938,63.65
0.340387507,63.7
0.342920734,63.75
0.344131958,63.8
0.344078823,63.85
0.342823084,63.9
0.340430404,63.95
0.33697013,64
0.332515068,64.05
0.327141236,64.1
0.320927611,64.15
0.313955872,64.2
0.306310122,64.25
0.298076609,64.3
0.289343442,64.35
0.280200291,64.4
0.27073809,64.45
0.261048732,64.5
0.251224753,64.55
0.241359028,64.6
0.231544449,64.65
0.22187361,64.7
0.212438491,64.75
0.20333014,64.8
0.194638357,64.85
0.186451385,64.9
0.178855595,64.95
0.171935185,65
0.165771879,65.05
0.160444634,65.1
0.156029352,65.15
0.152598604,65.2
0.150221358,65.25
0.148962722,65.3
0.148883694,65.35
0.150040923,65.4
0.152486487,65.45
0.156267681,65.5
0.161426816,65.55
0.168001035,65.6
0.176022149,65.65
0.185516479,65.7
0.196504723,65.75
0.209001835,65.8
0.223016919,65.85
0.238553152,65.9
0.25560771,65.95
0.274171722,66
0.294230242,66.05
0.315762237,66.1
0.338740594,66.15
0.36313215,66.2
0.388897737,66.25
0.415992249,66.3
0.444364722,66.35
0.473958448,66.4
0.504711086,66.45
0.536554812,66.5
0.569416474,66.55
0.603217769,66.6
0.63787544,66.65
0.673301488,66.7
0.709403397,66.75
0.746084379,66.8
0.783243635,66.85
0.820776628,66.9
0.858575369,66.95
0.89652872,67
0.934522702,67.05
0.972440826,67.1
1.010164421,67.15
1.047572983,67.2
1.084544523,67.25
1.120955929,67.3
1.156683335,67.35
1.191602487,67.4
1.225589122,67.45
1.258519349,67.5
1.290270026,67.55
1.320719145,67.6
1.349746213,67.65
1.377232633,67.7
1.403062079,67.75
1.427120876,67.8
1.449298361,67.85
1.469487254,67.9
1.487584009,67.95
1.503489162,68
1.517107674,68.05
1.528349252,68.1
1.537128671,68.15
1.543366075,68.2
1.546987267,68.25
1.547923988,68.3
1.546114171,68.35
1.541502194,68.4
1.534039098,68.45
1.523682803,68.5
1.510398296,68.55
1.494157798,68.6
1.474940925,68.65
1.452734809,68.7
1.427534214,68.75
1.399341621,68.8
1.368167297,68.85
1.334029337,68.9
1.296953688,68.95
1.256974149,69
1.214132345,69.05
1.168477682,69.1
1.12E+00,69.15
1.068965885,69.2
1.015245742,69.25
0.958986473,69.3
0.900274916,69.35
0.839204941,69.4
0.775877252,69.45
0.710399167,69.5
0.642884376,69.55
0.573452677,69.6
0.502229704,69.65
0.429346622,69.7
0.354939815,69.75
0.279150558,69.8
0.202124666,69.85
0.124012135,69.9
0.044966771,69.95
-0.034854203,70
-0.11529054,70.05
-0.196179377,70.1
-0.277355654,70.15
-0.358652541,70.2
-0.439901861,70.25
-0.520934536,70.3
-0.601581021,70.35
-0.681671749,70.4
-0.761037579,70.45
-0.839510235,70.5
-0.916922753,70.55
-0.993109922,70.6
-1.067908718,70.65
-1.141158743,70.7
-1.212702641,70.75
-1.282386525,70.8
-1.350060381,70.85
-1.415578467,70.9
-1.478799703,70.95
-1.539588043,71
-1.597812841,71.05
-1.653349191,71.1
-1.706078266,71.15
-1.755887625,71.2
-1.802671515,71.25
-1.846331145,71.3
-1.886774949,71.35
-1.923918819,71.4
-1.957686328,71.45
-1.988008923,71.5
-2.014826099,71.55
-2.038085553,71.6
-2.057743308,71.65
-2.073763821,71.7
-2.086120065,71.75
-2.094793581,71.8
-2.099774516,71.85
-2.101061632,71.9
-2.098662285,71.95
-2.092592392,72
-2.082876363,72.05
-2.069547014,72.1
-2.05264546,72.15
-2.032220974,72.2
-2.008330839,72.25
-1.981040161,72.3
-1.950421674,72.35
-1.916555515,72.4
-1.879528984,72.45
-1.839436285,72.5
-1.796378239,72.55
-1.750461996,72.6
-1.701800713,72.65
-1.650513225,72.7
-1.596723704,72.75
-1.540561295,72.8
-1.482159748,72.85
-1.421657032,72.9
-1.359194946,72.95
-1.294918713,73
-1.228976572,73.05
-1.161519361,73.1
-1.092700097,73.15
-1.022673548,73.2
-0.951595807,73.25
-0.879623859,73.3
-0.806915159,73.35
-0.733627196,73.4
-0.659917074,73.45
-0.585941087,73.5
-0.511854304,73.55
-0.437810162,73.6
-0.363960058,73.65
-0.290452965,73.7
-0.217435041,73.75
-0.145049262,73.8
-0.073435063,73.85
-0.002727992,73.9
0.066940626,73.95
0.135443996,74
0.202660161,74.05
0.268472281,74.1
0.332768897,74.15
0.39544418,74.2
0.456398155,74.25
0.515536909,74.3
0.57277278,74.35
0.62802452,74.4
0.68121744,74.45
0.732283534,74.5
0.781161581,74.55
0.827797221,74.6
0.872143017,74.65
0.914158486,74.7
0.953810113,74.75
0.991071345,74.8
1.025922556,74.85
1.058350997,74.9
1.088350726,74.95
1.115922505,75
1.141073697,75.05
1.163818122,75.1
1.18417591,75.15
1.202173325,75.2
1.21784258,75.25
1.231221624,75.3
1.242353925,75.35
1.251288227,75.4
1.258078302,75.45
1.262782679,75.5
1.265464367,75.55
1.266190565,75.6
1.265032361,75.65
1.262064425,75.7
1.257364682,75.75
1.251014,75.8
1.243095845,75.85
1.233695958,75.9
1.222902006,75.95
1.210803244,76
1.197490175,76.05
1.183054202,76.1
1.167587291,76.15
1.151181629,76.2
1.133929289,76.25
1.1159219,76.3
1.097250322,76.35
1.078004326,76.4
1.058272283,76.45
1.038140865,76.5
1.017694753,76.55
0.997016355,76.6
0.976185535,76.65
0.955279361,76.7
0.934371859,76.75
0.913533783,76.8
0.892832402,76.85
0.872331302,76.9
0.852090202,76.95
0.832164788,77
0.812606562,77.05
0.793462713,77.1
0.774776002,77.15
0.756584663,77.2
0.738922328,77.25
0.721817966,77.3
0.705295842,77.35
0.689375494,77.4
0.674071728,77.45
0.65939463,77.5
0.645349601,77.55
0.631937404,77.6
0.61915423,77.65
0.606991786,77.7
0.595437388,77.75
0.584474086,77.8
0.574080789,77.85
0.564232416,77.9
0.55490006,77.95
0.546051155,78
0.537649674,78.05
0.529656321,78.1
0.522028749,78.15
0.514721778,78.2
0.507687628,78.25
0.50087616,78.3
0.494235125,78.35
0.487710416,78.4
0.481246331,78.45
0.47478584,78.5
0.468270849,78.55
0.461642479,78.6
0.454841336,78.65
0.447807786,78.7
0.44048223,78.75
0.432805377,78.8
0.424718518,78.85
0.416163786,78.9
0.40708443,78.95
0.397425064,79
0.387131927,79.05
0.376153121,79.1
0.364438857,79.15
0.351941676,79.2
0.338616674,79.25
0.32442171,79.3
0.309317604,79.35
0.293268323,79.4
0.276241161,79.45
0.258206894,79.5
0.239139934,79.55
0.219018461,79.6
0.197824547,79.65
0.175544262,79.7
0.152167763,79.75
0.127689373,79.8
0.102107642,79.85
0.075425393,79.9
0.04764975,79.95
0.018792158,80
-0.011131623,80.05
-0.042101531,80.1
-0.074093236,80.15
-0.107078182,80.2
-0.141023655,80.25
-0.175892854,80.3
-0.211644982,80.35
-0.248235354,80.4
-0.285615508,80.45
-0.323733344,80.5
-0.362533259,80.55
-0.401956306,80.6
-0.441940361,80.65
-0.482420297,80.7
-0.523328174,80.75
-0.564593431,80.8
-0.606143094,80.85
-0.647901987,80.9
-0.689792951,80.95
-0.731737071,81
-0.773653906,81.05
-0.815461722,81.1
-0.857077736,81.15
-0.898418357,81.2
-0.939399428,81.25
-0.979936472,81.3
-1.019944941,81.35
-1.059340459,81.4
-1.098039064,81.45
-1.135957457,81.5
-1.173013236,81.55
-1.209125131,81.6
-1.24421324,81.65
-1.278199252,81.7
-1.311006668,81.75
-1.342561017,81.8
-1.372790057,81.85
-1.401623983,81.9
-1.428995608,81.95
-1.454840552,82
-1.479097412,82.05
-1.501707921,82.1
-1.522617106,82.15
-1.541773426,82.2
-1.559128902,82.25
-1.574639235,82.3
-1.588263919,82.35
-1.599966326,82.4
-1.609713801,82.45
-1.617477724,82.5
-1.623233573,82.55
-1.62696097,82.6
-1.628643714,82.65
-1.628269805,82.7
-1.625831451,82.75
-1.621325068,82.8
-1.614751265,82.85
-1.606114818,82.9
-1.595424632,82.95
-1.582693694,83
-1.567939011,83.05
-1.551181545,83.1
-1.53E+00,83.15
-1.511761371,83.2
-1.489159577,83.25
-1.464676618,83.3
-1.438351827,83.35
-1.410227874,83.4
-1.380350632,83.45
-1.348769045,83.5
-1.315534975,83.55
-1.280703061,83.6
-1.24433056,83.65
-1.206477188,83.7
-1.167204959,83.75
-1.126578018,83.8
-1.08466247,83.85
-1.041526212,83.9
-0.997238761,83.95
-0.951871076,84
-0.905495391,84.05
-0.858185036,84.1
-0.810014266,84.15
-0.76105809,84.2
-0.711392101,84.25
-0.661092309,84.3
-0.610234974,84.35
-0.558896447,84.4
-0.507153011,84.45
-0.455080726,84.5
-0.402755281,84.55
-0.350251848,84.6
-0.297644942,84.65
-0.245008288,84.7
-0.192414688,84.75
-0.139935901,84.8
-0.087642527,84.85
-0.03560389,84.9
0.01611206,84.95
0.067438851,85
0.118311576,85.05
0.168666986,85.1
0.218443558,85.15
0.267581579,85.2
0.316023203,85.25
0.363712516,85.3
0.410595585,85.35
0.456620509,85.4
0.501737457,85.45
0.545898703,85.5
0.589058659,85.55
0.63117389,85.6
0.672203143,85.65
0.712107353,85.7
0.750849651,85.75
0.788395374,85.8
0.824712057,85.85
0.859769434,85.9
0.893539425,85.95
0.925996128,86
0.957115802,86.05
0.986876851,86.1
1.015259799,86.15
1.042247273,86.2
1.067823974,86.25
1.091976654,86.3
1.114694085,86.35
1.135967033,86.4
1.155788225,86.45
1.174152321,86.5
1.191055884,86.55
1.206497346,86.6
1.220476978,86.65
1.232996862,86.7
1.244060856,86.75
1.25367457,86.8
1.261845331,86.85
1.268582159,86.9
1.273895737,86.95
1.277798389,87
1.280304048,87.05
1.281428238,87.1
1.281188047,87.15
1.279602106,87.2
1.276690568,87.25
1.27247509,87.3
1.266978809,87.35
1.260226329,87.4
1.252243699,87.45
1.243058399,87.5
1.232699319,87.55
1.221196749,87.6
1.208582357,87.65
1.194889175,87.7
1.180151582,87.75
1.164405285,87.8
1.147687303,87.85
1.130035946,87.9
1.111490796,87.95
1.092092683,88
1.071883662,88.05
1.050906988,88.1
1.029207089,88.15
1.006829531,88.2
0.983820988,88.25
0.960229206,88.3
0.936102959,88.35
0.911492012,88.4
0.88644707,88.45
0.861019727,88.5
0.835262413,88.55
0.809228336,88.6
0.782971414,88.65
0.756546211,88.7
0.730007862,88.75
0.703412,88.8
0.676814667,88.85
0.650272232,88.9
0.623841298,88.95
0.597578603,89
0.571540925,89.05
0.545784967,89.1
0.520367254,89.15
0.495344012,89.2
0.470771053,89.25
0.446703647,89.3
0.4231964,89.35
0.400303117,89.4
0.378076669,89.45
0.356568857,89.5
0.33583027,89.55
0.315910143,89.6
0.296856211,89.65
0.278714562,89.7
0.261529493,89.75
0.245343355,89.8
0.230196413,89.85
0.216126689,89.9
0.203169823,89.95
0.19135892,90
0.180724409,90.05
0.171293904,90.1
0.163092061,90.15
0.156140445,90.2
0.150457401,90.25
0.146057927,90.3
0.142953554,90.35
0.14115223,90.4
0.140658218,90.45
0.141471991,90.5
0.143590141,90.55
0.147005296,90.6
0.151706045,90.65
0.15767687,90.7
0.164898097,90.75
0.173345842,90.8
0.182991986,90.85
0.193804146,90.9
0.205745671,90.95
0.218775636,91
0.232848863,91.05
0.247915942,91.1
0.263923279,91.15
0.280813142,91.2
0.298523735,91.25
0.316989272,91.3
0.336140081,91.35
0.355902703,91.4
0.376200024,91.45
0.396951404,91.5
0.418072835,91.55
0.439477098,91.6
0.461073945,91.65
0.48277029,91.7
0.504470412,91.75
0.526076169,91.8
0.547487231,91.85
0.568601319,91.9
0.589314455,91.95
0.609521227,92
0.62911506,92.05
0.647988497,92.1
0.666033494,92.15
0.683141715,92.2
0.69920484,92.25
0.714114878,92.3
0.727764486,92.35
0.74004729,92.4
0.750858214,92.45
0.760093811,92.5
0.767652595,92.55
0.77343537,92.6
0.777345569,92.65
0.779289583,92.7
0.779177089,92.75
0.77692138,92.8
0.772439687,92.85
0.765653493,92.9
0.756488848,92.95
0.744876668,93
0.730753034,93.05
0.714059473,93.1
0.694743236,93.15
0.672757558,93.2
0.64806191,93.25
0.620622237,93.3
0.590411177,93.35
0.557408269,93.4
0.521600146,93.45
0.482980705,93.5
0.441551263,93.55
0.397320696,93.6
0.350305554,93.65
0.30053016,93.7
0.248026684,93.75
0.192835206,93.8
0.135003739,93.85
0.074588253,93.9
0.011652656,93.95
-0.053731234,94
-0.121483744,94.05
-0.191517429,94.1
-0.263737167,94.15
-0.338040289,94.2
-0.414316722,94.25
-0.492449161,94.3
-0.572313261,94.35
-0.653777852,94.4
-0.736705174,94.45
-0.820951138,94.5
-0.906365601,94.55
-0.99279267,94.6
-1.080071015,94.65
-1.168034213,94.7
-1.256511098,94.75
-1.345326138,94.8
-1.434299827,94.85
-1.523249082,94.9
-1.611987673,94.95
-1.700326646,95
-1.788074777,95.05
-1.875039021,95.1
-1.961024982,95.15
-2.045837389,95.2
-2.129280573,95.25
-2.211158959,95.3
-2.291277555,95.35
-2.369442451,95.4
-2.445461317,95.45
-2.519143894,95.5
-2.590302501,95.55
-2.65875252,95.6
-2.724312895,95.65
-2.786806608,95.7
-2.846061167,95.75
-2.901909068,95.8
-2.954188263,95.85
-3.002742605,95.9
-3.047422286,95.95
-3.088084264,96
-3.12459267,96.05
-3.156819203,96.1
-3.184643503,96.15
-3.20795351,96.2
-3.226645803,96.25
-3.240625916,96.3
-3.249808633,96.35
-3.254118265,96.4
-3.253488892,96.45
-3.2478646,96.5
-3.237199669,96.55
-3.221458759,96.6
-3.200617053,96.65
-3.17466038,96.7
-3.143585313,96.75
-3.107399233,96.8
-3.066120373,96.85
-3.019777828,96.9
-2.96841154,96.95
-2.912072254,97
-2.850821447,97.05
-2.784731229,97.1
-2.713884215,97.15
-2.638373372,97.2
-2.558301839,97.25
-2.473782715,97.3
-2.384938835,97.35
-2.291902503,97.4
-2.194815215,97.45
-2.093827349,97.5
-1.989097841,97.55
-1.880793829,97.6
-1.769090285,97.65
-1.65416962,97.7
-1.536221279,97.75
-1.415441306,97.8
-1.292031906,97.85
-1.166200983,97.9
-1.038161667,97.95
-0.908131827,98
-0.776333576,98.05
-0.642992765,98.1
-0.508338464,98.15
-0.372602448,98.2
-0.23601866,98.25
-0.09882269,98.3
0.038748766,98.35
0.176458437,98.4
0.314069012,98.45
0.45134367,98.5
0.588046611,98.55
0.723943576,98.6
0.858802369,98.65
0.992393364,98.7
1.124490004,98.75
1.254869294,98.8
1.383312276,98.85
1.509604499,98.9
1.633536466,98.95
1.754904072,99
1.873509024,99.05
1.989159245,99.1
2.101669251,99.15
2.210860525,99.2
2.316561855,99.25
2.418609659,99.3
2.516848287,99.35
2.611130303,99.4
2.701316736,99.45
2.787277319,99.5
2.868890697,99.55
2.94604461,99.6
3.018636056,99.65
3.086571427,99.7
3.149766622,99.75
3.208147132,99.8
3.261648104,99.85
3.310214377,99.9
3.353800497,99.95
3.392370705,100
3.425898905,100.05
3.454368601,100.1
3.477772824,100.15
3.49611402,100.2
3.509403931,100.25
3.51766345,100.3
3.520922449,100.35
3.519219598,100.4
3.512602157,100.45
3.501125758,100.5
3.484854161,100.55
3.463858999,100.6
3.43821951,100.65
3.40802225,100.7
3.373360799,100.75
3.334335447,100.8
3.291052877,100.85
3.243625835,100.9
3.192172793,100.95
3.1368176,101
3.077689136,101.05
3.014920951,101.1
2.948650905,101.15
2.879020809,101.2
2.806176055,101.25
2.730265255,101.3
2.651439873,101.35
2.569853864,101.4
2.485663316,101.45
2.399026089,101.5
2.310101465,101.55
2.219049803,101.6
2.126032201,101.65
2.03121016,101.7
1.934745261,101.75
1.836798854,101.8
1.737531748,101.85
1.63710392,101.9
1.53567423,101.95
1.433400149,102
1.330437497,102.05
1.226940202,102.1
1.123060058,102.15
1.018946508,102.2
0.914746437,102.25
0.810603976,102.3
0.706660322,102.35
0.603053577,102.4
0.499918588,102.45
0.397386818,102.5
0.295586218,102.55
0.194641115,102.6
0.094672123,102.65
-0.004203946,102.7
-0.101874149,102.75
-0.198229465,102.8
-0.293164844,102.85
-0.386579237,102.9
-0.478375614,102.95
-0.568460974,103
-0.656746344,103.05
-0.743146765,103.1
-0.827581272,103.15
-0.909972862,103.2
-0.990248457,103.25
-1.068338856,103.3
-1.144178682,103.35
-1.217706322,103.4
-1.288863861,103.45
-1.357597013,103.5
-1.423855042,103.55
-1.487590692,103.6
-1.548760098,103.65
-1.607322703,103.7
-1.66324118,103.75
-1.716481338,103.8
-1.767012043,103.85
-1.814805124,103.9
-1.859835297,103.95
-1.902080078,104
-1.9415197,104.05
-1.978137038,104.1
-2.011917531,104.15
-2.042849113,104.2
-2.070922142,104.25
-2.096129338,104.3
-2.118465727,104.35
-2.137928579,104.4
-2.154517368,104.45
-2.168233724,104.5
-2.179081396,104.55
-2.18706622,104.6
-2.192196092,104.65
-2.194480949,104.7
-2.193932752,104.75
-2.190565479,104.8
-2.184395121,104.85
-2.175439682,104.9
-2.16371919,104.95
-2.149255706,105
-2.132073343,105.05
-2.112198284,105.1
-2.089658816,105.15
-2.06448535,105.2
-2.03671046,105.25
-2.006368917,105.3
-1.973497726,105.35
-1.938136169,105.4
-1.900325844,105.45
-1.86011071,105.5
-1.81753713,105.55
-1.772653909,105.6
-1.725512345,105.65
-1.676166261,105.7
-1.624672049,105.75
-1.571088705,105.8
-1.515477862,105.85
-1.45790382,105.9
-1.398433568,105.95
-1.337136812,106
-1.274085982,106.05
-1.209356245,106.1
-1.143025507,106.15
-1.075174408,106.2
-1.005886312,106.25
-0.935247283,106.3
-0.863346063,106.35
-0.790274033,106.4
-0.716125162,106.45
-0.640995962,106.5
-0.564985415,106.55
-0.488194902,106.6
-0.410728119,106.65
-0.332690982,106.7
-0.254191519,106.75
-0.17533976,106.8
-0.096247609,106.85
-0.017028706,106.9
0.062201716,106.95
0.141326986,107
0.220229168,107.05
0.298789225,107.1
0.376887215,107.15
0.454402479,107.2
0.531213844,107.25
0.607199833,107.3
0.682238888,107.35
0.756209589,107.4
0.828990892,107.45
0.900462361,107.5
0.970504418,107.55
1.038998589,107.6
1.105827752,107.65
1.1708764,107.7
1.234030895,107.75
1.295179725,107.8
1.354213773,107.85
1.411026569,107.9
1.465514556,107.95
1.517577345,108
1.567117971,108.05
1.61404315,108.1
1.658263518,108.15
1.699693884,108.2
1.738253461,108.25
1.773866094,108.3
1.806460489,108.35
1.835970419,108.4
1.862334935,108.45
1.885498552,108.5
1.905411438,108.55
1.922029581,108.6
1.935314948,108.65
1.945235631,108.7
1.951765975,108.75
1.954886697,108.8
1.954584987,108.85
1.950854591,108.9
1.943695884,108.95
1.933115919,109
1.919128467,109.05
1.901754033,109.1
1.881019857,109.15
1.856959899,109.2
1.829614804,109.25
1.799031849,109.3
1.765264873,109.35
1.728374187,109.4
1.688426472,109.45
1.645494649,109.5
1.599657743,109.55
1.55100072,109.6
1.499614315,109.65
1.445594835,109.7
1.389043956,109.75
1.330068497,109.8
1.26878018,109.85
1.205295378,109.9
1.139734851,109.95
1.07222346,110
1.002889883,110.05
0.931866305,110.1
0.859288111,110.15
0.785293557,110.2
0.710023442,110.25
0.633620766,110.3
0.55623039,110.35
0.477998676,110.4
0.399073136,110.45
0.319602076,110.5
0.239734225,110.55
0.159618381,110.6
0.079403042,110.65
-0.000763953,110.7
-0.080735786,110.75
-0.160367013,110.8
-0.239513922,110.85
-0.318034876,110.9
-0.395790655,110.95
-0.472644786,111
-0.548463873,111.05
-0.623117906,111.1
-0.696480567,111.15
-0.768429523,111.2
-0.838846705,111.25
-0.907618574,111.3
-0.974636375,111.35
-1.039796375,111.4
-1.103000079,111.45
-1.164154444,111.5
-1.22317206,111.55
-1.279971325,111.6
-1.334476596,111.65
-1.386618325,111.7
-1.436333172,111.75
-1.483564103,111.8
-1.528260467,111.85
-1.570378051,111.9
-1.609879122,111.95
-1.646732441,112
-1.680913261,112.05
-1.712403307,112.1
-1.741190737,112.15
-1.767270076,112.2
-1.790642142,112.25
-1.811313945,112.3
-1.829298573,112.35
-1.844615056,112.4
-1.857288217,112.45
-1.867348504,112.5
-1.874831806,112.55
-1.879779253,112.6
-1.882237008,112.65
-1.882256033,112.7
-1.879891857,112.75
-1.87520432,112.8
-1.868257309,112.85
-1.859118493,112.9
-1.847859035,112.95
-1.834553305,113
-1.819278586,113.05
-1.802114771,113.1
-1.783144053,113.15
-1.762450622,113.2
-1.740120346,113.25
-1.716240461,113.3
-1.690899256,113.35
-1.664185759,113.4
-1.636189426,113.45
-1.606999833,113.5
-1.576706374,113.55
-1.545397957,113.6
-1.513162716,113.65
-1.480087726,113.7
-1.446258723,113.75
-1.411759835,113.8
-1.376673331,113.85
-1.341079367,113.9
-1.305055752,113.95
-1.268677728,114
-1.232017761,114.05
-1.195145341,114.1
-1.158126803,114.15
-1.121025163,114.2
-1.083899966,114.25
-1.046807149,114.3
-1.009798927,114.35
-0.972923688,114.4
-0.936225911,114.45
-0.899746096,114.5
-0.863520716,114.55
-0.82758218,114.6
-0.79195882,114.65
-0.756674893,114.7
-0.721750594,114.75
-0.687202097,114.8
-0.6530416,114.85
-0.619277399,114.9
-0.585913964,114.95
-0.552952042,115
-0.520388769,115.05
-0.488217796,115.1
-0.456429432,115.15
-0.425010794,115.2
-0.393945978,115.25
-0.363216232,115.3
-0.332800144,115.35
-0.302673843,115.4
-0.272811202,115.45
-0.243184056,115.5
-0.213762418,115.55
-0.184514713,115.6
-0.155408008,115.65
-0.126408249,115.7
-0.097480501,115.75
-0.068589192,115.8
-0.039698354,115.85
-0.010771869,115.9
0.018226289,115.95
0.047331813,116
0.076579824,116.05
0.10600464,116.1
0.135639541,116.15
0.165516549,116.2
0.19566621,116.25
0.226117384,116.3
2.57E-01,116.35
0.288030072,116.4
0.319539104,116.45
0.35144433,116.5
0.383763344,116.55
0.416510994,116.6
0.449699249,116.65
0.483337068,116.7
0.517430295,116.75
0.55198156,116.8
0.586990196,116.85
0.622452173,116.9
0.658360044,116.95
0.694702906,117
0.731466374,117.05
0.768632579,117.1
0.806180166,117.15
0.844084324,117.2
0.882316815,117.25
0.920846029,117.3
0.95963705,117.35
0.998651732,117.4
1.037848794,117.45
1.077183926,117.5
1.116609911,117.55
1.156076752,117.6
1.195531819,117.65
1.234920001,117.7
1.274183876,117.75
1.313263879,117.8
1.352098493,117.85
1.390624437,117.9
1.428776867,117.95
1.466489587,118
1.503695253,118.05
1.5403256,118.1
1.576311659,118.15
1.611583983,118.2
1.646072876,118.25
1.67970862,118.3
1.712421706,118.35
1.744143064,118.4
1.774804289,118.45
1.80433787,118.5
1.832677407,118.55
1.859757839,118.6
1.88551565,118.65
1.90988908,118.7
1.93281833,118.75
1.954245754,118.8
1.974116048,118.85
1.992376427,118.9
2.008976795,118.95
2.023869906,119
2.037011511,119.05
2.048360497,119.1
2.057879015,119.15
2.06553259,119.2
2.07129023,119.25
2.07512451,119.3
2.077011654,119.35
2.076931594,119.4
2.074868023,119.45
2.070808432,119.5
2.064744134,119.55
2.056670272,119.6
2.046585817,119.65
2.034493552,119.7
2.020400042,119.75
2.004315588,119.8
1.986254179,119.85
1.966233415,119.9
1.944274435,119.95
1.920401822,120
1.8946435,120.05
1.867030623,120.1
1.837597453,120.15
1.806381225,120.2
1.773422005,120.25
1.738762546,120.3
1.702448126,120.35
1.664526386,120.4
1.625047163,120.45
1.584062312,120.5
1.541625528,120.55
1.497792164,120.6
1.452619047,120.65
1.406164286,120.7
1.358487087,120.75
1.309647565,120.8
1.259706551,120.85
1.208725409,120.9
1.156765851,120.95
1.103889751,121
1.050158969,121.05
0.99563518,121.1
0.940379698,121.15
0.884453319,121.2
0.827916163,121.25
0.770827523,121.3
0.713245725,121.35
0.655227995,121.4
0.596830334,121.45
0.538107402,121.5
0.479112415,121.55
0.419897049,121.6
0.360511356,121.65
0.301003689,121.7
0.241420641,121.75
0.181806992,121.8
0.122205673,121.85
0.062657731,121.9
0.003202318,121.95
-0.056123317,122
-0.115283823,122.05
-0.174245726,122.1
-0.232977407,122.15
-0.291449057,122.2
-0.34963263,122.25
-0.407501786,122.3
-0.465031814,122.35
-0.522199561,122.4
-0.57898334,122.45
-0.635362835,122.5
-0.691318997,122.55
-0.746833934,122.6
-0.801890789,122.65
-0.856473624,122.7
-0.910567285,122.75
-0.964157274,122.8
-1.017229607,122.85
-1.069770679,122.9
-1.121767122,122.95
-1.173205659,123
-1.224072967,123.05
-1.274355525,123.1
-1.324039482,123.15
-1.373110511,123.2
-1.421553673,123.25
-1.469353289,123.3
-1.516492805,123.35
-1.562954669,123.4
-1.608720221,123.45
-1.653769573,123.5
-1.698081513,123.55
-1.741633404,123.6
-1.784401103,123.65
-1.826358883,123.7
-1.867479363,123.75
-1.907733458,123.8
-1.947090326,123.85
-1.985517342,123.9
-2.022980072,123.95
-2.059442261,124
-2.094865845,124.05
-2.129210955,124.1
-2.162435955,124.15
-2.194497478,124.2
-2.225350483,124.25
-2.254948324,124.3
-2.283242826,124.35
-2.310184386,124.4
-2.335722073,124.45
-2.359803749,124.5
-2.382376203,124.55
-2.403385289,124.6
-2.422776088,124.65
-2.440493063,124.7
-2.456480245,124.75
-2.470681414,124.8
-2.483040294,124.85
-2.493500756,124.9
-2.502007033,124.95
-2.508503935,125
-2.512937076,125.05
-2.5152531,125.1
-2.515399923,125.15
-2.513326964,125.2
-2.50898539,125.25
-2.502328357,125.3
-2.493311255,125.35
-2.48189195,125.4
-2.468031024,125.45
-2.451692017,125.5
-2.432841662,125.55
-2.411450117,125.6
-2.387491191,125.65
-2.360942563,125.7
-2.331785993,125.75
-2.300007531,125.8
-2.265597703,125.85
-2.228551705,125.9
-2.188869565,125.95
-2.146556311,126
-2.101622118,126.05
-2.054082436,126.1
-2.003958113,126.15
-1.951275499,126.2
-1.896066533,126.25
-1.838368812,126.3
-1.778225645,126.35
-1.715686092,126.4
-1.650804979,126.45
-1.583642898,126.5
-1.514266188,126.55
-1.442746894,126.6
-1.369162716,126.65
-1.293596921,126.7
-1.216138258,126.75
-1.136880832,126.8
-1.055923978,126.85
-0.973372099,126.9
-0.889334497,126.95
-0.803925184,127
-0.717262665,127.05
-0.629469719,127.1
-0.540673151,127.15
-0.451003531,127.2
-0.36059492,127.25
-0.269584578,127.3
-0.178112656,127.35
-0.086321883,127.4
0.00564277,127.45
0.097634432,127.5
0.189504684,127.55
0.281103919,127.6
0.372281718,127.65
0.462887222,127.7
0.552769519,127.75
0.641778033,127.8
0.729762909,127.85
0.816575415,127.9
0.902068331,127.95
0.986096345,128
1.068516444,128.05
1.149188306,128.1
1.227974679,128.15
1.304741766,128.2
1.379359593,128.25
1.451702375,128.3
1.521648866,128.35
1.589082707,128.4
1.653892755,128.45
1.715973399,128.5
1.775224864,128.55
1.831553504,128.6
1.884872064,128.65
1.935099944,128.7
1.982163425,128.75
2.025995894,128.8
2.066538033,128.85
2.103737996,128.9
2.137551565,128.95
2.167942276,129
2.194881534,129.05
2.218348691,129.1
2.23833111,129.15
2.254824206,129.2
2.267831454,129.25
2.277364381,129.3
2.283442528,129.35
2.286093392,129.4
2.285352345,129.45
2.281262516,129.5
2.273874671,129.55
2.263247048,129.6
2.249445184,129.65
2.232541712,129.7
2.21261614,129.75
2.189754602,129.8
2.164049601,129.85
2.13559972,129.9
2.104509318,129.95
2.070888216,130
2.034851353,130.05
1.996518436,130.1
1.956013573,130.15
1.913464893,130.2
1.869004152,130.25
1.822766328,130.3
1.774889214,130.35
1.72551299,130.4
1.674779804,130.45
1.622833331,130.5
1.569818341,130.55
1.515880262,130.6
1.461164737,130.65
1.405817187,130.7
1.349982374,130.75
1.293803969,130.8
1.237424123,130.85
1.180983045,130.9
1.12461859,130.95
1.068465853,131
1.012656778,131.05
0.957319773,131.1
0.902579345,131.15
0.848555744,131.2
0.795364628,131.25
0.743116737,131.3
0.691917594,131.35
0.64186722,131.4
0.593059866,131.45
0.545583776,131.5
0.499520958,131.55
0.454946989,131.6
0.411930836,131.65
0.370534702,131.7
0.3308139,131.75
0.292816741,131.8
0.256584464,131.85
0.222151169,131.9
0.189543795,131.95
0.158782112,132
0.129878738,132.05
0.102839188,132.1
0.077661941,132.15
0.054338531,132.2
0.03285367,132.25
0.013185383,132.3
-0.004694822,132.35
-0.020821773,132.4
-0.035236425,132.45
-0.047985631,132.5
-0.059121894,132.55
-0.068703099,132.6
-0.07679223,132.65
-0.083457069,132.7
-0.088769876,132.75
-0.092807057,132.8
-0.095648825,132.85
-0.097378835,132.9
-0.098083821,132.95
-0.097853221,133
-0.096778789,133.05
-0.094954207,133.1
-0.092474687,133.15
-0.089436573,133.2
-0.085936942,133.25
-0.082073199,133.3
-0.07794268,133.35
-0.07364225,133.4
-0.069267912,133.45
-0.064914419,133.5
-0.060674888,133.55
-0.056640431,133.6
-0.052899789,133.65
-0.049538976,133.7
-0.046640945,133.75
-0.044285253,133.8
-0.042547754,133.85
-0.041500299,133.9
-0.041210456,133.95
-0.041741247,134
-0.043150907,134.05
-0.04549266,134.1
-0.04881451,134.15
-0.053159067,134.2
-0.05856338,134.25
-0.065058803,134.3
-0.072670878,134.35
-0.081419243,134.4
-0.091317565,134.45
-0.102373493,134.5
-0.114588639,134.55
-0.127958583,134.6
-0.142472895,134.65
-0.158115192,134.7
-0.174863204,134.75
-0.192688882,134.8
-0.211558507,134.85
-0.231432843,134.9
-0.252267292,134.95
-0.274012084,135
-0.296612483,135.05
-0.320009008,135.1
-0.34413768,135.15
-0.368930281,135.2
-0.394314633,135.25
-0.420214893,135.3
-0.446551854,135.35
-0.473243275,135.4
-0.500204206,135.45
-0.527347338,135.5
-0.55458335,135.55
-0.581821276,135.6
-0.608968868,135.65
-0.63593297,135.7
-0.662619897,135.75
-0.688935809,135.8
-0.714787098,135.85
-0.740080761,135.9
-0.76472478,135.95
-0.788628495,136
-0.811702975,136.05
-0.833861379,136.1
-0.85501931,136.15
-0.875095163,136.2
-0.894010461,136.25
-0.911690176,136.3
-0.928063043,136.35
-0.943061856,136.4
-0.95662375,136.45
-0.968690466,136.5
-0.9792086,136.55
-0.988129832,136.6
-0.995411137,136.65
-1.001014977,136.7
-1.004909471,136.75
-1.007068541,136.8
-1.007472044,136.85
-1.006105871,136.9
-1.002962032,136.95
-0.998038712,137
-0.991340311,137.05
-0.982877449,137.1
-0.972666957,137.15
-0.960731842,137.2
-0.947101225,137.25
-0.931810262,137.3
-0.914900035,137.35
-0.896417425,137.4
-0.876414965,137.45
-0.85495066,137.5
-0.832087803,137.55
-0.807894756,137.6
-0.782444717,137.65
-0.755815474,137.7
-0.728089129,137.75
-0.699351817,137.8
-0.669693399,137.85
-0.639207153,137.9
-0.607989437,137.95
-0.576139351,138
-0.543758384,138.05
-0.51095005,138.1
-0.477819515,138.15
-0.444473226,138.2
-0.411018518,138.25
-0.377563235,138.3
-0.344215333,138.35
-0.311082494,138.4
-0.278271728,138.45
-0.245888989,138.5
-0.214038784,138.55
-0.182823795,138.6
-0.152344497,138.65
-0.122698792,138.7
-0.093981648,138.75
-0.066284747,138.8
-0.03969615,138.85
-0.014299965,138.9
0.009823966,138.95
0.032600361,139
0.053958782,139.05
0.073833902,139.1
0.09216575,139.15
0.108899941,139.2
0.123987881,139.25
0.13738696,139.3
0.149060713,139.35
0.158978969,139.4
0.16711797,139.45
0.173460474,139.5
0.177995825,139.55
0.180720013,139.6
0.181635697,139.65
0.180752214,139.7
0.178085555,139.75
0.173658327,139.8
0.167499685,139.85
0.159645241,139.9
0.150136949,139.95
0.139022976,140
0.126357535,140.05
0.112200712,140.1
0.09661826,140.15
0.079681383,140.2
0.061466488,140.25
0.042054935,140.3
0.02153275,140.35
-9.66E-06,140.4
-0.022477834,140.45
-0.04577355,140.5
-0.069795193,140.55
-0.094438094,140.6
-0.119594886,140.65
-0.145155882,140.7
-0.171009451,140.75
-0.197042404,140.8
-0.223140386,140.85
-0.249188271,140.9
-0.275070562,140.95
-0.300671791,141
-0.325876918,141.05
-0.350571729,141.1
-0.374643235,141.15
-0.397980059,141.2
-0.420472826,141.25
-0.442014539,141.3
-0.462500949,141.35
-0.481830918,141.4
-0.499906768,141.45
-0.516634619,141.5
-0.531924712,141.55
-0.545691721,141.6
-0.557855044,141.65
-0.568339086,141.7
-0.577073515,141.75
-0.583993508,141.8
-0.589039968,141.85
-0.592159733,141.9
-0.593305755,141.95
-0.592437263,142
-0.589519897,142.05
-0.584525834,142.1
-0.577433875,142.15
-0.568229519,142.2
-0.556905012,142.25
-0.543459373,142.3
-0.527898395,142.35
-0.510234626,142.4
-0.49048732,142.45
-0.468682379,142.5
-0.444852256,142.55
-0.419035849,142.6
-0.391278362,142.65
-0.36163116,142.7
-0.330151586,142.75
-0.296902772,142.8
-0.261953423,142.85
-0.225377586,142.9
-0.187254403,142.95
-0.147667843,143
-0.106706421,143.05
-0.064462906,143.1
-0.021034009,143.15
0.023479935,143.2
0.068975301,143.25
0.115345511,143.3
0.16248139,143.35
0.210271517,143.4
0.258602593,143.45
0.307359803,143.5
0.356427193,143.55
0.405688035,143.6
0.45502521,143.65
0.504321571,143.7
0.55346032,143.75
0.602325374,143.8
0.650801725,143.85
0.698775798,143.9
0.746135804,143.95
0.792772074,144
0.838577399,144.05
0.883447343,144.1
0.927280558,144.15
0.969979078,144.2
1.011448603,144.25
1.051598763,144.3
1.090343377,144.35
1.127600682,144.4
1.163293556,144.45
1.197349717,144.5
1.229701908,144.55
1.260288056,144.6
1.289051418,144.65
1.315940708,144.7
1.340910195,144.75
1.363919791,144.8
1.384935112,144.85
1.403927521,144.9
1.420874146,144.95
1.435757884,145
1.448567383,145.05
1.459296996,145.1
1.467946726,145.15
1.474522142,145.2
1.479034285,145.25
1.481499547,145.3
1.481939536,145.35
1.480380922,145.4
1.476855269,145.45
1.471398847,145.5
1.464052433,145.55
1.454861093,145.6
1.443873957,145.65
1.431143972,145.7
1.416727655,145.75
1.400684827,145.8
1.383078341,145.85
1.363973804,145.9
1.343439284,145.95
1.321545025,146
1.29836314,146.05
1.273967317,146.1
1.24843251,146.15
1.221834638,146.2
1.194250278,146.25
1.165756362,146.3
1.136429878,146.35
1.106347568,146.4
1.075585642,146.45
1.044219485,146.5
1.012323383,146.55
0.979970248,146.6
0.947231355,146.65
0.914176094,146.7
0.880871725,146.75
0.847383149,146.8
0.813772694,146.85
0.780099909,146.9
0.746421377,146.95
0.712790541,147
0.679257546,147.05
0.645869097,147.1
0.612668333,147.15
0.57969472,147.2
0.546983959,147.25
0.514567914,147.3
0.482474556,147.35
0.450727925,147.4
0.419348113,147.45
0.388351261,147.5
0.357749576,147.55
0.327551368,147.6
0.297761099,147.65
0.268379458,147.7
0.23940344,147.75
0.210826458,147.8
0.182638457,147.85
0.154826051,147.9
0.127372673,147.95
0.10025874,148
0.073461827,148.05
0.046956863,148.1
0.020716331,148.15
-0.005289519,148.2
-3.11E-02,148.25
-0.056725983,148.3
-8.22E-02,148.35
-0.107626451,148.4
-0.132967122,148.45
-0.15828537,148.5
-0.183619863,148.55
-0.20900951,148.6
-0.234493192,148.65
-0.260109498,148.7
-0.285896453,148.75
-0.311891251,148.8
-0.338129995,148.85
-0.364647432,148.9
-0.391476703,148.95
-0.418649089,149
-0.446193772,149.05
-0.474137604,149.1
-0.502504874,149.15
-0.531317102,149.2
-0.560592831,149.25
-0.590347436,149.3
-0.620592943,149.35
-0.651337868,149.4
-0.682587061,149.45
-0.714341574,149.5
-0.746598535,149.55
-0.779351046,149.6
-0.812588095,149.65
-0.846294484,149.7
-0.880450775,149.75
-0.915033254,149.8
-0.950013915,149.85
-0.985360455,149.9
-1.021036296,149.95
-1.057000623,150
-1.093208434,150.05
-1.129610616,150.1
-1.166154035,150.15
-1.202781646,150.2
-1.239432616,150.25
-1.27604247,150.3
-1.31254325,150.35
-1.348863689,150.4
-1.384929403,150.45
-1.4206631,150.5
-1.455984796,150.55
-1.490812052,150.6
-1.52506022,150.65
-1.558642701,150.7
-1.591471215,150.75
-1.623456079,150.8
-1.654506498,150.85
-1.68453086,150.9
-1.713437041,150.95
-1.741132714,151
-1.767525663,151.05
-1.792524102,151.1
-1.816036997,151.15
-1.837974387,151.2
-1.86E+00,151.25
-1.876770112,151.3
-1.893456795,151.35
-1.908225304,151.4
-1.920995857,151.45
-1.931691647,151.5
-1.940239143,151.55
-1.946568387,151.6
-1.950613273,151.65
-1.952311825,151.7
-1.951606461,151.75
-1.948444244,151.8
-1.942777125,151.85
-1.934562164,151.9
-1.923761746,151.95
-1.910343776,152
-1.894281861,152.05
-1.87555547,152.1
-1.854150083,152.15
-1.830057322,152.2
-1.803275057,152.25
-1.773807499,152.3
-1.741665271,152.35
-1.706865461,152.4
-1.669431657,152.45
-1.629393952,152.5
-1.586788944,152.55
-1.541659702,152.6
-1.494055719,152.65
-1.444032844,152.7
-1.391653191,152.75
-1.336985032,152.8
-1.280102666,152.85
-1.221086272,152.9
-1.160021745,152.95
-1.097000505,153
-1.032119298,153.05
-0.965479975,153.1
-0.897189255,153.15
-0.827358469,153.2
-0.756103298,153.25
-0.683543482,153.3
-0.609802533,153.35
-0.53500742,153.4
-0.459288252,153.45
-0.382777944,153.5
-0.305611881,153.55
-0.227927565,153.6
-0.14986426,153.65
-0.071562628,153.7
0.006835636,153.75
0.085188182,153.8
0.163352374,153.85
0.241185671,153.9
0.318546005,153.95
0.395292155,154
0.471284124,154.05
0.546383514,154.1
0.620453888,154.15
0.69336114,154.2
0.764973847,154.25
0.83516362,154.3
0.903805445,154.35
0.970778014,154.4
1.035964044,154.45
1.099250588,154.5
1.16052933,154.55
1.219696868,154.6
1.276654985,154.65
1.331310897,154.7
1.383577497,154.75
1.43337357,154.8
1.480624001,154.85
1.525259957,154.9
1.567219058,154.95
1.606445523,155
1.642890298,155.05
1.676511168,155.1
1.707272845,155.15
1.735147036,155.2
1.760112491,155.25
1.782155035,155.3
1.80126757,155.35
1.817450065,155.4
1.830709522,155.45
1.841059921,155.5
1.848522147,155.55
1.853123896,155.6
1.854899558,155.65
1.85389009,155.7
1.850142861,155.75
1.843711484,155.8
1.834655627,155.85
1.823040813,155.9
1.808938195,155.95
1.792424325,156
1.773580899,156.05
1.752494495,156.1
1.729256296,156.15
1.703961796,156.2
1.676710506,156.25
1.647605634,156.3
1.61675377,156.35
1.584264555,156.4
1.550250343,156.45
1.51482586,156.5
1.478107855,156.55
1.440214747,156.6
1.401266272,156.65
1.361383121,156.7
1.320686589,156.75
1.279298209,156.8
1.237339402,156.85
1.19493112,156.9
1.152193492,156.95
1.109245486,157
1.066204559,157.05
1.023186329,157.1
0.980304245,157.15
0.937669272,157.2
0.895389579,157.25
0.853570241,157.3
0.812312953,157.35
0.771715755,157.4
0.731872767,157.45
0.692873941,157.5
0.654804829,157.55
0.617746356,157.6
0.581774622,157.65
0.546960712,157.7
0.513370518,157.75
0.481064592,157.8
0.450098002,157.85
0.420520214,157.9
0.392374989,157.95
0.365700298,158
0.340528255,158.05
0.316885072,158.1
0.294791027,158.15
0.274260454,158.2
0.25530175,158.25
0.237917402,158.3
0.222104029,158.35
0.207852444,158.4
0.195147733,158.45
0.183969355,158.5
0.174291249,158.55
0.166081968,158.6
0.159304825,158.65
0.153918052,158.7
0.149874977,158.75
0.147124215,158.8
0.14560987,158.85
0.145271754,158.9
0.146045617,158.95
0.147863383,159
0.150653407,159.05
0.154340731,159.1
0.158847359,159.15
0.164092531,159.2
0.169993011,159.25
0.17646338,159.3
0.183416332,159.35
0.190762976,159.4
0.198413143,159.45
0.206275692,159.5
0.214258826,159.55
0.222270397,159.6
0.230218219,159.65
0.23801038,159.7
0.245555549,159.75
0.252763277,159.8
0.259544308,159.85
0.265810866,159.9
0.27147695,159.95
0.276458622,160
0.280674281,160.05
0.284044931,160.1
0.286494448,160.15
0.287949825,160.2
0.28834142,160.25
0.28760318,160.3
0.285672864,160.35
0.282492247,160.4
0.278007317,160.45
0.272168455,160.5
0.264930599,160.55
0.256253403,160.6
0.24610137,160.65
0.234443979,160.7
0.221255791,160.75
0.206516544,160.8
0.190211231,160.85
0.172330157,160.9
0.152868989,160.95
1.32E-01,161
0.109215999,161.05
0.085042495,161.1
0.05932551,161.15
0.03208763,161.2
0.003356735,161.25
-0.026834064,161.3
-0.05844651,161.35
-0.091437297,161.4
-0.125758179,161.45
-0.161356097,161.5
-0.198173318,161.55
-0.236147593,161.6
-0.275212319,161.65
-0.315296719,161.7
-0.356326037,161.75
-0.398221735,161.8
-0.440901714,161.85
-0.484280533,161.9
-0.528269642,161.95
-0.572777631,162
-0.617710474,162.05
-0.66297179,162.1
-0.708463111,162.15
-0.754084148,162.2
-0.799733072,162.25
-0.845306791,162.3
-0.890701239,162.35
-0.93581166,162.4
-0.980532899,162.45
-1.024759692,162.5
-1.068386957,162.55
-1.111310087,162.6
-1.153425237,162.65
-1.194629613,162.7
-1.234821757,162.75
-1.273901827,162.8
-1.311771877,162.85
-1.348336124,162.9
-1.38350122,162.95
-1.417176508,163
-1.449274274,163.05
-1.479709993,163.1
-1.508402564,163.15
-1.535274537,163.2
-1.560252329,163.25
-1.583266432,163.3
-1.604251604,163.35
-1.623147058,163.4
-1.639896631,163.45
-1.654448944,163.5
-1.666757546,163.55
-1.676781053,163.6
-1.684483259,163.65
-1.689833251,163.7
-1.692805492,163.75
-1.693379904,163.8
-1.691541926,163.85
-1.687282563,163.9
-1.680598422,163.95
-1.67149172,164
-1.659970298,164.05
-1.646047599,164.1
-1.629742645,164.15
-1.611079992,164.2
-1.590089675,164.25
-1.566807132,164.3
-1.541273121,164.35
-1.513533616,164.4
-1.483639695,164.45
-1.451647406,164.5
-1.417617633,164.55
-1.381615932,164.6
-1.343712371,164.65
-1.303981345,164.7
-1.262501391,164.75
-1.219354977,164.8
-1.174628296,164.85
-1.128411042,164.9
-1.080796175,164.95
-1.031879684,165
-0.981760333,165.05
-0.93053941,165.1
-0.878320459,165.15
-0.825209012,165.2
-0.771312318,165.25
-0.716739057,165.3
-0.661599062,165.35
-0.606003031,165.4
-0.550062239,165.45
-0.493888248,165.5
-0.437592616,165.55
-0.381286606,165.6
-0.325080897,165.65
-0.269085295,165.7
-0.213408449,165.75
-0.158157565,165.8
-0.103438132,165.85
-0.049353645,165.9
0.003994663,165.95
0.056508082,166
0.10809068,166.05
0.158649551,166.1
0.208095056,166.15
0.256341048,166.2
0.303305096,166.25
0.348908695,166.3
0.393077464,166.35
0.435741333,166.4
0.47683472,166.45
0.516296694,166.5
0.554071124,166.55
0.590106815,166.6
0.624357633,166.65
0.656782612,166.7
0.68734605,166.75
0.716017585,166.8
0.74277226,166.85
0.767590576,166.9
0.790458518,166.95
0.811367579,167
0.83031476,167.05
0.847302553,167.1
0.862338918,167.15
0.875437234,167.2
0.886616237,167.25
0.895899946,167.3
0.903317574,167.35
0.908903416,167.4
0.912696732,167.45
0.914741609,167.5
0.915086812,167.55
0.91378562,167.6
0.910895649,167.65
0.906478664,167.7
0.900600372,167.75
0.893330212,167.8
0.884741131,167.85
0.874909342,167.9
0.863914084,167.95
0.851837363,168
0.838763693,168.05
0.824779819,168.1
0.809974439,168.15
0.794437925,168.2
0.778262025,168.25
0.761539572,168.3
7.44E-01,168.35
0.726829965,168.4
0.709031194,168.45
0.691062028,168.5
0.673016192,168.55
0.654986674,168.6
0.637065427,168.65
0.619343061,168.7
0.601908549,168.75
0.584848935,168.8
0.568249045,168.85
0.552191204,168.9
0.53675496,168.95
0.52201682,169
0.508049986,169.05
0.49492411,169.1
0.482705053,169.15
0.471454655,169.2
0.461230521,169.25
0.452085813,169.3
0.444069063,169.35
0.437223989,169.4
0.431589341,169.45
0.427198742,169.5
0.424080562,169.55
0.422257801,169.6
0.421747981,169.65
0.422563072,169.7
0.424709415,169.75
0.428187681,169.8
0.432992833,169.85
0.439114114,169.9
0.446535051,169.95
0.455233475,170
0.465181565,170.05
0.4763459,170.1
0.48868754,170.15
0.502162118,170.2
0.516719953,170.25
0.532306175,170.3
0.548860877,170.35
0.566319275,170.4
0.584611888,170.45
0.603664733,170.5
0.62339954,170.55
0.643733971,170.6
0.66458187,170.65
0.68585351,170.7
0.707455863,170.75
0.729292879,170.8
0.751265782,170.85
0.773273363,170.9
0.795212302,170.95
0.816977482,171
0.838462319,171.05
0.859559104,171.1
0.880159338,171.15
0.900154083,171.2
0.919434314,171.25
0.937891274,171.3
0.955416827,171.35
0.971903823,171.4
0.987246448,171.45
1.001340586,171.5
1.014084168,171.55
1.025377528,171.6
1.035123747,171.65
1.043228991,171.7
1.049602847,171.75
1.054158652,171.8
1.056813804,171.85
1.057490076,171.9
1.056113906,171.95
1.05261669,172
1.046935047,172.05
1.039011081,172.1
1.028792627,172.15
1.016233474,172.2
1.001293583,172.25
0.98393928,172.3
0.964143435,172.35
0.941885622,172.4
0.917152258,172.45
0.889936729,172.5
0.860239486,172.55
0.828068129,172.6
0.793437469,172.65
0.756369567,172.7
0.716893749,172.75
0.675046605,172.8
0.630871968,172.85
0.584420858,172.9
0.535751426,172.95
0.484928852,173
0.432025244,173.05
0.377119498,173.1
0.320297149,173.15
0.261650195,173.2
0.201276905,173.25
0.139281601,173.3
0.075774426,173.35
0.010871095,173.4
-0.055307379,173.45
-0.12263497,173.5
-0.190980944,173.55
-0.260210181,173.6
-0.330183502,173.65
-0.400758028,173.7
-0.471787532,173.75
-0.543122819,173.8
-0.614612106,173.85
-0.686101419,173.9
-0.757434995,173.95
-0.828455692,174
-0.899005406,174.05
-0.968925496,174.1
-1.038057203,174.15
-1.106242087,174.2
-1.173322449,174.25
-1.239141769,174.3
-1.303545129,174.35
-1.366379643,174.4
-1.427494879,174.45
-1.486743277,174.5
-1.543980561,174.55
-1.599066146,174.6
-1.651863529,174.65
-1.702240681,174.7
-1.750070415,174.75
-1.795230757,174.8
-1.837605288,174.85
-1.877083485,174.9
-1.913561038,174.95
-1.946940153,175
-1.97712984,175.05
-2.004046181,175.1
-2.027612576,175.15
-2.047759978,175.2
-2.064427092,175.25
-2.077560574,175.3
-2.087115188,175.35
-2.093053949,175.4
-2.095348251,175.45
-2.093977956,175.5
-2.088931472,175.55
-2.080205799,175.6
-2.067806561,175.65
-2.051748,175.7
-2.03205296,175.75
-2.008752837,175.8
-1.981887509,175.85
-1.951505243,175.9
-1.917662573,175.95
-1.880424166,176
-1.839862651,176.05
-1.796058436,176.1
-1.749099502,176.15
-1.699081169,176.2
-1.646105848,176.25
-1.590282775,176.3
-1.531727718,176.35
-1.470562671,176.4
-1.406915533,176.45
-1.340919765,176.5
-1.272714037,176.55
-1.202441855,176.6
-1.130251185,176.65
-1.05629405,176.7
-0.980726133,176.75
-0.903706358,176.8
-0.825396468,176.85
-0.745960596,176.9
-0.665564829,176.95
-0.584376768,177
-0.502565086,177.05
-0.420299082,177.1
-0.337748239,177.15
-0.255081776,177.2
-0.17246821,177.25
-0.090074915,177.3
-0.008067691,177.35
0.073389663,177.4
0.154135771,177.45
0.234012088,177.5
0.312863302,177.55
0.390537724,177.6
0.466887665,177.65
0.541769799,177.7
0.615045515,177.75
0.686581251,177.8
0.756248811,177.85
0.823925663,177.9
0.88949523,177.95
0.952847142,178
1.013877489,178.05
1.072489042,178.1
1.128591454,178.15
1.182101442,178.2
1.232942949,178.25
1.281047277,178.3
1.326353206,178.35
1.36880708,178.4
1.408362883,178.45
1.444982278,178.5
1.478634632,178.55
1.509297019,178.6
1.536954188,178.65
1.561598527,178.7
1.583229986,178.75
1.60185599,178.8
1.617491328,178.85
1.630158015,178.9
1.639885142,178.95
1.646708699,179
1.650671382,179.05
1.651822381,179.1
1.650217149,179.15
1.645917158,179.2
1.63898963,179.25
1.629507263,179.3
1.61754794,179.35
1.603194417,179.4
1.586534013,179.45
1.567658276,179.5
1.546662647,179.55
1.523646115,179.6
1.498710858,179.65
1.471961886,179.7
1.443506676,179.75
1.413454801,179.8
1.381917558,179.85
1.349007596,179.9
1.314838545,179.95
1.279524639,180
1.243180352,180.05
1.205920027,180.1
1.167857519,180.15
1.12910584,180.2
1.089776807,180.25
1.049980704,180.3
1.009825955,180.35
0.969418798,180.4
0.928862979,180.45
0.888259456,180.5
0.847706113,180.55
0.807297492,180.6
0.767124539,180.65
0.727274362,180.7
0.687830008,180.75
0.648870261,180.8
0.610469449,180.85
0.572697272,180.9
0.535618655,180.95
0.499293608,181
0.463777115,181.05
0.429119035,181.1
0.395364031,181.15
0.362551507,181.2
0.330715575,181.25
0.299885036,181.3
0.270083382,181.35
0.241328815,181.4
0.213634293,181.45
0.187007579,181.5
0.161451328,181.55
0.136963173,181.6
0.113535846,181.65
0.091157299,181.7
0.069810855,181.75
0.049475368,181.8
0.030125395,181.85
0.011731394,181.9
-0.005740081,181.95
-0.022326158,182
-0.038067421,182.05
-0.053007674,182.1
-0.067193689,182.15
-0.08067495,182.2
-0.093503391,182.25
-0.105733121,182.3
-0.117420146,182.35
-0.128622092,182.4
-0.139397913,182.45
-0.149807608,182.5
-0.159911927,182.55
-0.169772083,182.6
-0.179449462,182.65
-0.189005336,182.7
-0.198500574,182.75
-0.207995367,182.8
-0.217548944,182.85
-0.227219306,182.9
-0.237062963,182.95
-0.24713467,183
-0.257487186,183.05
-0.268171035,183.1
-0.279234271,183.15
-0.290722268,183.2
-0.302677509,183.25
-0.315139396,183.3
-0.328144064,183.35
-0.341724223,183.4
-0.355908996,183.45
-0.370723786,183.5
-0.386190153,183.55
-0.402325703,183.6
-0.419143998,183.65
-0.436654481,183.7
-0.454862415,183.75
-0.473768837,183.8
-0.493370536,183.85
-0.513660035,183.9
-0.534625605,183.95
-0.556251277,184
-0.578516889,184.05
-0.601398132,184.1
-0.624866623,184.15
-0.648889987,184.2
-0.673431961,184.25
-0.698452499,184.3
-0.723907909,184.35
-0.749750986,184.4
-0.775931169,184.45
-0.80239471,184.5
-0.829084845,184.55
-0.855941988,184.6
-0.882903926,184.65
-0.909906029,184.7
-0.936881466,184.75
-0.963761427,184.8
-0.99047536,184.85
-1.016951201,184.9
-1.043115624,184.95
-1.068894283,185
-1.094212062,185.05
-1.118993333,185.1
-1.143162206,185.15
-1.166642786,185.2
-1.189359429,185.25
-1.211236997,185.3
-1.232201106,185.35
-1.252178382,185.4
-1.271096703,185.45
-1.288885441,185.5
-1.305475699,185.55
-1.320800542,185.6
-1.33479522,185.65
-1.347397384,185.7
-1.358547291,185.75
-1.36818801,185.8
-1.376265604,185.85
-1.382729314,185.9
-1.387531726,185.95
-1.39062893,186
-1.391980665,186.05
-1.391550451,186.1
-1.389305717,186.15
-1.385217903,186.2
-1.379262562,186.25
-1.371419438,186.3
-1.361672541,186.35
-1.350010198,186.4
-1.336425099,186.45
-1.320914324,186.5
-1.303479362,186.55
-1.284126107,186.6
-1.262864854,186.65
-1.239710268,186.7
-1.214681349,186.75
-1.187801384,186.8
-1.159097877,186.85
-1.128602484,186.9
-1.096350917,186.95
-1.06238285,187
-1.02674181,187.05
-0.989475055,187.1
-0.950633448,187.15
-0.910271313,187.2
-0.868446291,187.25
-0.82521918,187.3
-0.780653776,187.35
-0.734816697,187.4
-0.687777206,187.45
-0.639607031,187.5
-0.590380172,187.55
-0.540172712,187.6
-0.489062615,187.65
-0.437129533,187.7
-0.384454596,187.75
-0.331120215,187.8
-0.27720987,187.85
-0.222807911,187.9
-0.167999346,187.95
-0.112869644,188
-0.057504524,188.05
-0.001989759,188.1
0.053589021,188.15
0.109146529,188.2
0.164598006,188.25
0.219859411,188.3
0.274847604,188.35
0.329480517,188.4
0.38367733,188.45
0.437358631,188.5
0.490446576,188.55
0.542865039,188.6
0.594539755,188.65
0.645398456,188.7
0.695370997,188.75
0.74438948,188.8
0.792388359,188.85
0.839304552,188.9
0.885077525,188.95
0.929649388,189
0.972964964,189.05
1.014971866,189.1
1.055620547,189.15
1.094864362,189.2
1.132659602,189.25
1.168965537,189.3
1.203744433,189.35
1.236961578,189.4
1.268585289,189.45
1.298586917,189.5
1.326940837,189.55
1.353624443,189.6
1.378618126,189.65
1.401905246,189.7
1.423472109,189.75
1.443307919,189.8
1.461404743,189.85
1.477757462,189.9
1.492363714,189.95
1.505223842,190
1.516340827,190.05
1.52572023,190.1
1.533370118,190.15
1.539300994,190.2
1.543525728,190.25
1.546059474,190.3
1.546919597,190.35
1.546125594,190.4
1.543699012,190.45
1.539663368,190.5
1.53404407,190.55
1.526868332,190.6
1.518165097,190.65
1.507964951,190.7
1.49630005,190.75
1.483204038,190.8
1.468711965,190.85
1.452860221,190.9
1.435686451,190.95
1.41722949,191
1.397529287,191.05
1.376626838,191.1
1.35456412,191.15
1.331384026,191.2
1.307130299,191.25
1.281847478,191.3
1.255580834,191.35
1.228376319,191.4
1.200280507,191.45
1.171340547,191.5
1.141604112,191.55
1.111119348,191.6
1.079934834,191.65
1.048099531,191.7
1.015662745,191.75
0.982674081,191.8
0.949183405,191.85
0.915240804,191.9
0.880896547,191.95
0.846201046,192
0.811204819,192.05
0.775958453,192.1
0.740512567,192.15
0.704917768,192.2
0.669224621,192.25
0.633483602,192.3
0.597745064,192.35
0.562059188,192.4
0.526475948,192.45
0.491045062,192.5
0.455815946,192.55
0.420837666,192.6
0.38615889,192.65
0.351827833,192.7
0.317892204,192.75
0.284399147,192.8
0.251395184,192.85
0.218926152,192.9
0.187037138,192.95
0.155772411,193
0.125175354,193.05
0.095288389,193.1
0.066152905,193.15
0.037809179,193.2
0.010296296,193.25
-0.016347931,193.3
-0.042087048,193.35
-0.066886043,193.4
-0.090711435,193.45
-0.113531362,193.5
-0.135315671,193.55
-0.156036009,193.6
-0.175665918,193.65
-0.194180919,193.7
-0.211558611,193.75
-0.227778759,193.8
-0.242823386,193.85
-0.25667686,193.9
-0.269325985,193.95
-0.280760081,194
-0.290971076,194.05
-0.299953577,194.1
-0.307704953,194.15
-0.314225405,194.2
-0.319518037,194.25
-0.323588918,194.3
-0.326447141,194.35
-0.328104879,194.4
-0.328577427,194.45
-0.327883248,194.5
-0.326044002,194.55
-0.323084573,194.6
-0.319033089,194.65
-0.313920932,194.7
-0.307782734,194.75
-0.300656378,194.8
-0.292582974,194.85
-0.283606834,194.9
-0.27377544,194.95
-0.263139391,195
-0.25175235,195.05
-0.239670977,195.1
-0.226954849,195.15
-0.213666373,195.2
-0.199870683,195.25
-0.185635535,195.3
-0.171031182,195.35
-0.156130243,195.4
-0.141007558,195.45
-0.125740038,195.5
-0.110406498,195.55
-0.095087486,195.6
-0.079865097,195.65
-0.064822779,195.7
-0.050045131,195.75
-0.03561769,195.8
-0.021626715,195.85
-0.008158954,195.9
0.004698592,195.95
0.016858907,196
0.02823521,196.05
0.038741214,196.1
0.048291378,196.15
0.056801177,196.2
0.064187367,196.25
0.070368251,196.3
0.075263959,196.35
0.078796712,196.4
0.080891101,196.45
0.08147436,196.5
0.080476632,196.55
0.077831244,196.6
0.073474969,196.65
0.067348287,196.7
0.059395644,196.75
0.049565701,196.8
0.037811576,196.85
0.024091082,196.9
0.008366952,196.95
-0.009392943,197
-0.029215389,197.05
-0.05112163,197.1
-0.075127191,197.15
-0.101241702,197.2
-0.129468746,197.25
-0.159805718,197.3
-0.192243694,197.35
-0.226767328,197.4
-0.263354752,197.45
-0.301977503,197.5
-0.342600466,197.55
-0.385181832,197.6
-0.429673074,197.65
-0.476018953,197.7
-0.524157524,197.75
-0.574020185,197.8
-0.625531724,197.85
-0.678610403,197.9
-0.733168053,197.95
-0.789110192,198
-0.846336163,198.05
-0.904739292,198.1
-0.964207069,198.15
-1.024621342,198.2
-1.085858537,198.25
-1.147789897,198.3
-1.210281732,198.35
-1.273195697,198.4
-1.336389084,198.45
-1.399715124,198.5
-1.463023322,198.55
-1.526159788,198.6
-1.588967598,198.65
-1.651287161,198.7
-1.7129566,198.75
-1.773812152,198.8
-1.833688564,198.85
-1.892419518,198.9
-1.94983805,198.95
-2.005776982,199
-2.060069364,199.05
-2.112548914,199.1
-2.163050469,199.15
-2.211410436,199.2
-2.257467243,199.25
-2.301061791,199.3
-2.34203791,199.35
-2.380242803,199.4
-2.415527496,199.45
-2.447747276,199.5
-2.476762124,199.55
-2.502437145,199.6
-2.524642982,199.65
-2.543256225,199.7
-2.558159802,199.75
-2.569243367,199.8
-2.576403665,199.85
-2.579544882,199.9
-2.578578987,199.95
-2.573426046,200
-2.564014526,200.05
-2.550281569,200.1
-2.532173259,200.15
-2.509644854,200.2
-2.482661004,200.25
-2.451195945,200.3
-2.415233664,200.35
-2.374768044,200.4
-2.329802984,200.45
-2.280352491,200.5
-2.226440746,200.55
-2.168102145,200.6
-2.105381314,200.65
-2.038333094,200.7
-1.967022498,200.75
-1.891524648,200.8
-1.81192468,200.85
-1.728317619,200.9
-1.640808231,200.95
-1.549510851,201
-1.45454918,201.05
-1.356056058,201.1
-1.254173214,201.15
-1.149050988,201.2
-1.040848031,201.25
-0.929730981,201.3
-0.81587412,201.35
-0.699459005,201.4
-0.580674081,201.45
-0.459714274,201.5
-0.336780566,201.55
-0.212079555,201.6
-0.085822991,201.65
0.04177269,201.7
0.170486857,201.75
0.300095181,201.8
0.430370145,201.85
0.561081561,201.9
0.6919971,201.95
0.822882821,202
0.953503711,202.05
1.083624227,202.1
1.213008838,202.15
1.34142257,202.2
1.46863155,202.25
1.594403544,202.3
1.718508494,202.35
1.84071905,202.4
1.960811095,202.45
2.078564257,202.5
2.193762418,202.55
2.306194205,202.6
2.415653477,202.65
2.521939789,202.7
2.624858845,202.75
2.724222939,202.8
2.819851367,202.85
2.911570835,202.9
2.999215835,202.95
3.082629007,203
3.161661477,203.05
3.236173175,203.1
3.306033127,203.15
3.371119723,203.2
3.431320964,203.25
3.486534681,203.3
3.536668728,203.35
3.581641152,203.4
3.621380331,203.45
3.655825097,203.5
3.684924815,203.55
3.708639453,203.6
3.726939611,203.65
3.739806535,203.7
3.747232092,203.75
3.749218735,203.8
3.745779423,203.85
3.736937532,203.9
3.72272673,203.95
3.703190834,204
3.67838364,204.05
3.648368729,204.1
3.613219252,204.15
3.573017697,204.2
3.527855624,204.25
3.477833395,204.3
3.423059871,204.35
3.363652103,204.4
3.299734996,204.45
3.231440964,204.5
3.158909569,204.55
3.082287147,204.6
3.001726415,204.65
2.917386079,204.7
2.829430424,204.75
2.738028897,204.8
2.643355683,204.85
2.545589277,204.9
2.44491205,204.95
2.341509808,205
2.235571359,205.05
2.127288068,205.1
2.016853419,205.15
1.904462577,205.2
1.790311952,205.25
1.674598772,205.3
1.557520654,205.35
1.439275184,205.4
1.32005951,205.45
1.200069937,205.5
1.079501532,205.55
0.958547743,205.6
0.837400027,205.65
0.716247493,205.7
0.595276553,205.75
0.474670591,205.8
0.354609647,205.85
0.235270112,205.9
0.116824442,205.95
-0.000559109,206
-0.116716749,206.05
-0.231489382,206.1
-0.344722826,206.15
-4.56E-01,206.2
-0.56598119,206.25
-0.673724055,206.3
-0.779363931,206.35
-0.882773891,206.4
-0.983832862,206.45
-1.08242573,206.5
-1.178443414,206.55
-1.271782925,206.6
-1.362347412,206.65
-1.450046187,206.7
-1.534794738,206.75
-1.616514722,206.8
-1.695133948,206.85
-1.770586339,206.9
-1.842811885,206.95
-1.91E+00,207
-1.977372358,207.05
-2.039616981,207.1
-2.098453969,207.15
-2.153852477,207.2
-2.205787177,207.25
-2.254238138,207.3
-2.299190681,207.35
-2.340635246,207.4
-2.378567237,207.45
-2.412986867,207.5
-2.443899003,207.55
-2.471312996,207.6
-2.49524252,207.65
-2.515705398,207.7
-2.532723433,207.75
-2.546322236,207.8
-2.556531053,207.85
-2.563382593,207.9
-2.566912861,207.95
-2.567160986,208
-2.564169057,208.05
-2.55798196,208.1
-2.548647218,208.15
-2.536214842,208.2
-2.520737174,208.25
-2.502268746,208.3
-2.480866144,208.35
-2.456587871,208.4
-2.429494223,208.45
-2.399647167,208.5
-2.367110231,208.55
-2.331948398,208.6
-2.294228005,208.65
-2.254016651,208.7
-2.211383115,208.75
-2.166397282,208.8
-2.119130063,208.85
-2.069653345,208.9
-2.018039925,208.95
-1.964363466,209
-1.908698454,209.05
-1.851120162,209.1
-1.791704619,209.15
-1.730528584,209.2
-1.667669531,209.25
-1.60320563,209.3
-1.53721574,209.35
-1.469779403,209.4
-1.400976836,209.45
-1.330888941,209.5
-1.259597299,209.55
-1.187184181,209.6
-1.113732547,209.65
-1.039326063,209.7
-0.9640491,209.75
-0.887986742,209.8
-0.811224796,209.85
-0.733849793,209.9
-0.655948993,209.95
-0.577610384,210
-0.498922676,210.05
-0.419975302,210.1
-0.340858399,210.15
-0.261662798,210.2
-0.182480004,210.25
-0.103402166,210.3
-0.024522051,210.35
0.054066998,210.4
0.132271103,210.45
0.209995903,210.5
0.287146613,210.55
0.363628089,210.6
0.439344898,210.65
0.514201403,210.7
0.588101848,210.75
0.660950452,210.8
0.732651518,210.85
0.803109541,210.9
0.872229325,210.95
0.939916113,211
1.006075719,211.05
1.070614669,211.1
1.133440349,211.15
1.194461156,211.2
1.253586665,211.25
1.310727787,211.3
1.365796947,211.35
1.418708255,211.4
1.469377692,211.45
1.517723287,211.5
1.563665313,211.55
1.607126467,211.6
1.648032074,211.65
1.69E+00,211.7
1.721892193,211.75
1.754712197,211.8
1.784708021,211.85
1.811820991,211.9
1.835996208,211.95
1.857182733,212
1.875333769,212.05
1.890406836,212.1
1.902363942,212.15
1.911171754,212.2
1.916801746,212.25
1.919230359,212.3
1.918439135,212.35
1.914414856,212.4
1.907149659,212.45
1.896641155,212.5
1.882892525,212.55
1.865912612,212.6
1.845715992,212.65
1.822323044,212.7
1.795759994,212.75
1.766058951,212.8
1.733257933,212.85
1.697400868,212.9
1.658537587,212.95
1.616723801,213
1.57202106,213.05
1.524496696,213.1
1.474223753,213.15
1.4212809,213.2
1.365752326,213.25
1.307727619,213.3
1.247301634,213.35
1.184574338,213.4
1.119650646,213.45
1.052640237,213.5
0.983657359,213.55
0.912820616,213.6
0.840252745,213.65
0.766080373,213.7
0.690433771,213.75
0.613446583,213.8
0.535255558,213.85
0.456000255,213.9
0.375822753,213.95
0.294867339,214
0.213280196,214.05
0.131209079,214.1
0.048802986,214.15
-0.033788177,214.2
-0.116413941,214.25
-0.198923612,214.3
-0.281166622,214.35
-0.362992878,214.4
-0.444253111,214.45
-0.524799229,214.5
-0.604484658,214.55
-0.683164698,214.6
-0.760696858,214.65
-0.836941198,214.7
-0.911760659,214.75
-0.985021392,214.8
-1.056593074,214.85
-1.126349219,214.9
-1.194167474,214.95
-1.259929917,215
-1.323523325,215.05
-1.384839445,215.1
-1.443775246,215.15
-1.500233155,215.2
-1.55412128,215.25
-1.605353619,215.3
-1.65385025,215.35
-1.699537506,215.4
-1.74234813,215.45
-1.782221416,215.5
-1.819103329,215.55
-1.852946601,215.6
-1.883710823,215.65
-1.911362499,215.7
-1.935875092,215.75
-1.96E+00,215.8
-1.975411802,215.85
-1.990417753,215.9
-2.002248234,215.95
-2.010911456,216
-2.016422432,216.05
-2.01880288,216.1
-2.018081111,216.15
-2.014291895,216.2
-2.007476316,216.25
-1.997681596,216.3
-1.984960918,216.35
-1.969373221,216.4
-1.950982984,216.45
-1.929859992,216.5
-1.906079095,216.55
-1.879719946,216.6
-1.850866731,216.65
-1.819607884,216.7
-1.786035796,216.75
-1.750246511,216.8
-1.712339414,216.85
-1.672416915,216.9
-1.630584122,216.95
-1.586948511,217
-1.54161959,217.05
-1.494708567,217.1
-1.446328005,217.15
-1.396591486,217.2
-1.345613268,217.25
-1.293507952,217.3
-1.240390142,217.35
-1.186374118,217.4
-1.131573507,217.45
-1.076100963,217.5
-1.020067853,217.55
-0.963583955,217.6
-0.906757156,217.65
-0.849693173,217.7
-0.79249527,217.75
-0.735264001,217.8
-0.678096954,217.85
-0.621088518,217.9
-0.564329656,217.95
-0.507907698,218
-0.451906147,218.05
-0.396404505,218.1
-0.341478105,218.15
-0.287197976,218.2
-0.233630711,218.25
-0.180838357,218.3
-0.12887833,218.35
-0.077803336,218.4
-0.027661317,218.45
0.021504582,218.5
0.069656037,218.55
0.116759541,218.6
0.16278639,218.65
0.207712646,218.7
0.251519085,218.75
0.294191129,218.8
0.335718758,218.85
0.37609641,218.9
0.415322859,218.95
0.453401089,219
0.490338139,219.05
0.526144948,219.1
0.560836178,219.15
0.594430029,219.2
0.626948038,219.25
0.658414878,219.3
0.688858134,219.35
0.718308077,219.4
0.746797435,219.45
0.774361145,219.5
0.801036112,219.55
0.826860955,219.6
0.85187575,219.65
0.876121779,219.7
0.899641262,219.75
0.922477103,219.8
0.944672628,219.85
0.966271327,219.9
0.9873166,219.95
1.007851503,220
1.027918503,220.05
1.047559234,220.1
1.066814261,220.15
1.085722854,220.2
1.104322766,220.25
1.122650024,220.3
1.140738727,220.35
1.158620853,220.4
1.176326083,220.45
1.193881635,220.5
1.211312105,220.55
1.228639327,220.6
1.245882248,220.65
1.263056812,220.7
1.280175858,220.75
1.297249043,220.8
1.314282765,220.85
1.331280113,220.9
1.348240827,220.95
1.365161278,221
1.382034455,221.05
1.398849978,221.1
1.415594119,221.15
1.432249842,221.2
1.448796855,221.25
1.465211681,221.3
1.481467738,221.35
1.497535438,221.4
1.513382297,221.45
1.528973059,221.5
1.54426983,221.55
1.559232229,221.6
1.573817545,221.65
1.587980907,221.7
1.601675464,221.75
1.614852576,221.8
1.627462006,221.85
1.639452129,221.9
1.65077014,221.95
1.661362274,222
1.671174023,222.05
1.680150367,222.1
1.688235997,222.15
1.69537555,222.2
1.701513838,222.25
1.706596079,222.3
1.710568132,222.35
1.713376722,222.4
1.714969668,222.45
1.715296108,222.5
1.714306716,222.55
1.711953914,222.6
1.708192083,222.65
1.70297776,222.7
1.696269833,222.75
1.688029722,222.8
1.678221558,222.85
1.666812347,222.9
1.653772121,222.95
1.639074087,223
1.622694755,223.05
1.604614059,223.1
1.584815466,223.15
1.563286067,223.2
1.540016663,223.25
1.515001826,223.3
1.488239961,223.35
1.459733338,223.4
1.429488124,223.45
1.397514391,223.5
1.363826118,223.55
1.328441169,223.6
1.291381271,223.65
1.252671962,223.7
1.212342538,223.75
1.170425987,223.8
1.126958896,223.85
1.081981364,223.9
1.035536892,223.95
0.987672262,224
0.938437411,224.05
0.887885286,224.1
0.836071699,224.15
0.783055164,224.2
0.728896729,224.25
0.673659806,224.3
0.617409981,224.35
0.560214833,224.4
0.502143733,224.45
0.443267652,224.5
0.383658954,224.55
0.323391192,224.6
0.262538902,224.65
0.201177394,224.7
0.139382542,224.75
0.077230575,224.8
0.014797872,224.85
-0.047839244,224.9
-0.110604709,224.95
-0.173422916,225
-0.236218907,225.05
-0.298918565,225.1
-0.361448793,225.15
-0.423737694,225.2
-0.485714735,225.25
-0.54731091,225.3
-0.608458893,225.35
-0.669093178,225.4
-0.729150213,225.45
-0.788568526,225.5
-0.847288831,225.55
-0.905254138,225.6
-0.962409835,225.65
-1.018703775,225.7
-1.074086336,225.75
-1.12851048,225.8
-1.181931796,225.85
-1.234308534,225.9
-1.285601617,225.95
-1.335774658,226
-1.384793947,226.05
-1.432628442,226.1
-1.479249736,226.15
-1.524632021,226.2
-1.56875204,226.25
-1.611589023,226.3
-1.65312462,226.35
-1.69334282,226.4
-1.732229861,226.45
-1.769774137,226.5
-1.805966086,226.55
-1.840798084,226.6
-1.874264318,226.65
-1.906360668,226.7
-1.937084571,226.75
-1.966434887,226.8
-1.99441176,226.85
-2.021016476,226.9
-2.046251317,226.95
-2.070119414,227
-2.092624603,227.05
-2.113771278,227.1
-2.13356424,227.15
-2.15200856,227.2
-2.169109434,227.25
-2.184872043,227.3
-2.199301422,227.35
-2.212402329,227.4
-2.224179122,227.45
-2.23463564,227.5
-2.243775093,227.55
-2.251599961,227.6
-2.258111895,227.65
-2.263311634,227.7
-2.267198929,227.75
-2.26977247,227.8
-2.271029839,227.85
-2.270967454,227.9
-2.269580539,227.95
-2.266863099,228
-2.262807908,228.05
-2.257406508,228.1
-2.250649218,228.15
-2.24252516,228.2
-2.233022292,228.25
-2.222127455,228.3
-2.209826434,228.35
-2.196104024,228.4
-2.180944114,228.45
-2.16432978,228.5
-2.146243391,228.55
-2.126666716,228.6
-2.105581057,228.65
-2.082967378,228.7
-2.058806448,228.75
-2.033078995,228.8
-2.005765861,228.85
-1.976848175,228.9
-1.946307518,228.95
-1.91412611,229
-1.880286985,229.05
-1.844774188,229.1
-1.807572958,229.15
-1.768669926,229.2
-1.728053309,229.25
-1.685713104,229.3
-1.641641288,229.35
-1.595832007,229.4
-1.54828177,229.45
-1.498989637,229.5
-1.447957406,229.55
-1.39518979,229.6
-1.340694592,229.65
-1.284482872,229.7
-1.226569105,229.75
-1.166971332,229.8
-1.105711303,229.85
-1.042814602,229.9
-0.978310773,229.95
-0.912233423,230
-0.844620319,230.05
-0.775513468,230.1
-0.704959185,230.15
-0.633008148,230.2
-0.559715435,230.25
-0.485140543,230.3
-0.4093474,230.35
-0.332404353,230.4
-0.254384139,230.45
-0.175363848,230.5
-0.095424854,230.55
-0.014652746,230.6
0.066862772,230.65
0.149027993,230.7
0.231745329,230.75
0.314913468,230.8
0.398427527,230.85
4.82E-01,230.9
0.566057126,230.95
0.649946753,231
0.73373091,231.05
0.817289872,231.1
0.900501652,231.15
0.983242266,231.2
1.06538601,231.25
1.146805758,231.3
1.227373256,231.35
1.306959441,231.4
1.385434757,231.45
1.462669485,231.5
1.538534079,231.55
1.612899508,231.6
1.685637601,231.65
1.756621395,231.7
1.825725493,231.75
1.89E+00,231.8
1.957802924,231.85
2.020536445,231.9
2.080911344,231.95
2.138815308,232
2.194139681,232.05
2.246779796,232.1
2.296635304,232.15
2.343610492,232.2
2.387614591,232.25
2.428562075,232.3
2.466372946,232.35
2.500973007,232.4
2.532294119,232.45
2.560274447,232.5
2.584858682,232.55
2.605998256,232.6
2.623651531,232.65
2.637783973,232.7
2.648368302,232.75
2.65538463,232.8
2.658820569,232.85
2.658671324,232.9
2.654939761,232.95
2.647636452,233
2.6367797,233.05
2.62239554,233.1
2.604517716,233.15
2.583187634,233.2
2.558454294,233.25
2.530374201,233.3
2.499011243,233.35
2.464436559,233.4
2.426728376,233.45
2.385971825,233.5
2.342258739,233.55
2.295687429,233.6
2.246362432,233.65
2.194394251,233.7
2.139899067,233.75
2.082998439,233.8
2.02381898,233.85
1.962492022,233.9
1.899153265,233.95
1.833942409,234
1.767002778,234.05
1.698480923,234.1
1.628526227,234.15
1.557290488,234.2
1.484927505,234.25
1.411592648,234.3
1.337442429,234.35
1.262634066,234.4
1.187325047,234.45
1.111672689,234.5
1.035833703,234.55
0.959963753,234.6
0.884217028,234.65
0.80874581,234.7
0.733700052,234.75
0.659226968,234.8
0.585470619,234.85
0.512571525,234.9
0.440666278,234.95
0.369887169,235
0.300361836,235.05
0.23221292,235.1
0.165557738,235.15
0.10050798,235.2
0.037169414,235.25
-0.024358374,235.3
-0.083982238,235.35
-0.141615694,235.4
-0.197179128,235.45
-0.250599976,235.5
-0.301812886,235.55
-0.35075985,235.6
-0.397390319,235.65
-0.441661286,235.7
-0.483537348,235.75
-0.522990746,235.8
-0.560001369,235.85
-0.594556746,235.9
-0.626652004,235.95
-0.656289802,236
-0.683480247,236.05
-0.708240776,236.1
-0.730596019,236.15
-0.75057764,236.2
-0.768224154,236.25
-0.783580718,236.3
-0.796698907,236.35
-0.807636464,236.4
-0.816457035,236.45
-0.82322988,236.5
-0.828029574,236.55
-0.830935681,236.6
-0.832032422,236.65
-0.831408327,236.7
-0.829155868,236.75
-0.825371088,236.8
-0.820153216,236.85
-0.813604274,236.9
-0.805828675,236.95
-0.796932819,237
-0.787024679,237.05
-0.776213392,237.1
-0.764608837,237.15
-0.752321222,237.2
-0.739460673,237.25
-0.726136818,237.3
-0.712458381,237.35
-0.698532785,237.4
-0.684465752,237.45
-0.670360923,237.5
-0.656319481,237.55
-0.642439785,237.6
-0.628817024,237.65
-0.615542875,237.7
-0.602705185,237.75
-0.590387663,237.8
-0.578669589,237.85
-0.56762555,237.9
-0.557325183,237.95
-0.547832948,238
-0.539207916,238.05
-0.53150358,238.1
-0.524767691,238.15
-0.519042114,238.2
-0.514362706,238.25
-0.510759221,238.3
-0.508255236,238.35
-0.506868106,238.4
-0.506608935,238.45
-0.50748258,238.5
-0.509487671,238.55
-0.512616664,238.6
-0.516855909,238.65
-0.522185749,238.7
-0.528580633,238.75
-0.536009263,238.8
-0.544434756,238.85
-0.553814823,238.9
-0.56410198,238.95
-0.57524377,239
-0.587183006,239.05
-0.599858033,239.1
-0.613203006,239.15
-0.627148183,239.2
-0.641620233,239.25
-0.656542561,239.3
-0.671835638,239.35
-0.687417348,239.4
-0.703203341,239.45
-0.719107398,239.5
-0.735041795,239.55
-0.750917685,239.6
-0.766645469,239.65
-0.782135182,239.7
-0.797296874,239.75
-0.812040989,239.8
-0.826278746,239.85
-0.839922517,239.9
-0.852886196,239.95
-0.865085563,240
-0.876438645,240.05
-0.886866062,240.1
-0.896291366,240.15
-0.904641368,240.2
-0.911846449,240.25
-0.917840863,240.3
-0.922563021,240.35
-0.925955757,240.4
-0.927966582,240.45
-0.928547914,240.5
-0.927657292,240.55
-0.925257573,240.6
-0.921317101,240.65
-0.91580986,240.7
-0.908715604,240.75
-0.900019965,240.8
-0.889714536,240.85
-0.877796933,240.9
-0.864270834,240.95
-0.849145993,241
-0.832438229,241.05
-0.814169395,241.1
-0.794367324,241.15
-0.773065745,241.2
-0.750304185,241.25
-0.726127839,241.3
-0.70058743,241.35
-0.673739033,241.4
-0.64564389,241.45
-0.616368202,241.5
-0.585982893,241.55
-0.554563367,241.6
-0.522189244,241.65
-0.488944073,241.7
-0.454915038,241.75
-0.420192643,241.8
-0.38487039,241.85
-0.349044438,241.9
-0.312813253,241.95
-0.276277255,242
-0.239538448,242.05
-0.202700048,242.1
-0.165866101,242.15
-0.129141106,242.2
-0.092629624,242.25
-0.056435897,242.3
-0.020663455,242.35
0.014585261,242.4
0.049209287,242.45
0.083109509,242.5
0.116189033,242.55
0.148353552,242.6
0.179511698,242.65
0.209575386,242.7
0.238460147,242.75
0.266085453,242.8
0.292375015,242.85
0.317257083,242.9
0.340664715,242.95
0.362536041,243
0.382814499,243.05
0.401449055,243.1
0.418394411,243.15
0.433611178,243.2
0.44706604,243.25
0.45873189,243.3
0.468587946,243.35
0.476619841,243.4
0.482819691,243.45
0.487186147,243.5
0.489724408,243.55
0.490446223,243.6
0.489369865,243.65
0.486520079,243.7
0.481928011,243.75
0.47563111,243.8
0.467673007,243.85
0.458103374,243.9
0.446977757,243.95
0.434357394,244
0.420309005,244.05
0.404904564,244.1
0.388221055,244.15
0.370340204,244.2
0.351348202,244.25
0.3313354,244.3
0.310395997,244.35
0.288627714,244.4
0.266131449,244.45
0.243010924,244.5
0.219372323,244.55
0.195323917,244.6
0.170975683,244.65
0.146438916,244.7
0.121825837,244.75
0.097249194,244.8
0.072821865,244.85
0.048656459,244.9
0.024864914,244.95
0.0015581,245
-0.021154575,245.05
-0.043165551,245.1
-0.064369504,245.15
-0.084663718,245.2
-0.103948454,245.25
-0.122127304,245.3
-0.139107537,245.35
-0.15480043,245.4
-0.169121588,245.45
-0.181991246,245.5
-0.193334557,245.55
-0.203081859,245.6
-2.11E-01,245.65
-0.217537224,245.7
-0.222134071,245.75
-0.224912887,245.8
-0.225833332,245.85
-0.224861468,245.9
-0.221969882,245.95
-0.21713779,246
-0.210351123,246.05
-0.201602582,246.1
-0.190891673,246.15
-0.17822472,246.2
-0.163614851,246.25
-0.147081962,246.3
-0.128652659,246.35
-0.108360176,246.4
-0.086244266,246.45
-0.062351081,246.5
-0.036733014,246.55
-0.009448534,246.6
0.019438007,246.65
0.049856585,246.7
0.081731738,246.75
0.114982807,246.8
0.149524211,246.85
0.185265723,246.9
0.222112773,246.95
0.259966756,247
0.298725363,247.05
0.338282911,247.1
0.378530699,247.15
0.41935736,247.2
0.460649231,247.25
0.502290725,247.3
0.544164706,247.35
0.586152877,247.4
0.628136161,247.45
0.669995094,247.5
0.711610204,247.55
0.752862404,247.6
0.793633373,247.65
0.833805934,247.7
0.873264431,247.75
0.911895092,247.8
0.949586395,247.85
0.986229415,247.9
1.021718162,247.95
1.055949916,248
1.08882554,248.05
1.12024978,248.1
1.15013156,248.15
1.178384248,248.2
1.204925917,248.25
1.229679578,248.3
1.252573407,248.35
1.273540945,248.4
1.292521276,248.45
1.309459196,248.5
1.324305351,248.55
1.337016359,248.6
1.347554912,248.65
1.355889853,248.7
1.361996231,248.75
1.365855341,248.8
1.367454736,248.85
1.366788217,248.9
1.363855809,248.95
1.358663703,249
1.351224192,249.05
1.341555576,249.1
1.32968205,249.15
1.315633573,249.2
1.299445719,249.25
1.281159505,249.3
1.26082121,249.35
1.238482168,249.4
1.214198551,249.45
1.188031135,249.5
1.160045052,249.55
1.130309532,249.6
1.098897626,249.65
1.065885924,249.7
1.031354265,249.75
0.995385429,249.8
0.958064832,249.85
0.91948021,249.9
0.879721296,249.95
0.838879498,250
0.79704757,250.05
