0.238506153,0.1
0.210126319,0.15
0.180892701,0.2
0.150833928,0.25
0.119981624,0.3
0.088370428,0.35
0.056038009,0.4
0.023025072,0.45
-0.010624646,0.5
-0.044864401,0.55
-0.079644467,0.6
-0.11491218,0.65
-0.150611998,0.7
-0.186685564,0.75
-0.223071797,0.8
-0.259706984,0.85
-0.296524892,0.9
-0.333456898,0.95
-0.370432124,1
-0.407377593,1.05
-0.444218401,1.1
-0.480877892,1.15
-0.517277862,1.2
-0.553338759,1.25
-0.588979913,1.3
-0.624119765,1.35
-0.658676111,1.4
-0.692566361,1.45
-0.725707802,1.5
-0.758017876,1.55
-0.789414457,1.6
-0.819816146,1.65
-0.849142561,1.7
-0.877314643,1.75
-0.904254951,1.8
-0.929887974,1.85
-0.954140436,1.9
-0.976941595,1.95
-0.998223554,2
-1.017921553,2.05
-1.035974266,2.1
-1.052324091,2.15
-1.066917422,2.2
-1.079704925,2.25
-1.090641793,2.3
-1.099687989,2.35
-1.106808483,2.4
-1.111973462,2.45
-1.115158532,2.5
-1.116344895,2.55
-1.115519515,2.6
-1.112675251,2.65
-1.107810983,2.7
-1.100931701,2.75
-1.09204858,2.8
-1.081179026,2.85
-1.068346699,2.9
-1.053581505,2.95
-1.036919571,3
-1.018403185,3.05
-0.99808071,3.1
-0.976006478,3.15
-0.952240644,3.2
-0.92684903,3.25
-0.899902926,3.3
-0.871478876,3.35
-0.841658437,3.4
-0.810527904,3.45
-0.778178027,3.5
-0.744703693,3.55
-0.710203587,3.6
-0.674779841,3.65
-0.638537656,3.7
-0.601584908,3.75
-0.564031744,3.8
-0.525990153,3.85
-0.487573535,3.9
-0.448896253,3.95
-0.410073184,4
-0.371219252,4.05
-0.332448969,4.1
-0.293875964,4.15
-0.255612522,4.2
-0.217769115,4.25
-0.180453947,4.3
-0.143772499,4.35
-0.107827084,4.4
-0.072716421,4.45
-0.038535213,4.5
-0.005373743,4.55
0.026682508,4.6
0.057553226,4.65
0.087163607,4.7
0.115444682,4.75
0.1423336,4.8
0.167773907,4.85
0.191715777,4.9
0.214116223,4.95
0.234939276,5
0.254156126,5.05
0.271745242,5.1
0.287692441,5.15
0.301990938,5.2
0.314641354,5.25
0.325651687,5.3
0.335037252,5.35
0.342820582,5.4
0.349031301,5.45
0.35370595,5.5
0.356887794,5.55
0.358626583,5.6
0.358978289,5.65
0.358004813,5.7
0.355773652,5.75
0.352357553,5.8
0.347834129,5.85
0.342285453,5.9
0.335797637,5.95
0.328460379,6
0.320366498,6.05
0.311611454,6.1
0.302292852,6.15
0.292509934,6.2
0.282363064,6.25
0.271953208,6.3
0.261381408,6.35
0.250748256,6.4
0.240153375,6.45
0.229694891,6.5
0.219468931,6.55
0.209569118,6.6
0.20008608,6.65
0.19110698,6.7
0.182715056,6.75
0.17498919,6.8
0.168003491,6.85
0.161826905,6.9
0.156522856,6.95
0.152148908,7
0.148756467,7.05
0.146390501,7.1
0.145089311,7.15
0.14488432,7.2
0.145799911,7.25
0.14785329,7.3
0.151054398,7.35
0.155405856,7.4
0.160902941,7.45
0.167533616,7.5
0.175278585,7.55
0.184111393,7.6
0.193998562,7.65
0.204899765,7.7
0.21676803,7.75
0.229549992,7.8
0.243186167,7.85
0.257611261,7.9
0.272754515,7.95
0.288540074,8
0.304887382,8.05
0.32171161,8.1
0.338924096,8.15
0.356432812,8.2
0.37414285,8.25
0.39195692,8.3
0.409775859,8.35
0.42749916,8.4
0.445025495,8.45
0.46225325,8.5
0.479081067,8.55
0.495408369,8.6
0.511135902,8.65
0.526166249,8.7
0.540404352,8.75
0.553758013,8.8
0.566138381,8.85
0.577460422,8.9
0.587643373,8.95
0.596611167,9
0.604292843,9.05
0.610622917,9.1
0.615541737,9.15
0.618995799,9.2
0.620938037,9.25
0.621328076,9.3
0.620132452,9.35
0.617324796,9.4
0.612885982,9.45
0.606804236,9.5
0.59907521,9.55
0.589702015,9.6
0.578695221,9.65
0.566072811,9.7
0.551860105,9.75
0.536089643,9.8
0.518801033,9.85
0.500040764,9.9
0.479861982,9.95
0.458324235,10
0.435493189,10.05
0.411440309,10.1
0.386242515,10.15
0.359981813,10.2
0.332744897,10.25
0.304622735,10.3
0.275710134,10.35
0.246105282,10.4
0.215909283,10.45
0.185225677,10.5
0.154159948,10.55
0.122819031,10.6
0.091310805,10.65
0.059743597,10.7
0.028225675,10.75
-0.003135246,10.8
-0.034232501,10.85
-0.06496095,10.9
-0.095217456,10.95
-0.124901343,11
-0.153914831,11.05
-0.182163469,11.1
-0.209556529,11.15
-0.236007396,11.2
-0.261433917,11.25
-0.285758739,11.3
-0.308909607,11.35
-0.330819645,11.4
-0.351427596,11.45
-0.370678042,11.5
-0.388521584,11.55
-0.404914993,11.6
-0.41982133,11.65
-0.433210031,11.7
-0.445056958,11.75
-0.45534442,11.8
-0.464061158,11.85
-0.471202303,11.9
-0.476769296,11.95
-0.480769782,12
-0.483217475,12.05
-0.484131989,12.1
-0.483538652,12.15
-0.481468278,12.2
-0.477956937,12.25
-0.473045679,12.3
-0.466780259,12.35
-0.459210827,12.4
-0.45039161,12.45
-0.440380576,12.5
-0.42923909,12.55
-0.417031553,12.6
-0.40382504,12.65
-0.389688924,12.7
-0.374694507,12.75
-0.35891464,12.8
-0.342423349,12.85
-0.325295464,12.9
-0.30760625,12.95
-0.289431048,13
-0.270844926,13.05
-0.251922339,13.1
-0.232736799,13.15
-0.21336057,13.2
-0.193864366,13.25
-0.174317077,13.3
-0.154785508,13.35
-0.135334141,13.4
-0.116024918,13.45
-0.096917044,13.5
-0.078066813,13.55
-0.059527462,13.6
-0.041349044,13.65
-0.023578325,13.7
-0.006258706,13.75
0.010569828,13.8
0.026870739,13.85
0.042610946,13.9
0.057760803,13.95
0.072294065,14
0.086187827,14.05
0.099422445,14.1
0.111981435,14.15
0.123851359,14.2
0.13502169,14.25
0.145484662,14.3
0.155235112,14.35
0.1642703,14.4
0.172589729,14.45
0.18019495,14.5
0.18708936,14.55
0.193278,14.6
0.198767341,14.65
0.203565081,14.7
0.207679928,14.75
0.211121398,14.8
0.213899606,14.85
0.216025072,14.9
0.217508525,14.95
0.218360726,15
0.218592292,15.05
0.218213534,15.1
0.217234315,15.15
0.215663913,15.2
0.213510903,15.25
0.210783055,15.3
0.207487251,15.35
0.203629418,15.4
0.199214475,15.45
0.194246311,15.5
0.188727766,15.55
0.182660645,15.6
0.176045743,15.65
0.168882889,15.7
0.161171017,15.75
0.152908241,15.8
0.144091961,15.85
0.134718978,15.9
0.124785624,15.95
0.114287913,16
0.103221701,16.05
0.091582856,16.1
0.079367447,16.15
0.066571933,16.2
0.053193365,16.25
0.039229597,16.3
0.024679492,16.35
9.54E-03,16.4
-0.006177916,16.45
-0.022480493,16.5
-0.039359526,16.55
-0.056807876,16.6
-0.074816125,16.65
-0.093372384,16.7
-0.112462108,16.75
-0.132067927,16.8
-0.152169486,16.85
-0.172743306,16.9
-0.193762651,16.95
-0.215197426,17
-0.237014085,17.05
-0.259175561,17.1
-0.281641224,17.15
-0.304366851,17.2
-0.327304629,17.25
-0.350403175,17.3
-0.37360759,17.35
-0.396859524,17.4
-0.420097278,17.45
-0.443255928,17.5
-0.466267475,17.55
-0.489061012,17.6
-0.51156293,17.65
-0.533697136,17.7
-0.555385296,17.75
-0.576547107,17.8
-0.597100582,17.85
-0.616962361,17.9
-0.636048034,17.95
-0.654272489,18
-0.671550268,18.05
-0.687795942,18.1
-0.702924497,18.15
-0.716851724,18.2
-0.729494628,18.25
-0.74077183,18.3
-0.750603984,18.35
-0.758914186,18.4
-0.765628392,18.45
-0.770675819,18.5
-0.773989354,18.55
-0.775505951,18.6
-0.775167011,18.65
-0.772918759,18.7
-0.768712601,18.75
-0.76250547,18.8
-0.754260141,18.85
-0.743945542,18.9
-0.731537028,18.95
-0.717016636,19
-0.700373317,19.05
-0.681603137,19.1
-0.660709445,19.15
-0.637703018,19.2
-0.612602168,19.25
-0.585432824,19.3
-0.556228571,19.35
-0.525030662,19.4
-0.491887996,19.45
-0.456857054,19.5
-0.420001811,19.55
-0.381393605,19.6
-0.341110973,19.65
-0.299239457,19.7
-0.255871376,19.75
-0.21110556,19.8
-0.16504706,19.85
-0.117806822,19.9
-0.06950134,19.95
-0.02025227,20
0.029813969,20.05
0.080566628,20.1
0.131871078,20.15
0.183589278,20.2
0.235580267,20.25
0.287700667,20.3
0.339805199,20.35
0.391747214,20.4
0.443379227,20.45
0.494553458,20.5
0.545122384,20.55
0.594939279,20.6
0.643858761,20.65
0.691737337,20.7
0.738433929,20.75
0.783810405,20.8
0.827732089,20.85
0.870068262,20.9
0.910692642,20.95
0.949483852,21
0.986325859,21.05
1.021108399,21.1
1.053727373,21.15
1.084085217,21.2
1.112091244,21.25
1.137661958,21.3
1.160721341,21.35
1.18E+00,21.4
1.199040889,21.45
1.214188495,21.5
1.226599988,21.55
1.236239844,21.6
1.243081021,21.65
1.247105017,21.7
1.248301874,21.75
1.246670168,21.8
1.242216949,21.85
1.234957654,21.9
1.224915992,21.95
1.21212379,22
1.196620811,22.05
1.178454549,22.1
1.157679982,22.15
1.134359318,22.2
1.108561696,22.25
1.080362882,22.3
1.04984493,22.35
1.017095834,22.4
0.982209154,22.45
0.945283632,22.5
0.906422794,22.55
0.865734542,22.6
0.82333073,22.65
0.779326744,22.7
0.733841067,22.75
0.686994849,22.8
0.638911471,22.85
0.589716112,22.9
0.539535323,22.95
0.4884966,23
0.436727971,23.05
0.384357585,23.1
0.331513317,23.15
0.278322385,23.2
0.224910977,23.25
0.171403898,23.3
0.117924227,23.35
0.064593001,23.4
0.011528909,23.45
-0.041151994,23.5
-0.093336545,23.55
-0.144914718,23.6
-0.19577985,23.65
-0.245828832,23.7
-0.294962297,23.75
-0.34308477,23.8
-0.390104808,23.85
-0.435935112,23.9
-0.480492618,23.95
-0.523698577,24
-0.565478598,24.05
-0.605762692,24.1
-0.644485282,24.15
-0.6815852,24.2
-0.717005674,24.25
-0.750694292,24.3
-0.782602955,24.35
-0.812687816,24.4
-0.840909212,24.45
-0.867231575,24.5
-0.891623348,24.55
-0.914056882,24.6
-0.934508334,24.65
-0.952957551,24.7
-0.969387967,24.75
-0.983786474,24.8
-0.996143317,24.85
-1.00645197,24.9
-1.014709024,24.95
-1.020914072,25
-1.025069603,25.05
-1.027180895,25.1
-1.027255917,25.15
-1.025305236,25.2
-1.021341933,25.25
-1.015381523,25.3
-1.007441886,25.35
-0.997543206,25.4
-0.985707918,25.45
-0.971960666,25.5
-0.95632827,25.55
-0.938839697,25.6
-0.919526048,25.65
-0.898420553,25.7
-0.875558566,25.75
-0.850977581,25.8
-0.824717244,25.85
-0.796819376,25.9
-0.767328007,25.95
-0.736289404,26
-0.703752114,26.05
-0.669767003,26.1
-0.634387301,26.15
-0.597668648,26.2
-0.559669137,26.25
-0.52044936,26.3
-0.480072447,26.35
-0.438604107,26.4
-0.396112659,26.45
-0.352669059,26.5
-0.30834692,26.55
-0.263222526,26.6
-0.21737483,26.65
-0.170885448,26.7
-0.12383864,26.75
-0.076321272,26.8
-0.028422776,26.85
0.019764916,26.9
0.068147444,26.95
0.116628116,27
0.165108012,27.05
0.213486113,27.1
0.261659437,27.15
0.309523208,27.2
0.356971023,27.25
0.403895052,27.3
0.450186249,27.35
0.495734582,27.4
0.540429275,27.45
0.584159073,27.5
0.626812517,27.55
0.668278239,27.6
0.708445265,27.65
0.747203333,27.7
0.784443227,27.75
0.820057118,27.8
0.853938907,27.85
0.885984594,27.9
0.916092633,27.95
0.944164306,28
0.970104094,28.05
0.993820048,28.1
1.015224166,28.15
1.034232761,28.2
1.050766826,28.25
1.064752399,28.3
1.076120912,28.35
1.084809534,28.4
1.090761503,28.45
1.093926447,28.5
1.094260679,28.55
1.091727491,28.6
1.086297415,28.65
1.077948469,28.7
1.066666386,28.75
1.05244481,28.8
1.035285475,28.85
1.015198351,28.9
0.992201769,28.95
0.966322514,29
0.937595891,29.05
0.906065753,29.1
0.871784512,29.15
0.834813103,29.2
0.795220929,29.25
0.753085768,29.3
0.708493646,29.35
0.661538679,29.4
0.612322891,29.45
0.560955987,29.5
0.507555104,29.55
0.45224453,29.6
0.395155392,29.65
0.336425317,29.7
0.276198065,29.75
0.214623133,29.8
0.15185534,29.85
0.088054383,29.9
0.023384377,29.95
-0.041986634,30
-0.107887174,30.05
-0.174142854,30.1
-0.240576904,30.15
-0.30701072,30.2
-0.373264416,30.25
-0.439157386,30.3
-0.504508875,30.35
-0.569138549,30.4
-0.632867068,30.45
-0.695516661,30.5
-0.756911689,30.55
-0.816879216,30.6
-0.875249556,30.65
-0.931856828,30.7
-0.986539481,30.75
-1.039140819,30.8
-1.089509504,30.85
-1.137500039,30.9
-1.182973235,30.95
-1.225796657,31
-1.265845041,31.05
-1.303000691,31.1
-1.33715385,31.15
-1.368203042,31.2
-1.396055382,31.25
-1.420626864,31.3
-1.441842611,31.35
-1.459637099,31.4
-1.473954341,31.45
-1.484748051,31.5
-1.491981762,31.55
-1.495628919,31.6
-1.495672936,31.65
-1.49210722,31.7
-1.484935162,31.75
-1.474170097,31.8
-1.459835226,31.85
-1.441963517,31.9
-1.420597563,31.95
-1.395789419,32
-1.367600406,32.05
-1.336100884,32.1
-1.301370009,32.15
-1.263495449,32.2
-1.222573085,32.25
-1.178706691,32.3
-1.132007584,32.35
-1.082594259,32.4
-1.030592005,32.45
-0.976132504,32.5
-0.919353414,32.55
-0.860397938,32.6
-0.79941438,32.65
-0.736555692,32.7
-0.671979014,32.75
-0.605845203,32.8
-0.538318358,32.85
-0.469565342,32.9
-0.399755302,32.95
-0.329059185,33
-0.257649261,33.05
-0.18569864,33.1
-0.113380802,33.15
-0.040869125,33.2
0.031663578,33.25
0.104045514,33.3
0.176106356,33.35
0.24767768,33.4
0.318593391,33.45
0.388690133,33.5
0.457807696,33.55
0.525789396,33.6
0.59248245,33.65
0.657738333,33.7
0.721413118,33.75
0.783367801,33.8
0.843468609,33.85
0.901587288,33.9
0.957601379,33.95
1.011394469,34
1.062856431,34.05
1.111883639,34.1
1.158379168,34.15
1.202252975,34.2
1.243422062,34.25
1.281810617,34.3
1.317350141,34.35
1.349979553,34.4
1.379645279,34.45
1.406301319,34.5
1.429909303,34.55
1.450438517,34.6
1.467865926,34.65
1.482176168,34.7
1.493361534,34.75
1.501421934,34.8
1.506364843,34.85
1.508205228,34.9
1.506965467,34.95
1.502675243,35
1.495371426,35.05
1.48509794,35.1
1.471905614,35.15
1.455852017,35.2
1.43700128,35.25
1.415423904,35.3
1.391196552,35.35
1.364401825,35.4
1.335128033,35.45
1.303468942,35.5
1.26952352,35.55
1.233395656,35.6
1.195193883,35.65
1.155031077,35.7
1.11302415,35.75
1.069293734,35.8
1.023963849,35.85
0.977161568,35.9
0.929016668,35.95
0.879661276,36
0.829229502,36.05
0.777857071,36.1
0.725680945,36.15
0.67283894,36.2
0.619469338,36.25
0.565710493,36.3
0.511700443,36.35
0.457576505,36.4
0.40347488,36.45
0.349530258,36.5
0.295875416,36.55
0.242640827,36.6
0.189954266,36.65
0.137940425,36.7
0.086720534,36.75
0.036411984,36.8
-0.012872038,36.85
-0.061022897,36.9
-0.107936864,36.95
-0.153515439,37
-0.19766567,37.05
-0.240300456,37.1
-0.281338829,37.15
-0.320706224,37.2
-0.35833472,37.25
-0.394163273,37.3
-0.428137914,37.35
-0.460211932,37.4
-0.490346027,37.45
-0.518508448,37.5
-0.544675085,37.55
-0.568829554,37.6
-0.59096324,37.65
-0.611075318,37.7
-0.629172737,37.75
-0.645270179,37.8
-0.659389988,37.85
-0.671562062,37.9
-0.681823717,37.95
-0.690219522,38
-0.696801094,38.05
-0.701626873,38.1
-0.704761859,38.15
-0.706277318,38.2
-0.706250461,38.25
-0.704764098,38.3
-0.701906254,38.35
-0.69776977,38.4
-0.692451868,38.45
-0.686053701,38.5
-0.678679876,38.55
-0.670437958,38.6
-0.661437953,38.65
-0.651791781,38.7
-0.641612725,38.75
-0.631014878,38.8
-0.620112572,38.85
-0.609019805,38.9
-0.597849662,38.95
-0.586713734,39
-0.575721534,39.05
-0.564979928,39.1
-0.554592556,39.15
-0.544659276,39.2
-0.535275615,39.25
-0.526532232,39.3
-0.518514405,39.35
-0.511301534,39.4
-0.504966667,39.45
-0.49957606,39.5
-0.49518875,39.55
-0.49185618,39.6
-0.489621835,39.65
-0.488520937,39.7
-0.488580155,39.75
-0.489817376,39.8
-0.492241502,39.85
-0.495852301,39.9
-0.500640294,39.95
-0.506586698,40
-0.513663408,40.05
-0.521833032,40.1
-0.531048967,40.15
-0.54125554,40.2
-0.552388176,40.25
-0.564373634,40.3
-0.577130279,40.35
-0.590568409,40.4
-0.604590624,40.45
-0.619092243,40.5
-0.633961762,40.55
-0.649081362,40.6
-0.664327444,40.65
-0.679571218,40.7
-0.694679312,40.75
-0.709514428,40.8
-0.723936019,40.85
-0.737800996,40.9
-0.750964459,40.95
-0.763280449,41
-0.774602714,41.05
-0.784785492,41.1
-0.793684303,41.15
-0.801156741,41.2
-0.807063274,41.25
-0.811268038,41.3
-0.813639621,41.35
-0.814051846,41.4
-0.812384527,41.45
-0.808524212,41.5
-0.802364903,41.55
-0.793808745,41.6
-0.782766687,41.65
-0.769159107,41.7
-0.752916398,41.75
-0.733979509,41.8
-0.712300449,41.85
-0.68784273,41.9
-0.660581768,41.95
-0.630505229,42
-0.597613309,42.05
-0.56191897,42.1
-0.523448104,42.15
-0.482239637,42.2
-0.438345572,42.25
-0.391830968,42.3
-0.342773852,42.35
-0.291265063,42.4
-0.237408039,42.45
-0.181318531,42.5
-0.123124258,42.55
-0.062964496,42.6
-0.000989608,42.65
0.062639484,42.7
0.127751892,42.75
0.194167401,42.8
0.261697168,42.85
0.330144461,42.9
0.399305455,42.95
0.468970062,43
0.538922802,43.05
0.608943709,43.1
0.678809267,43.15
0.748293369,43.2
0.817168299,43.25
0.885205731,43.3
0.952177734,43.35
1.017857789,43.4
1.082021803,43.45
1.144449119,43.5
1.204923517,43.55
1.263234198,43.6
1.319176754,43.65
1.372554105,43.7
1.423177411,43.75
1.470866952,43.8
1.515452956,43.85
1.556776401,43.9
1.594689751,43.95
1.629057653,44
1.659757571,44.05
1.68668036,44.1
1.709730783,44.15
1.728827951,44.2
1.743905706,44.25
1.754912928,44.3
1.761813768,44.35
1.764587807,44.4
1.763230145,44.45
1.75775141,44.5
1.748177685,44.55
1.734550372,44.6
1.716925969,44.65
1.695375778,44.7
1.669985537,44.75
1.640854984,44.8
1.608097344,44.85
1.571838761,44.9
1.532217652,44.95
1.489384013,45
1.443498659,45.05
1.394732414,45.1
1.343265253,45.15
1.289285399,45.2
1.232988377,45.25
1.17457604,45.3
1.114255558,45.35
1.052238387,45.4
0.988739224,45.45
0.923974936,45.5
0.858163498,45.55
0.791522917,45.6
0.724270169,45.65
0.65662014,45.7
0.58878459,45.75
0.520971132,45.8
0.453382245,45.85
0.386214314,45.9
0.319656716,45.95
0.253890942,46
0.18908977,46.05
0.125416495,46.1
0.06302421,46.15
0.002055155,46.2
-0.057359877,46.25
-0.115102056,46.3
-0.171064966,46.35
-0.225154981,46.4
-0.277291564,46.45
-0.327407486,46.5
-0.375448971,46.55
-0.421375755,46.6
-0.465161068,46.65
-0.506791537,46.7
-0.546267006,46.75
-0.583600277,46.8
-0.618816777,46.85
-0.651954147,46.9
-0.683061756,46.95
-0.712200151,47
-0.739440432,47.05
-0.764863572,47.1
-0.788559666,47.15
-0.810627135,47.2
-0.831171875,47.25
-0.850306362,47.3
-0.868148713,47.35
-0.884821714,47.4
-0.900451823,47.45
-0.915168143,47.5
-0.929101379,47.55
-0.942382792,47.6
-0.955143136,47.65
-0.967511606,47.7
-0.979614791,47.75
-0.991575643,47.8
-1.003512461,47.85
-1.015537911,47.9
-1.027758073,47.95
-1.04027153,48
-1.053168498,48.05
-1.066530012,48.1
-1.080427165,48.15
-1.094920403,48.2
-1.110058894,48.25
-1.125879963,48.3
-1.142408593,48.35
-1.159657017,48.4
-1.177624378,48.45
-1.196296478,48.5
-1.215645609,48.55
-1.235630473,48.6
-1.256196187,48.65
-1.277274376,48.7
-1.298783363,48.75
-1.320628431,48.8
-1.342702193,48.85
-1.364885027,48.9
-1.387045615,48.95
-1.409041549,49
-1.430720023,49.05
-1.451918605,49.1
-1.472466069,49.15
-1.492183309,49.2
-1.510884304,49.25
-1.528377154,49.3
-1.544465157,49.35
-1.558947941,49.4
-1.571622634,49.45
-1.582285074,49.5
-1.59073104,49.55
-1.596757512,49.6
-1.600163937,49.65
-1.600753518,49.7
-1.598334487,49.75
-1.59272138,49.8
-1.583736301,49.85
-1.571210158,49.9
-1.554983875,49.95
-1.53490957,50
-1.510851687,50.05
-1.482688086,50.1
-1.450311069,50.15
-1.413628353,50.2
-1.372563972,50.25
-1.327059103,50.3
-1.277072823,50.35
-1.222582771,50.4
-1.163585733,50.45
-1.10009813,50.5
-1.032156412,50.55
-0.959817356,50.6
-0.883158257,50.65
-0.802277027,50.7
-0.71729218,50.75
-0.628342716,50.8
-0.535587902,50.85
-0.439206942,50.9
-0.339398548,50.95
-0.236380404,51
-0.130388533,51.05
-0.021676558,51.1
0.089485126,51.15
0.202810273,51.2
0.317997805,51.25
0.4347329,51.3
0.552688169,51.35
0.671524909,51.4
0.790894415,51.45
0.910439361,51.5
1.029795233,51.55
1.148591811,51.6
1.266454697,51.65
1.383006868,51.7
1.497870262,51.75
1.610667386,51.8
1.721022922,51.85
1.828565353,51.9
1.93292857,51.95
2.033753472,52
2.130689547,52.05
2.223396422,52.1
2.311545371,52.15
2.394820793,52.2
2.472921623,52.25
2.545562693,52.3
2.612476029,52.35
2.673412072,52.4
2.728140819,52.45
2.776452888,52.5
2.818160488,52.55
2.853098295,52.6
2.881124234,52.65
2.90212015,52.7
2.915992386,52.75
2.922672237,52.8
2.922116308,52.85
2.914306747,52.9
2.899251372,52.95
2.876983676,53
2.847562728,53.05
2.811072944,53.1
2.767623763,53.15
2.717349197,53.2
2.660407278,53.25
2.596979399,53.3
2.527269549,53.35
2.451503448,53.4
2.369927596,53.45
2.282808215,53.5
2.190430124,53.55
2.09309552,53.6
1.991122694,53.65
1.88484468,53.7
1.774607836,53.75
1.660770382,53.8
1.543700882,53.85
1.423776697,53.9
1.301382398,53.95
1.176908162,54
1.050748147,54.05
0.923298867,54.1
0.794957556,54.15
0.666120552,54.2
0.537181689,54.25
0.408530713,54.3
0.280551732,54.35
0.153621701,54.4
0.028108955,54.45
-0.095628211,54.5
-0.217242898,54.55
-0.336400896,54.6
-0.452781912,54.65
-0.566080712,54.7
-0.676008196,54.75
-0.782292374,54.8
-0.884679265,54.85
-0.982933693,54.9
-1.076839995,54.95
-1.166202629,55
-1.250846678,55.05
-1.330618258,55.1
-1.405384816,55.15
-1.475035334,55.2
-1.539480425,55.25
-1.598652322,55.3
-1.652504776,55.35
-1.701012847,55.4
-1.744172603,55.45
-1.782000715,55.5
-1.814533974,55.55
-1.841828711,55.6
-1.863960131,55.65
-1.881021579,55.7
-1.893123715,55.75
-1.900393639,55.8
-1.90297393,55.85
-1.901021647,55.9
-1.894707262,55.95
-1.884213554,56
-1.869734463,56.05
-1.85147391,56.1
-1.829644583,56.15
-1.804466717,56.2
-1.776166846,56.25
-1.744976556,56.3
-1.711131236,56.35
-1.674868834,56.4
-1.636428627,56.45
-1.596050008,56.5
-1.553971303,56.55
-1.510428609,56.6
-1.465654682,56.65
-1.419877854,56.7
-1.373321005,56.75
-1.326200584,56.8
-1.278725687,56.85
-1.231097194,56.9
-1.183506972,56.95
-1.136137142,57
-1.089159418,57.05
-1.04273452,57.1
-0.997011653,57.15
-0.952128078,57.2
-0.908208741,57.25
-0.865365992,57.3
-0.82369938,57.35
-0.783295518,57.4
-0.744228038,57.45
-0.706557608,57.5
-0.670332031,57.55
-0.635586418,57.6
-0.602343422,57.65
-0.570613546,57.7
-0.540395518,57.75
-0.511676719,57.8
-0.484433671,57.85
-0.458632585,57.9
-0.434229945,57.95
-0.411173151,58
-0.389401193,58.05
-0.36884536,58.1
-0.349429988,58.15
-0.331073224,58.2
-0.313687818,58.25
-0.297181921,58.3
-0.281459907,58.35
-0.266423187,58.4
-0.25197103,58.45
-0.238001377,58.5
-0.224411648,58.55
-0.211099531,58.6
-0.197963755,58.65
-0.184904833,58.7
-0.171825789,58.75
-0.158632845,58.8
-0.14523607,58.85
-0.131550004,58.9
-0.117494221,58.95
-0.102993865,59
-0.087980128,59.05
-0.072390684,59.1
-0.056170068,59.15
-0.039270006,59.2
-0.021649685,59.25
-0.003275981,59.3
0.015876386,59.35
0.035824735,59.4
0.056578374,59.45
0.078138599,59.5
0.100498747,59.55
0.123644301,59.6
0.147553051,59.65
0.172195292,59.7
0.197534083,59.75
0.223525539,59.8
0.250119172,59.85
0.277258268,59.9
0.304880298,59.95
0.332917366,60
0.361296682,60.05
0.389941067,60.1
0.418769468,60.15
0.447697506,60.2
0.476638029,60.25
0.505501679,60.3
0.534197463,60.35
0.562633331,60.4
0.590716752,60.45
0.618355285,60.5
0.645457137,60.55
0.671931722,60.6
0.697690192,60.65
0.722645954,60.7
0.746715169,60.75
0.769817223,60.8
0.791875171,60.85
0.812816153,60.9
0.832571776,60.95
0.851078465,61
0.868277777,61.05
0.884116677,61.1
0.898547775,61.15
0.911529529,61.2
0.9230264,61.25
0.933008973,61.3
0.941454034,61.35
0.94834461,61.4
0.953669963,61.45
0.957425553,61.5
0.959612952,61.55
0.960239734,61.6
0.959319317,61.65
0.956870778,61.7
0.952918632,61.75
0.947492584,61.8
0.940627251,61.85
0.932361859,61.9
0.922739914,61.95
0.911808859,62
0.899619707,62.05
0.886226662,62.1
0.871686726,62.15
0.856059303,62.2
0.839405787,62.25
0.821789157,62.3
0.803273564,62.35
0.783923927,62.4
0.76380553,62.45
0.74298363,62.5
0.721523077,62.55
0.699487944,62.6
0.676941178,62.65
0.653944263,62.7
0.630556914,62.75
0.606836782,62.8
0.58283919,62.85
0.558616896,62.9
0.534219878,62.95
0.509695149,63
0.485086609,63.05
0.460434913,63.1
0.435777383,63.15
0.411147942,63.2
0.386577082,63.25
0.362091865,63.3
0.337715946,63.35
0.313469637,63.4
0.289369989,63.45
0.265430904,63.5
0.241663281,63.55
0.218075174,63.6
0.19467198,63.65
0.171456652,63.7
0.148429919,63.75
0.125590534,63.8
0.102935533,63.85
0.080460504,63.9
0.058159869,63.95
0.036027172,64
0.014055373,64.05
-0.00776286,64.1
-0.029434849,64.15
-0.050967622,64.2
-0.072367621,64.25
-0.093640425,64.3
-0.11479048,64.35
-0.135820848,64.4
-0.15673296,64.45
-0.177526398,64.5
-0.198198688,64.55
-0.218745117,64.6
-0.239158575,64.65
-0.259429416,64.7
-0.279545349,64.75
-0.299491354,64.8
-0.319249629,64.85
-0.338799557,64.9
-0.358117714,64.95
-0.377177894,65
-0.395951178,65.05
-0.414406014,65.1
-0.432508344,65.15
-0.450221747,65.2
-0.467507615,65.25
-0.484325354,65.3
-0.500632611,65.35
-0.516385523,65.4
-0.531538995,65.45
-0.546046984,65.5
-0.55986282,65.55
-0.572939525,65.6
-0.585230165,65.65
-0.596688194,65.7
-0.607267822,65.75
-0.616924383,65.8
-0.625614708,65.85
-0.633297499,65.9
-0.639933702,65.95
-0.645486873,66
-0.64992354,66.05
-0.653213555,66.1
-0.655330427,66.15
-0.656251649,66.2
-0.655958997,66.25
-0.654438818,66.3
-0.651682285,66.35
-0.647685635,66.4
-0.642450373,66.45
-0.635983452,66.5
-0.628297415,66.55
-0.619410514,66.6
-0.609346781,66.65
-0.598136076,66.7
-0.58581409,66.75
-0.572422317,66.8
-0.558007983,66.85
-0.542623935,66.9
-0.526328504,66.95
-0.509185313,67
-0.491263062,67.05
-0.472635266,67.1
-0.453379967,67.15
-0.4335794,67.2
-0.413319636,67.25
-0.392690186,67.3
-0.371783585,67.35
-0.350694937,67.4
-0.329521443,67.45
-0.308361905,67.5
-0.287316208,67.55
-0.266484787,67.6
-0.24596808,67.65
-0.225865968,67.7
-0.206277213,67.75
-0.187298881,67.8
-0.169025777,67.85
-0.151549873,67.9
-0.134959744,67.95
-0.119340018,68
-0.104770833,68.05
-0.09132731,68.1
-0.079079051,68.15
-0.068089658,68.2
-0.058416272,68.25
-0.050109148,68.3
-0.043211258,68.35
-0.037757935,68.4
-0.03377654,68.45
-0.031286189,68.5
-0.030297499,68.55
-0.030812398,68.6
-0.032823969,68.65
-0.036316339,68.7
-0.041264629,68.75
-0.047634935,68.8
-0.055384377,68.85
-0.064461183,68.9
-0.07480483,68.95
-0.086346238,69
-0.099008005,69.05
-0.1127047,69.1
-0.127343194,69.15
-0.142823047,69.2
-0.159036932,69.25
-0.175871106,69.3
-0.193205922,69.35
-0.210916376,69.4
-0.228872692,69.45
-0.246940942,69.5
-0.264983688,69.55
-0.282860664,69.6
-0.300429468,69.65
-0.31754628,69.7
-0.334066596,69.75
-0.349845974,69.8
-0.364740786,69.85
-0.378608978,69.9
-0.391310827,69.95
-0.402709698,70
-0.412672788,70.05
-0.421071866,70.1
-0.427783987,70.15
-0.432692197,70.2
-0.435686208,70.25
-0.436663049,70.3
-0.435527681,70.35
-0.432193586,70.4
-0.426583312,70.45
-0.41862898,70.5
-0.408272749,70.55
-0.395467231,70.6
-0.38017586,70.65
-0.362373211,70.7
-0.342045265,70.75
-0.319189621,70.8
-0.293815651,70.85
-0.265944601,70.9
-0.235609629,70.95
-0.202855793,71
-0.167739976,71.05
-0.130330752,71.1
-0.090708201,71.15
-0.048963659,71.2
-0.005199422,71.25
0.040471614,71.3
8.79E-02,71.35
0.137031986,71.4
0.187646441,71.45
0.239618993,71.5
0.292790831,71.55
0.3469957,71.6
0.402060578,71.65
0.457806377,71.7
0.514048689,71.75
0.570598546,71.8
0.62726321,71.85
0.683846981,71.9
0.740152018,71.95
0.795979176,72
0.851128843,72.05
0.905401789,72.1
0.958600003,72.15
1.010527538,72.2
1.060991332,72.25
1.10980203,72.3
1.156774775,72.35
1.201729993,72.4
1.244494136,72.45
1.284900415,72.5
1.322789485,72.55
1.358010107,72.6
1.390419766,72.65
1.419885249,72.7
1.446283181,72.75
1.469500518,72.8
1.489434985,72.85
1.505995472,72.9
1.519102374,72.95
1.528687883,73
1.534696221,73.05
1.537083826,73.1
1.535819475,73.15
1.530884363,73.2
1.522272117,73.25
1.509988759,73.3
1.494052623,73.35
1.474494209,73.4
1.45135599,73.45
1.424692172,73.5
1.394568399,73.55
1.361061421,73.6
1.324258709,73.65
1.284258034,73.7
1.241167004,73.75
1.195102567,73.8
1.146190479,73.85
1.094564738,73.9
1.040367001,73.95
0.983745963,74
0.924856725,74.05
0.863860144,74.1
0.800922161,74.15
0.736213129,74.2
0.669907124,74.25
0.602181262,74.3
0.533215007,74.35
0.463189483,74.4
0.392286803,74.45
0.320689391,74.5
0.248579327,74.55
0.176137708,74.6
0.10354402,74.65
0.03097554,74.7
-0.041393249,74.75
-0.113391206,74.8
-0.184851062,74.85
-0.255609911,74.9
-0.325509678,74.95
-0.394397551,75
-0.462126372,75.05
-0.528555003,75.1
-0.593548651,75.15
-0.65697915,75.2
-0.718725219,75.25
-0.778672668,75.3
-0.836714576,75.35
-0.892751431,75.4
-0.946691223,75.45
-0.998449519,75.5
-1.047949483,75.55
-1.095121873,75.6
-1.139905008,75.65
-1.18224469,75.7
-1.222094109,75.75
-1.259413711,75.8
-1.294171044,75.85
-1.326340578,75.9
-1.3559035,75.95
-1.382847492,76
-1.407166488,76.05
-1.428860414,76.1
-1.44793492,76.15
-1.46440109,76.2
-1.478275153,76.25
-1.489578181,76.3
-1.498335783,76.35
-1.504577799,76.4
-1.508337989,76.45
-1.509653729,76.5
-1.508565706,76.55
-1.505117623,76.6
-1.499355908,76.65
-1.491329432,76.7
-1.481089245,76.75
-1.468688311,76.8
-1.45418127,76.85
-1.437624206,76.9
-1.419074435,76.95
-1.398590306,77
-1.376231025,77.05
-1.35205649,77.1
-1.326127149,77.15
-1.298503874,77.2
-1.269247853,77.25
-1.238420502,77.3
-1.206083395,77.35
-1.172298207,77.4
-1.137126682,77.45
-1.100630607,77.5
-1.062871809,77.55
-1.023912162,77.6
-0.98381361,77.65
-0.942638199,77.7
-0.900448122,77.75
-0.85730577,77.8
-0.813273792,77.85
-0.768415164,77.9
-0.722793257,77.95
-0.676471911,78
-0.629515511,78.05
-0.581989061,78.1
-0.533958256,78.15
-0.485489549,78.2
-0.436650218,78.25
-0.387508418,78.3
-0.338133233,78.35
-0.288594712,78.4
-0.238963899,78.45
-0.189312847,78.5
-0.139714618,78.55
-0.090243274,78.6
-0.040973849,78.65
0.008017696,78.7
0.056654533,78.75
0.104859044,78.8
0.152552912,78.85
0.19965724,78.9
0.246092677,78.95
0.291779563,79
0.336638098,79.05
0.380588522,79.1
0.42355131,79.15
0.465447388,79.2
0.506198359,79.25
0.545726744,79.3
0.583956238,79.35
0.62081197,79.4
0.656220781,79.45
0.690111505,79.5
0.722415258,79.55
0.753065732,79.6
0.781999494,79.65
0.80915628,79.7
0.834479294,79.75
0.857915508,79.8
0.879415942,79.85
0.898935958,79.9
0.916435527,79.95
0.931879498,80
0.945237848,80.05
0.956485918,80.1
0.965604636,80.15
0.972580717,80.2
0.977406846,80.25
0.980081841,80.3
0.980610788,80.35
0.979005153,80.4
0.975282873,80.45
0.96946841,80.5
0.96159279,80.55
0.951693598,80.6
0.939814956,80.65
0.926007464,80.7
0.910328111,80.75
0.892840157,80.8
0.873612983,80.85
0.852721908,80.9
0.83024798,80.95
0.806277734,81
0.780902921,81.05
0.75422021,81.1
0.72633086,81.15
0.697340369,81.2
0.667358096,81.25
0.636496862,81.3
0.604872527,81.35
0.572603549,81.4
0.539810526,81.45
0.506615718,81.5
0.473142565,81.55
0.439515183,81.6
0.405857859,81.65
0.372294536,81.7
0.338948297,81.75
0.305940849,81.8
0.273392,81.85
0.241419153,81.9
0.210136799,81.95
0.179656017,82
0.150083997,82.05
0.121523566,82.1
0.094072737,82.15
0.067824276,82.2
0.042865293,82.25
0.019276854,82.3
-0.002866379,82.35
-0.023496479,82.4
-0.042552559,82.45
-0.059981038,82.5
-0.075735883,82.55
-0.089778805,82.6
-0.102079432,82.65
-0.112615433,82.7
-0.121372614,82.75
-0.128344967,82.8
-0.133534689,82.85
-0.136952154,82.9
-0.138615852,82.95
-0.138552285,83
-0.136795829,83.05
-0.133388551,83.1
-0.128379999,83.15
-0.121826945,83.2
-0.113793104,83.25
-0.104348809,83.3
-0.093570665,83.35
-0.081541161,83.4
-0.068348267,83.45
-0.054084992,83.5
-0.038848925,83.55
-0.022741758,83.6
-0.005868777,83.65
0.011661648,83.7
0.029738602,83.75
0.048249161,83.8
0.06707895,83.85
0.086112697,83.9
0.105234795,83.95
0.124329862,84
0.143283299,84.05
0.161981843,84.1
0.180314112,84.15
0.198171134,84.2
0.215446868,84.25
0.23203871,84.3
0.24784797,84.35
0.262780339,84.4
0.276746324,84.45
0.289661664,84.5
0.301447712,84.55
0.312031789,84.6
0.321347508,84.65
0.329335066,84.7
0.335941497,84.75
0.34112089,84.8
0.344834578,84.85
0.347051279,84.9
0.347747203,84.95
0.346906125,85
0.344519413,85.05
0.340586021,85.1
0.33511244,85.15
0.328112618,85.2
0.319607832,85.25
0.309626535,85.3
0.29820416,85.35
0.285382892,85.4
0.271211404,85.45
0.255744569,85.5
0.239043133,85.55
0.221173366,85.6
0.202206689,85.65
0.182219267,85.7
0.161291593,85.75
0.139508045,85.8
0.116956426,85.85
0.093727497,85.9
0.069914488,85.95
0.045612605,86
0.020918534,86.05
-0.004070064,86.1
-0.029255061,86.15
-0.05453836,86.2
-0.079822398,86.25
-0.105010637,86.3
-0.130008048,86.35
-0.154721581,86.4
-0.179060623,86.45
-0.20293744,86.5
-0.226267599,86.55
-0.248970367,86.6
-0.270969094,86.65
-0.292191561,86.7
-0.312570317,86.75
-0.33204297,86.8
-0.350552463,86.85
-0.368047314,86.9
-0.384481823,86.95
-0.399816253,87
-0.414016968,87.05
-0.427056547,87.1
-0.43891386,87.15
-0.449574109,87.2
-0.459028836,87.25
-0.4672759,87.3
-0.474319413,87.35
-0.480169654,87.4
-0.484842941,87.45
-0.488361477,87.5
-0.490753162,87.55
-0.492051385,87.6
-0.492294774,87.65
-0.491526935,87.7
-0.489796154,87.75
-0.487155083,87.8
-0.483660406,87.85
-0.479372479,87.9
-0.474354962,87.95
-0.468674429,88
-0.462399967,88.05
-0.455602767,88.1
-0.448355705,88.15
-0.440732916,88.2
-0.432809363,88.25
-0.42466041,88.3
-0.416361389,88.35
-0.407987178,88.4
-0.39961177,88.45
-0.39130787,88.5
-0.383146479,88.55
-0.37519651,88.6
-0.367524402,88.65
-0.360193756,88.7
-0.353264988,88.75
-0.346795003,88.8
-0.340836878,88.85
-0.335439585,88.9
-0.330647718,88.95
-0.326501261,89
-0.323035367,89.05
-0.320280173,89.1
-0.318260639,89.15
-0.31699641,89.2
-0.316501716,89.25
-0.316785291,89.3
-0.317850324,89.35
-0.319694438,89.4
-0.322309701,89.45
-0.325682659,89.5
-0.329794402,89.55
-0.334620655,89.6
-0.340131895,89.65
-0.346293496,89.7
-0.353065897,89.75
-0.360404794,89.8
-0.36826136,89.85
-0.376582473,89.9
-0.385310984,89.95
-0.394385985,90
-0.403743108,90.05
-0.413314831,90.1
-0.423030803,90.15
-0.43281818,90.2
-0.442601975,90.25
-0.452305409,90.3
-0.461850279,90.35
-0.471157328,90.4
-0.480146615,90.45
-0.488737893,90.5
-0.496850984,90.55
-0.504406154,90.6
-0.511324488,90.65
-0.517528248,90.7
-0.522941243,90.75
-0.527489178,90.8
-0.531099995,90.85
-0.53370421,90.9
-0.53523523,90.95
-0.535629661,91
-0.534827602,91.05
-0.532772916,91.1
-0.529413495,91.15
-0.524701499,91.2
-0.518593579,91.25
-0.511051081,91.3
-0.50204023,91.35
-0.491532289,91.4
-0.479503705,91.45
-0.465936228,91.5
-0.450817007,91.55
-0.43413867,91.6
-0.415899375,91.65
-0.396102845,91.7
-0.374758377,91.75
-0.351880834,91.8
-0.327490608,91.85
-0.301613574,91.9
-0.274281009,91.95
-0.245529503,92
-0.215400848,92.05
-0.1839419,92.1
-0.151204439,92.15
-0.117244995,92.2
-0.082124671,92.25
-0.045908943,92.3
-0.00866745,92.35
0.029526235,92.4
0.068594837,92.45
0.108457631,92.5
0.149030703,92.55
0.190227213,92.6
0.231957675,92.65
0.274130239,92.7
0.316650981,92.75
0.359424195,92.8
0.402352692,92.85
0.445338099,92.9
0.488281162,92.95
0.531082047,93
0.573640641,93.05
0.615856854,93.1
0.657630916,93.15
0.69886367,93.2
0.739456863,93.25
0.77931343,93.3
0.818337773,93.35
0.856436034,93.4
0.893516359,93.45
0.92948915,93.5
0.964267321,93.55
0.997766526,93.6
1.029905395,93.65
1.060605744,93.7
1.089792788,93.75
1.117395328,93.8
1.143345941,93.85
1.167581145,93.9
1.190041558,93.95
1.210672045,94
1.229421847,94.05
1.246244701,94.1
1.261098945,94.15
1.273947611,94.2
1.284758502,94.25
1.293504254,94.3
1.300162392,94.35
1.304715366,94.4
1.307150572,94.45
1.307460367,94.5
1.305642063,94.55
1.301697912,94.6
1.29563508,94.65
1.287465604,94.7
1.277206335,94.75
1.264878879,94.8
1.250509513,94.85
1.234129099,94.9
1.215772982,94.95
1.19548088,95
1.173296758,95.05
1.149268699,95.1
1.123448762,95.15
1.095892829,95.2
1.066660444,95.25
1.035814644,95.3
1.003421785,95.35
0.969551354,95.4
0.934275778,95.45
0.897670228,95.5
0.85981241,95.55
0.820782362,95.6
0.780662233,95.65
0.739536068,95.7
0.697489583,95.75
0.65460994,95.8
0.610985516,95.85
0.566705676,95.9
0.521860537,95.95
0.476540734,96
0.430837189,96.05
0.384840879,96.1
0.338642598,96.15
0.29233273,96.2
0.246001022,96.25
0.199736352,96.3
0.153626515,96.35
0.107757996,96.4
0.062215763,96.45
0.017083053,96.5
-0.027558825,96.55
-0.071630691,96.6
-0.115055684,96.65
-0.157759439,96.7
-0.199670264,96.75
-0.240719307,96.8
-0.280840709,96.85
-0.319971752,96.9
-0.358052997,96.95
-0.395028411,97
-0.430845479,97.05
-0.465455312,97.1
-0.498812741,97.15
-0.530876395,97.2
-0.561608774,97.25
-0.590976305,97.3
-0.618949387,97.35
-0.645502425,97.4
-0.670613847,97.45
-0.694266116,97.5
-0.71644572,97.55
-0.737143159,97.6
-0.756352909,97.65
-0.774073388,97.7
-0.790306891,97.75
-0.805059532,97.8
-0.81834116,97.85
-0.830165272,97.9
-0.840548912,97.95
-0.849512558,98
-0.857080001,98.05
-0.863278216,98.1
-0.868137218,98.15
-0.871689913,98.2
-0.873971945,98.25
-0.875021525,98.3
-0.874879264,98.35
-0.873587994,98.4
-0.871192586,98.45
-0.867739757,98.5
-0.863277888,98.55
-0.857856817,98.6
-0.851527652,98.65
-0.844342566,98.7
-0.836354598,98.75
-0.827617454,98.8
-0.818185304,98.85
-0.808112588,98.9
-0.797453819,98.95
-0.786263385,99
-0.774595367,99.05
-0.762503345,99.1
-0.750040227,99.15
-0.737258064,99.2
-0.724207893,99.25
-0.710939563,99.3
-0.697501592,99.35
-0.683941011,99.4
-0.670303234,99.45
-0.656631924,99.5
-0.642968875,99.55
-0.629353899,99.6
-0.615824729,99.65
-0.602416927,99.7
-0.589163803,99.75
-0.576096345,99.8
-0.563243163,99.85
-0.550630435,99.9
-0.538281873,99.95
-0.526218693,100
-0.514459599,100.05
-0.503020776,100.1
-0.491915892,100.15
-0.48115611,100.2
-0.470750114,100.25
-0.460704136,100.3
-0.451021999,100.35
-0.441705167,100.4
-0.432752797,100.45
-0.424161809,100.5
-0.415926953,100.55
-0.408040892,100.6
-0.400494281,100.65
-0.393275858,100.7
-0.386372541,100.75
-0.379769526,100.8
-0.373450387,100.85
-0.367397186,100.9
-0.361590581,100.95
-0.356009933,101
-0.350633426,101.05
-0.345438172,101.1
-0.340400332,101.15
-0.335495228,101.2
-0.330697455,101.25
-0.325980995,101.3
-0.321319329,101.35
-0.316685546,101.4
-0.312052452,101.45
-0.30739267,101.5
-0.30267875,101.55
-0.297883261,101.6
-0.292978891,101.65
-0.287938538,101.7
-0.282735397,101.75
-0.277343048,101.8
-0.271735534,101.85
-0.265887439,101.9
-0.25977396,101.95
-0.253370978,102
-0.246655118,102.05
-0.239603815,102.1
-0.232195369,102.15
-0.224408996,102.2
-0.216224881,102.25
-0.207624224,102.3
-0.198589282,102.35
-0.189103407,102.4
-0.179151091,102.45
-0.16871799,102.5
-0.157790967,102.55
-0.146358115,102.6
-0.13440879,102.65
-0.121933634,102.7
-0.108924605,102.75
-0.095374999,102.8
-0.081279473,102.85
-0.066634068,102.9
-0.051436232,102.95
-0.035684843,103
-0.019380224,103.05
-0.002524174,103.1
0.01488002,103.15
0.032827559,103.2
0.051312108,103.25
0.070325779,103.3
0.08985911,103.35
0.109901044,103.4
0.130438907,103.45
0.151458392,103.5
0.172943536,103.55
0.194876707,103.6
0.21723858,103.65
0.240008128,103.7
0.263162604,103.75
0.286677531,103.8
0.310526689,103.85
0.334682114,103.9
0.359114088,103.95
0.383791143,104
0.408680061,104.05
0.433745888,104.1
0.458951939,104.15
0.484259821,104.2
0.509629459,104.25
0.535019119,104.3
0.560385448,104.35
0.585683522,104.4
0.610866886,104.45
0.635887623,104.5
0.660696412,104.55
0.685242607,104.6
0.709474318,104.65
0.733338503,104.7
0.756781069,104.75
0.779746979,104.8
0.802180372,104.85
0.824024691,104.9
0.845222817,104.95
0.865717215,105
0.88545009,105.05
0.904363544,105.1
0.922399753,105.15
0.939501137,105.2
0.955610552,105.25
0.970671479,105.3
0.984628221,105.35
0.99742611,105.4
1.009011713,105.45
1.019333044,105.5
1.028339785,105.55
1.035983497,105.6
1.042217845,105.65
1.046998816,105.7
1.05E+00,105.75
1.052037506,105.8
1.052220781,105.85
1.050802218,105.9
1.047752663,105.95
1.043046558,106
1.03666213,106.05
1.02858158,106.1
1.018791254,106.15
1.00728181,106.2
0.994048369,106.25
0.979090651,106.3
0.962413106,106.35
0.944025017,106.4
0.923940598,106.45
0.902179067,106.5
0.878764707,106.55
0.8537269,106.6
0.827100154,106.65
0.798924093,106.7
0.769243444,106.75
0.738107987,106.8
0.705572496,106.85
0.671696647,106.9
0.636544912,106.95
0.600186426,107
0.562694837,107.05
0.524148124,107.1
0.484628408,107.15
0.444221725,107.2
0.403017792,107.25
0.361109747,107.3
0.318593866,107.35
0.275569271,107.4
0.232137609,107.45
0.188402725,107.5
0.144470311,107.55
0.100447549,107.6
0.056442735,107.65
0.012564895,107.7
-0.03107661,107.75
-0.074372481,107.8
-0.117213896,107.85
-0.159492916,107.9
-0.201102904,107.95
-0.241938935,108
-0.281898212,108.05
-0.320880479,108.1
-0.358788419,108.15
-0.395528057,108.2
-0.431009143,108.25
-0.465145533,108.3
-0.497855548,108.35
-0.529062327,108.4
-0.558694151,108.45
-0.58668476,108.5
-0.612973645,108.55
-0.637506312,108.6
-0.660234532,108.65
-0.681116562,108.7
-0.700117332,108.75
-0.717208617,108.8
-0.732369172,108.85
-0.745584838,108.9
-0.756848616,108.95
-0.766160717,109
-0.773528566,109.05
-0.778966793,109.1
-0.782497168,109.15
-0.784148526,109.2
-0.783956644,109.25
-0.78196409,109.3
-0.778220045,109.35
-0.772780085,109.4
-0.765705938,109.45
-0.757065216,109.5
-0.746931103,109.55
-0.735382034,109.6
-0.722501337,109.65
-0.708376852,109.7
-0.693100534,109.75
-0.676768022,109.8
-0.659478206,109.85
-0.641332765,109.9
-0.62243569,109.95
-0.602892806,110
-0.582811272,110.05
-0.562299077,110.1
-0.541464535,110.15
-0.52041577,110.2
-0.499260209,110.25
-0.47810407,110.3
-0.457051859,110.35
-0.436205871,110.4
-0.415665709,110.45
-0.395527804,110.5
-0.37588496,110.55
-0.35682591,110.6
-0.338434896,110.65
-0.320791264,110.7
-0.303969092,110.75
-0.288036839,110.8
-0.273057021,110.85
-0.259085916,110.9
-0.246173308,110.95
-0.234362249,111
-0.223688871,111.05
-0.214182221,111.1
-0.20586414,111.15
-0.19874917,111.2
-0.192844505,111.25
-0.188149981,111.3
-0.184658097,111.35
-0.182354075,111.4
-0.181215966,111.45
-0.18121478,111.5
-0.182314664,111.55
-0.184473105,111.6
-0.187641181,111.65
-0.19176383,111.7
-0.196780162,111.75
-0.2026238,111.8
-0.209223243,111.85
-0.216502266,111.9
-0.224380336,111.95
-0.232773055,112
-0.241592625,112.05
-0.250748328,112.1
-0.26014702,112.15
-0.269693647,112.2
-0.279291756,112.25
-0.288844031,112.3
-0.29825282,112.35
-0.307420674,112.4
-0.316250877,112.45
-0.324647977,112.5
-0.332518315,112.55
-0.339770531,112.6
-0.346316078,112.65
-0.352069701,112.7
-0.356949916,112.75
-0.36087946,112.8
-0.36378572,112.85
-0.365601142,112.9
-0.366263609,112.95
-0.365716793,113
-0.36391048,113.05
-0.360800854,113.1
-0.356350758,113.15
-0.350529913,113.2
-0.343315107,113.25
-0.33469034,113.3
-0.324646936,113.35
-0.313183621,113.4
-0.30030655,113.45
-0.286029309,113.5
-0.270372869,113.55
-0.253365505,113.6
-0.23504268,113.65
-0.215446883,113.7
-0.194627442,113.75
-0.172640292,113.8
-0.149547715,113.85
-0.125418044,113.9
-0.100325338,113.95
-0.074349027,114
-0.047573526,114.05
-0.020087835,114.1
0.008014901,114.15
0.036637835,114.2
0.065680897,114.25
0.095041269,114.3
0.124613894,114.35
0.15429198,114.4
0.183967518,114.45
0.213531806,114.5
0.242875973,114.55
0.271891502,114.6
0.300470755,114.65
0.328507485,114.7
0.355897342,114.75
0.382538375,114.8
0.408331505,114.85
0.433180999,114.9
0.45699491,114.95
0.479685509,115
0.501169684,115.05
0.52136932,115.1
0.540211653,115.15
0.557629587,115.2
0.573561993,115.25
0.587953966,115.3
0.600757057,115.35
0.611929467,115.4
0.621436206,115.45
0.629249224,115.5
0.635347496,115.55
0.63971708,115.6
0.642351136,115.65
0.643249908,115.7
0.642420676,115.75
0.639877667,115.8
0.635641937,115.85
0.629741217,115.9
0.622209731,115.95
0.61308798,116
0.602422499,116.05
0.590265583,116.1
0.576674994,116.15
0.56171364,116.2
0.545449227,116.25
0.527953904,116.3
0.509303876,116.35
0.489579014,116.4
0.468862441,116.45
0.447240116,116.5
0.424800405,116.55
0.401633648,116.6
0.377831721,116.65
0.353487595,116.7
0.328694904,116.75
0.303547508,116.8
0.278139067,116.85
0.252562621,116.9
0.226910182,116.95
0.201272338,117
0.175737871,117.05
0.150393393,117.1
0.125322999,117.15
0.100607939,117.2
0.076326313,117.25
0.052552789,117.3
0.029358345,117.35
0.006810033,117.4
-0.015029228,117.45
-0.036100832,117.5
-0.05635064,117.55
-0.07572911,117.6
-0.094191392,117.65
-0.111697398,117.7
-0.128211851,117.75
-0.143704296,117.8
-0.158149091,117.85
-0.17152537,117.9
-0.18381698,117.95
-0.195012395,118
-0.205104607,118.05
-0.21409099,118.1
-0.221973149,118.15
-0.228756749,118.2
-0.234451321,118.25
-0.239070058,118.3
-0.242629592,118.35
-0.245149764,118.4
-0.246653372,118.45
-0.247165926,118.5
-0.246715382,118.55
-0.245331879,118.6
-0.243047469,118.65
-0.239895847,118.7
-0.235912085,118.75
-0.231132361,118.8
-0.225593701,118.85
-0.219333721,118.9
-0.212390382,118.95
-0.20480175,119
-0.196605768,119.05
-0.187840047,119.1
-0.17854166,119.15
-0.168746962,119.2
-0.158491416,119.25
-0.147809446,119.3
-0.136734302,119.35
-0.125297945,119.4
-0.11353095,119.45
-0.101462432,119.5
-0.089119991,119.55
-0.076529672,119.6
-0.06371595,119.65
-0.050701736,119.7
-0.037508395,119.75
-0.02415579,119.8
-0.010662339,119.85
0.002954906,119.9
0.016680171,119.95
0.030498846,120
0.04439737,120.05
0.05836309,120.1
0.072384121,120.15
0.086449185,120.2
0.10054745,120.25
0.114668358,120.3
0.128801448,120.35
0.142936179,120.4
0.157061744,120.45
0.171166893,120.5
0.185239753,120.55
0.199267652,120.6
0.213236946,120.65
0.227132859,120.7
0.240939328,120.75
0.254638857,120.8
0.268212385,120.85
0.281639168,120.9
0.294896673,120.95
0.307960491,121
0.320804264,121.05
0.333399632,121.1
0.345716202,121.15
0.357721526,121.2
0.369381119,121.25
0.380658474,121.3
0.391515119,121.35
0.401910686,121.4
0.411802999,121.45
0.421148194,121.5
0.429900847,121.55
0.438014136,121.6
0.445440013,121.65
0.452129402,121.7
0.45803241,121.75
0.463098566,121.8
0.467277062,121.85
0.470517022,121.9
0.472767777,121.95
0.473979157,122
0.474101791,122.05
0.473087418,122.1
0.470889201,122.15
0.467462052,122.2
0.462762956,122.25
0.456751298,122.3
0.449389187,122.35
0.440641785,122.4
0.430477616,122.45
0.418868883,122.5
0.405791767,122.55
0.391226721,122.6
0.375158741,122.65
0.357577631,122.7
0.33847825,122.75
0.317860731,122.8
0.295730693,122.85
0.272099417,122.9
0.246984009,122.95
0.220407529,123
0.1923991,123.05
0.162993985,123.1
0.132233636,123.15
0.100165715,123.2
0.06684408,123.25
0.032328749,123.3
-0.003314178,123.35
-0.040012622,123.4
-0.077688659,123.45
-0.116258689,123.5
-0.155633635,123.55
-0.195719167,123.6
-0.236415967,123.65
-0.27762001,123.7
-0.31922288,123.75
-0.361112114,123.8
-0.403171566,123.85
-0.445281795,123.9
-0.487320483,123.95
-0.529162862,124
-0.570682166,124.05
-0.611750097,124.1
-0.65223731,124.15
-0.692013898,124.2
-0.7309499,124.25
-0.76891581,124.3
-0.805783088,124.35
-0.841424678,124.4
-0.875715524,124.45
-0.908533085,124.5
-0.939757838,124.55
-0.969273783,124.6
-0.996968933,124.65
-1.022735786,124.7
-1.046471793,124.75
-1.0680798,124.8
-1.087468476,124.85
-1.104552712,124.9
-1.119254006,124.95
-1.131500813,125
-1.141228876,125.05
-1.148381522,125.1
-1.152909929,125.15
-1.154773363,125.2
-1.153939382,125.25
-1.150383999,125.3
-1.144091825,125.35
-1.13505616,125.4
-1.123279059,125.45
-1.108771357,125.5
-1.091552661,125.55
-1.071651302,125.6
-1.049104253,125.65
-1.023957012,125.7
-0.996263452,125.75
-0.966085627,125.8
-0.933493561,125.85
-0.89856499,125.9
-0.861385084,125.95
-0.822046131,126
-0.780647202,126.05
-0.737293782,126.1
-0.692097382,126.15
-0.645175128,126.2
-0.59664933,126.25
-0.546647028,126.3
-0.49529953,126.35
-0.442741932,126.4
-0.389112627,126.45
-0.334552803,126.5
-0.279205944,126.55
-0.223217311,126.6
-0.166733434,126.65
-0.109901604,126.7
-0.052869355,126.75
0.00421603,126.8
0.06120802,126.85
0.117961323,126.9
0.174332359,126.95
0.230179724,127
0.285364633,127.05
0.339751349,127.1
0.393207596,127.15
0.445604945,127.2
0.496819181,127.25
0.546730648,127.3
0.595224569,127.35
0.642191341,127.4
0.687526799,127.45
0.731132463,127.5
0.772915748,127.55
0.812790151,127.6
0.850675411,127.65
0.886497637,127.7
0.920189414,127.75
0.951689872,127.8
0.98094474,127.85
1.007906364,127.9
1.032533702,127.95
1.054792294,128
1.074654207,128.05
1.092097961,128.1
1.107108426,128.15
1.119676699,128.2
1.129799973,128.25
1.137481369,128.3
1.142729768,128.35
1.145559619,128.4
1.145990737,128.45
1.144048088,128.5
1.139761562,128.55
1.133165743,128.6
1.124299664,128.65
1.113206565,128.7
1.099933643,128.75
1.084531798,128.8
1.067055384,128.85
1.047561955,128.9
1.026112019,128.95
1.002768791,129
0.977597954,129.05
0.950667427,129.1
0.922047134,129.15
8.92E-01,129.2
0.860025695,129.25
0.826772527,129.3
0.79212516,129.35
0.756160488,129.4
0.718956258,129.45
0.680590916,129.5
0.641143472,129.55
0.600693364,129.6
0.55932035,129.65
0.517104402,129.7
0.47412561,129.75
0.430464112,129.8
0.386200015,129.85
0.341413344,129.9
0.296183993,129.95
0.250591683,130
0.204715934,130.05
0.158636045,130.1
0.11243107,130.15
0.066179817,130.2
0.019960834,130.25
-0.02614759,130.3
-0.072067427,130.35
-0.117720907,130.4
-0.163030521,130.45
-0.207919017,130.5
-0.252309406,130.55
-0.296124966,130.6
-0.339289254,130.65
-0.381726119,130.7
-0.423359727,130.75
-0.46411459,130.8
-0.503915602,130.85
-0.542688086,130.9
-0.580357852,130.95
-0.616851263,131
-0.652095309,131.05
-0.686017703,131.1
-0.718546971,131.15
-0.749612574,131.2
-0.779145023,131.25
-0.80707602,131.3
-0.833338602,131.35
-0.857867301,131.4
-0.880598313,131.45
-0.901469677,131.5
-0.920421465,131.55
-0.937395983,131.6
-0.952337976,131.65
-0.965194844,131.7
-0.975916865,131.75
-0.984457418,131.8
-0.990773218,131.85
-0.994824549,131.9
-0.996575498,131.95
-0.995994193,132
-0.993053034,132.05
-0.98772893,132.1
-0.980003521,132.15
-0.969863404,132.2
-0.957300342,132.25
-0.942311475,132.3
-0.924899509,132.35
-0.905072902,132.4
-0.88284603,132.45
-0.858239343,132.5
-0.831279497,132.55
-0.801999478,132.6
-0.770438698,132.65
-0.736643073,132.7
-0.700665082,132.75
-0.6625638,132.8
-0.622404906,132.85
-0.580260671,132.9
-0.536209917,132.95
-0.490337949,133
-0.442736465,133.05
-0.393503434,133.1
-0.342742949,133.15
-0.290565056,133.2
-0.237085548,133.25
-0.18242574,133.3
-0.126712213,133.35
-0.070076532,133.4
-0.012654943,133.45
0.045411963,133.5
0.103979603,133.55
0.162899777,133.6
0.222021072,133.65
0.281189279,133.7
0.34024783,133.75
0.399038254,133.8
0.457400653,133.85
0.515174177,133.9
0.57219753,133.95
0.628309473,134
0.683349336,134.05
0.737157544,134.1
0.789576138,134.15
0.840449303,134.2
0.889623892,134.25
0.936949952,134.3
0.98228124,134.35
1.025475732,134.4
1.066396129,134.45
1.104910347,134.5
1.14089199,134.55
1.174220813,134.6
1.204783168,134.65
1.232472422,134.7
1.257189365,134.75
1.278842586,134.8
1.297348828,134.85
1.312633313,134.9
1.324630047,134.95
1.333282084,135
1.338541771,135.05
1.340370951,135.1
1.338741145,135.15
1.333633688,135.2
1.325039841,135.25
1.312960865,135.3
1.297408058,135.35
1.278402762,135.4
1.255976328,135.45
1.230170056,135.5
1.201035091,135.55
1.168632287,135.6
1.133032044,135.65
1.094314102,135.7
1.052567311,135.75
1.007889364,135.8
0.960386507,135.85
0.910173211,135.9
0.857371826,135.95
0.8021122,136
0.744531282,136.05
0.684772699,136.1
0.622986306,136.15
0.559327726,136.2
0.493957871,136.25
0.427042436,136.3
0.358751401,136.35
0.289258496,136.4
0.218740678,136.45
0.14737759,136.5
0.075351013,136.55
0.00284432,136.6
-0.069958073,136.65
-0.142871258,136.7
-0.215710382,136.75
-0.288291188,136.8
-0.360430555,136.85
-0.431947019,136.9
-0.502661301,136.95
-0.572396806,137
-0.64098012,137.05
-0.708241491,137.1
-0.77401529,137.15
-0.838140455,137.2
-0.900460925,137.25
-0.96082604,137.3
-1.019090932,137.35
-1.075116887,137.4
-1.128771691,137.45
-1.179929946,137.5
-1.228473364,137.55
-1.27429104,137.6
-1.317279697,137.65
-1.357343904,137.7
-1.394396271,137.75
-1.428357621,137.8
-1.459157129,137.85
-1.486732444,137.9
-1.511029776,137.95
-1.53200397,138
-1.549618543,138.05
-1.5638457,138.1
-1.574666336,138.15
-1.582069998,138.2
-1.586054836,138.25
-1.586627525,138.3
-1.583803174,138.35
-1.577605202,138.4
-1.568065204,138.45
-1.555222792,138.5
-1.53912542,138.55
-1.519828192,138.6
-1.49739365,138.65
-1.471891548,138.7
-1.443398613,138.75
-1.411998288,138.8
-1.377780461,138.85
-1.340841191,138.9
-1.301282407,138.95
-1.259211612,139
-1.214741567,139.05
-1.167989966,139.1
-1.119079114,139.15
-1.068135581,139.2
-1.015289864,139.25
-0.960676034,139.3
-0.904431385,139.35
-0.846696071,139.4
-0.787612746,139.45
-0.727326199,139.5
-0.665982985,139.55
-0.603731059,139.6
-0.540719402,139.65
-0.477097654,139.7
-0.413015746,139.75
-0.348623528,139.8
-0.284070404,139.85
-0.219504968,139.9
-0.155074643,139.95
-0.090925322,140
-0.027201013,140.05
0.035956508,140.1
0.098408041,140.15
0.160017301,140.2
0.220651247,140.25
0.280180408,140.3
0.3384792,140.35
0.39542623,140.4
0.450904594,140.45
0.504802171,140.5
0.557011893,140.55
0.607432017,140.6
0.655966375,140.65
0.702524619,140.7
0.747022445,140.75
0.789381809,140.8
0.829531125,140.85
0.867405447,140.9
0.902946635,140.95
0.936103505,141
0.966831958,141.05
0.995095096,141.1
1.02086331,141.15
1.044114355,141.2
1.064833403,141.25
1.083013074,141.3
1.098653443,141.35
1.111762029,141.4
1.12235376,141.45
1.13045091,141.5
1.136083019,141.55
1.13928679,141.6
1.140105952,141.65
1.138591111,141.7
1.13479957,141.75
1.128795128,141.8
1.12064785,141.85
1.110433825,141.9
1.098234883,141.95
1.084138308,142
1.068236519,142.05
1.050626724,142.1
1.031410568,142.15
1.010693751,142.2
0.988585626,142.25
0.965198787,142.3
0.940648637,142.35
0.915052935,142.4
0.888531341,142.45
0.86120494,142.5
0.833195758,142.55
0.804626274,142.6
0.775618915,142.65
0.746295559,142.7
0.716777023,142.75
0.687182562,142.8
0.657629359,142.85
0.628232026,142.9
0.599102105,142.95
0.570347585,143
0.542072421,143.05
0.514376072,143.1
0.487353049,143.15
0.461092487,143.2
0.435677727,143.25
0.41118593,143.3
0.387687711,143.35
0.365246794,143.4
0.343919701,143.45
0.323755474,143.5
0.304795418,143.55
0.287072888,143.6
0.270613107,143.65
0.255433019,143.7
0.241541183,143.75
0.228937707,143.8
0.217614216,143.85
0.207553867,143.9
0.198731403,143.95
0.191113248,144
0.18465765,144.05
0.179314854,144.1
0.175027329,144.15
0.171730033,144.2
0.169350712,144.25
0.167810251,144.3
0.167023052,144.35
0.166897459,144.4
0.167336213,144.45
0.168236946,144.5
0.169492701,144.55
0.170992489,144.6
0.172621873,144.65
0.174263573,144.7
0.175798098,144.75
0.177104396,144.8
0.178060522,144.85
0.178544323,144.9
0.178434124,144.95
0.177609431,145
0.175951635,145.05
0.173344713,145.1
0.169675933,145.15
0.164836539,145.2
0.158722442,145.25
0.151234883,145.3
0.142281087,145.35
0.131774889,145.4
0.119637337,145.45
0.105797274,145.5
0.090191872,145.55
0.07276715,145.6
0.053478435,145.65
0.032290797,145.7
0.009179434,145.75
-0.015869995,145.8
-0.042861074,145.85
-0.071786398,145.9
-0.102627381,145.95
-0.135354134,146
-0.169925382,146.05
-0.206288455,146.1
-0.244379323,146.15
-0.2841227,146.2
-0.325432202,146.25
-0.368210563,146.3
-0.412349914,146.35
-0.457732116,146.4
-0.504229152,146.45
-0.551703572,146.5
-0.600008997,146.55
-0.64899067,146.6
-0.698486059,146.65
-0.748325507,146.7
-0.798332929,146.75
-0.848326546,146.8
-0.898119662,146.85
-0.947521472,146.9
-0.996337905,146.95
-1.044372491,147
-1.09142725,147.05
-1.137303604,147.1
-1.1818033,147.15
-1.224729342,147.2
-1.265886932,147.25
-1.305084406,147.3
-1.342134169,147.35
-1.376853621,147.4
-1.409066064,147.45
-1.438601596,147.5
-1.46529798,147.55
-1.489001479,147.6
-1.509567665,147.65
-1.526862191,147.7
-1.540761513,147.75
-1.551153575,147.8
-1.557938442,147.85
-1.561028877,147.9
-1.560350868,147.95
-1.555844087,148
-1.547462291,148.05
-1.53517366,148.1
-1.518961066,148.15
-1.49882227,148.2
-1.474770052,148.25
-1.446832268,148.3
-1.415051839,148.35
-1.379486655,148.4
-1.340209422,148.45
-1.297307426,148.5
-1.250882226,148.55
-1.201049283,148.6
-1.147937511,148.65
-1.091688769,148.7
-1.032457284,148.75
-0.970409011,148.8
-0.905720937,148.85
-0.838580328,148.9
-0.769183921,148.95
-0.697737073,149
-0.624452862,149.05
-0.549551148,149.1
-0.473257604,149.15
-0.395802709,149.2
-0.317420728,149.25
-0.238348658,149.3
-0.158825172,149.35
-0.07908955,149.4
0.000619397,149.45
0.080064392,149.5
0.159010759,149.55
0.237227464,149.6
0.314488148,149.65
0.390572131,149.7
0.465265382,149.75
0.538361457,149.8
0.609662401,149.85
0.678979594,149.9
0.746134557,149.95
0.810959699,150
0.873299005,150.05
