Éý³Á,ºá,×Ý
0.24341,-1.91791,-0.80359
0.43336,-1.82619,-0.94953
0.63274,-1.69682,-1.08943
0.83909,-1.53929,-1.21692
1.04613,-1.35606,-1.32721
1.24606,-1.14218,-1.41698
1.4345,-0.89382,-1.48319
1.60913,-0.61549,-1.52011
1.76708,-0.32161,-1.52186
1.89986,-0.02704,-1.48335
1.99545,0.25557,-1.40457
2.04317,0.52557,-1.28934
2.04044,0.78407,-1.14227
1.99367,1.0286,-0.96418
1.91244,1.25104,-0.75329
1.80222,1.44215,-0.50946
1.66178,1.59496,-0.23603
1.48633,1.70899,0.05793
1.27464,1.7881,0.36224
1.03177,1.83182,0.66846
0.76744,1.83633,0.97054
0.49052,1.79509,1.26435
0.20622,1.70697,1.54287
-0.0826,1.57828,1.79753
-0.37141,1.41917,2.02035
-0.65298,1.23684,2.20656
-0.91964,1.0331,2.35553
-1.16811,0.80728,2.46615
-1.40031,0.56095,2.53395
-1.61911,0.3002,2.55241
-1.82232,0.03493,2.51533
-2.00023,-0.2265,2.42286
-2.13931,-0.48117,2.28009
-2.22956,-0.72773,2.09547
-2.27018,-0.96256,1.87583
-2.26853,-1.17667,1.62309
-2.23407,-1.35989,1.33613
-2.17185,-1.50593,1.01574
-2.07996,-1.61546,0.66655
-1.95251,-1.69434,0.29619
-1.7854,-1.7455,-0.08483
-1.57987,-1.76444,-0.46872
-1.34315,-1.7419,-0.84815
-1.08333,-1.66955,-1.21819
-0.80668,-1.54898,-1.57311
-0.51541,-1.3919,-1.90782
-0.20964,-1.2125,-2.21436
0.10899,-1.02251,-2.48429
0.43486,-0.82261,-2.70838
0.75773,-0.60873,-2.87821
1.06555,-0.37682,-2.98802
1.34835,-0.12846,-3.03561
1.60065,0.12711,-3.02097
1.82109,0.37862,-2.94442
2.00981,0.61504,-2.80388
2.16556,0.83072,-2.59809
2.28467,1.02454,-2.32848
2.36221,1.1983,-2.0022
2.39503,1.35178,-1.63232
2.38477,1.48272,-1.23188
2.33595,1.58549,-0.81218
2.25472,1.65378,-0.38086
2.14532,1.6833,0.05602
2.01049,1.67361,0.49132
1.85213,1.63011,0.91372
1.67395,1.55912,1.31178
1.48182,1.46649,1.67641
1.28175,1.35291,2.003
1.078,1.21498,2.28932
0.87068,1.05001,2.53315
0.65776,0.86092,2.73035
0.43773,0.65718,2.87502
0.21196,0.44984,2.96367
-0.0145,0.24588,2.99614
-0.23603,0.0453,2.97609
-0.44867,-0.15821,2.90876
-0.65216,-0.36871,2.79767
-0.84921,-0.58146,2.64456
-1.04244,-0.78362,2.45071
-1.23088,-0.96234,2.21738
-1.40961,-1.11221,1.94952
-1.57166,-1.23594,1.65301
-1.71155,-1.34119,1.33533
-1.82779,-1.43043,1.00349
-1.92283,-1.49827,0.66225
-1.99914,-1.53185,0.31625
-2.05616,-1.52216,-0.03183
-2.08967,-1.46897,-0.37975
-2.09309,-1.3813,-0.72194
-2.06191,-1.26839,-1.05108
-1.99476,-1.13655,-1.35857
-1.89412,-0.9842,-1.63709
-1.76338,-0.80931,-1.88299
-1.60544,-0.61346,-2.09467
-1.42192,-0.40319,-2.27261
-1.21433,-0.18683,-2.41474
-0.98528,0.03088,-2.51692
-0.73831,0.25016,-2.57326
-0.47794,0.47103,-2.57915
-0.21005,0.68986,-2.53427
0.05853,0.8972,-2.441
0.3204,1.08539,-2.30556
0.56901,1.24946,-2.13255
0.80067,1.39145,-1.92517
1.01495,1.5145,-1.68468
1.21242,1.61794,-1.41348
1.39225,1.69547,-1.11585
1.55005,1.73942,-0.79865
1.68079,1.74505,-0.47158
1.78171,1.71576,-0.14356
1.85487,1.65896,0.17746
1.90382,1.57986,0.48766
1.93063,1.47844,0.78337
1.93282,1.35043,1.05983
1.90547,1.19379,1.31305
1.8468,1.01102,1.5381
1.76051,0.80773,1.73195
1.65289,0.59092,1.8935
1.52776,0.36578,2.02273
1.38213,0.13567,2.1195
1.21023,-0.09511,2.1811
1.00989,-0.32251,2.20497
0.78836,-0.54134,2.19144
0.5593,-0.74891,2.14465
0.33394,-0.94431,2.07271
0.11364,-1.12753,1.98247
-0.10885,-1.29454,1.87504
-0.34119,-1.43742,1.74755
-0.58118,-1.54898,1.59635
-0.81598,-1.62606,1.42064
-1.03027,-1.66865,1.22583
-1.2157,-1.6797,1.01909
-1.37392,-1.66031,0.80454
-1.51012,-1.6078,0.58124
-1.62376,-1.51901,0.34633
-1.70526,-1.3955,0.09947
-1.74205,-1.24202,-0.15375
-1.72851,-1.06623,-0.40537
-1.67094,-0.87309,-0.64777
-1.58178,-0.66417,-0.87903
-1.4691,-0.44083,-1.10089
-1.33098,-0.20464,-1.31448
-1.15854,0.03674,-1.51486
-0.94713,0.27653,-1.69328
-0.70344,0.50844,-1.83954
-0.44526,0.72773,-1.94841
-0.19145,0.93326,-2.02082
0.04704,1.12032,-2.05918
0.27022,1.28259,-2.063
0.48218,1.41466,-2.02814
0.68375,1.51405,-1.94793
0.86986,1.58279,-1.81901
1.03109,1.62358,-1.64139
1.16018,1.6371,-1.4208
1.25481,1.62042,-1.16424
1.31772,1.56814,-0.87807
1.35286,1.47957,-0.56867
1.36298,1.35786,-0.2424
1.34972,1.20912,0.09199
1.31416,1.04032,0.42575
1.25809,0.85484,0.74915
1.18452,0.65358,1.0541
1.09755,0.43925,1.33422
1.00237,0.21636,1.58378
0.90501,-0.00766,1.79784
0.80983,-0.22853,1.97292
0.71821,-0.44128,2.10629
0.62741,-0.64344,2.19526
0.53319,-0.83185,2.23744
0.43309,-1.00065,2.23012
0.32957,-1.14263,2.17171
0.23015,-1.25419,2.06411
0.14236,-1.33578,1.91228
0.07043,-1.3928,1.72399
0.01285,-1.43089,1.50738
-0.03542,-1.45162,1.26705
-0.08041,-1.45027,1.00572
-0.12485,-1.41872,0.72592
-0.16834,-1.35133,0.43068
-0.20868,-1.24811,0.12701
-0.24369,-1.11739,-0.17651
-0.2724,-0.9682,-0.47095
-0.29524,-0.80886,-0.74756
-0.31384,-0.64028,-0.99935
-0.33039,-0.45976,-1.21851
-0.34693,-0.26661,-1.399
-0.36526,-0.06423,-1.53603
-0.38563,0.13815,-1.62707
-0.40683,0.33152,-1.671
-0.42762,0.50844,-1.66893
-0.44608,0.66913,-1.62102
-0.46057,0.81562,-1.52935
-0.46905,0.94972,-1.39772
-0.46905,1.06871,-1.23188
-0.4577,1.16585,-1.04153
-0.43309,1.23639,-0.83494
-0.39411,1.27853,-0.61912
-0.33969,1.29408,-0.39933
-0.26981,1.2871,-0.17778
-0.18489,1.2587,0.04074
-0.08738,1.20754,0.24972
0.01819,1.13294,0.44166
0.12759,1.03423,0.61005
0.23726,0.91343,0.75361
0.34557,0.77393,0.87362
0.45141,0.61662,0.97373
0.55124,0.44421,1.05426
0.63876,0.2603,1.11187
0.70699,0.07054,1.14307
0.75239,-0.11652,1.14657
0.77605,-0.29681,1.12747
0.78111,-0.46674,1.09325
0.76839,-0.62721,1.05044
0.73339,-0.77979,0.99935
0.66925,-0.9229,0.93616
0.57312,-1.05158,0.85643
0.451,-1.15999,0.75918
0.31603,-1.24135,0.65127
0.18133,-1.29206,0.54002
0.05169,-1.30941,0.43052
-0.07781,-1.29566,0.32023
-0.21565,-1.25217,0.20356
-0.36403,-1.18117,0.07417
-0.51472,-1.08539,-0.06748
-0.65216,-0.96549,-0.21582
-0.76197,-0.82125,-0.36208
-0.83855,-0.65538,-0.49912
-0.88573,-0.47238,-0.62485
-0.91075,-0.27969,-0.73945
-0.91731,-0.08474,-0.84306
-0.90323,0.10908,-0.93378
-0.8633,0.30222,-1.00683
-0.79451,0.49424,-1.05712
-0.69975,0.6813,-1.081
-0.58542,0.85393,-1.07734
-0.45797,1.00336,-1.04535
-0.31999,1.12348,-0.98503
-0.17258,1.21611,-0.89606
-0.01778,1.28642,-0.77939
0.13771,1.33916,-0.63695
0.28485,1.37206,-0.4754
0.41544,1.37928,-0.30097
0.52731,1.35493,-0.12144
0.62426,1.29927,0.05921
0.71274,1.21723,0.23953
0.79465,1.11627,0.41986
0.86562,0.99975,0.59795
0.91649,0.86655,0.7673
0.9407,0.71488,0.91945
0.93865,0.54562,1.04662
0.91772,0.36262,1.14482
0.88627,0.17241,1.2158
0.84716,-0.02073,1.26244
0.79629,-0.21388,1.28567
0.72696,-0.40432,1.28074
0.63725,-0.58552,1.24254
0.53442,-0.75026,1.16869
0.43062,-0.89292,1.06381
0.33613,-1.01102,0.93696
0.25258,-1.10725,0.79674
0.17545,-1.18365,0.64522
0.09942,-1.2409,0.48161
0.02516,-1.27493,0.30542
-0.04048,-1.27989,0.1216
-0.09108,-1.25262,-0.05968
-0.12636,-1.19424,-0.22807
-0.15275,-1.1086,-0.37864
-0.17942,-1.00088,-0.51137
-0.21046,-0.87579,-0.62931
-0.24341,-0.73516,-0.73053
-0.27186,-0.58123,-0.8082
-0.2921,-0.41513,-0.85388
-0.30632,-0.2398,-0.862
-0.3204,-0.06017,-0.83462
-0.33982,0.11787,-0.77748
-0.36676,0.28983,-0.69631
-0.39958,0.45142,-0.59445
-0.43596,0.60219,-0.47477
-0.47397,0.7426,-0.34155
-0.51158,0.87264,-0.20324
-0.54481,0.99028,-0.06796
-0.56792,1.089,0.05746
-0.57571,1.16292,0.17173
-0.56546,1.21047,0.27359
-0.53688,1.23323,0.36161
-0.4912,1.23481,0.43116
-0.42857,1.21656,0.477
-0.34926,1.17667,0.49562
-0.25394,1.11221,0.4875
-0.14468,1.02364,0.45567
-0.02379,0.91478,0.40378
0.10694,0.79241,0.33535
0.2467,0.65989,0.25338
0.39343,0.51678,0.1617
0.54166,0.36059,0.06541
0.68334,0.19134,-0.03167
0.81106,0.01487,-0.12637
0.92073,-0.15911,-0.21439
1.01167,-0.32363,-0.2911
1.08347,-0.47553,-0.34967
1.13324,-0.61481,-0.38516
1.15622,-0.74328,-0.39567
1.14869,-0.85799,-0.38341
1.11095,-0.95332,-0.35126
1.04668,-1.02251,-0.30097
0.95971,-1.06421,-0.23301
0.85072,-1.07976,-0.1469
0.71875,-1.07322,-0.04631
0.56532,-1.04595,0.06191
0.39712,-0.99997,0.17173
0.22454,-0.93326,0.27853
0.05593,-0.84672,0.38293
-0.10571,-0.73967,0.48479
-0.2627,-0.61459,0.58124
-0.41627,-0.47463,0.66528
-0.56245,-0.32273,0.7299
-0.69291,-0.1652,0.77255
-0.80094,-0.00541,0.79467
-0.88545,0.1537,0.79993
-0.95,0.31237,0.79006
-0.99704,0.46922,0.76364
-1.02412,0.61932,0.71796
-1.02439,0.75635,0.65493
-0.99321,0.87264,0.57917
-0.93345,0.96549,0.49641
-0.85414,1.03581,0.40888
-0.76525,1.08855,0.31513
-0.67089,1.12438,0.21279
-0.56888,1.13903,0.10297
-0.4551,1.12731,-0.0078
-0.32957,1.08584,-0.11268
-0.19747,1.01958,-0.20595
-0.06673,0.93507,-0.28744
0.05579,0.83726,-0.35842
0.16697,0.72705,-0.41858
0.26488,0.60016,-0.46665
0.34967,0.45638,-0.49991
0.42351,0.3011,-0.51726
0.49093,0.14243,-0.52029
0.55698,-0.01082,-0.51042
0.62344,-0.15866,-0.48861
0.68676,-0.30222,-0.45615
0.74146,-0.44173,-0.41763
0.78604,-0.57042,-0.38086
0.82706,-0.6795,-0.35333
0.87561,-0.76131,-0.33916
0.93933,-0.81697,-0.3371
1.01523,-0.85529,-0.34314
1.09167,-0.88278,-0.35365
1.15758,-0.90171,-0.36877
1.21119,-0.90442,-0.38898
1.25919,-0.88301,-0.41206
1.30842,-0.83523,-0.43132
1.35587,-0.76649,-0.44039
1.38801,-0.68558,-0.43546
1.38951,-0.59836,-0.41858
1.35355,-0.50483,-0.39185
1.28394,-0.40251,-0.35237
1.18698,-0.2896,-0.2911
1.062,-0.1688,-0.19751
0.89954,-0.04778,-0.06605
0.6899,0.06784,0.09963
0.43432,0.17647,0.29062
0.14742,0.27969,0.49673
-0.15015,0.37862,0.71239
-0.44416,0.4717,0.9325
-0.72997,0.55532,1.14864
-1.00743,0.62698,1.34679
-1.27122,0.68468,1.512
-1.5078,0.7293,1.63423
-1.70294,0.76131,1.71254
-1.85118,0.77934,1.75089
-1.95839,0.78204,1.75057
-2.03442,0.76739,1.70856
-2.0816,0.73516,1.61895
-2.09117,0.68603,1.48144
-2.05042,0.62203,1.30191
-1.95333,0.5436,1.09278
-1.80701,0.45232,0.86343
-1.6254,0.3491,0.61769
-1.41932,0.23574,0.35413
-1.1904,0.11471,0.07385
-0.93427,-0.00992,-0.21693
-0.64997,-0.13612,-0.50676
-0.34488,-0.26121,-0.78512
-0.03145,-0.38155,-1.04519
0.2802,-0.49401,-1.28552
0.58638,-0.59566,-1.50308
0.88723,-0.68333,-1.69328
1.17974,-0.75545,-1.84877
1.45542,-0.81201,-1.96496
1.70294,-0.85303,-2.04056
1.91435,-0.87985,-2.07621
2.08816,-0.89112,-2.07159
2.22519,-0.88503,-2.02242
2.32364,-0.85776,-1.92342
2.37657,-0.80683,-1.77333
2.37588,-0.73449,-1.57646
2.3179,-0.64592,-1.34043
2.20508,-0.54946,-1.07352
2.04345,-0.44917,-0.77971
1.83695,-0.34595,-0.46172
1.58739,-0.23461,-0.12382
1.29844,-0.11066,0.22616
0.97954,0.02524,0.57917
0.646,0.16993,0.92566
0.31288,0.31349,1.25814
-0.01067,0.44646,1.56977
-0.32314,0.56343,1.8518
-0.62276,0.66169,2.09324
-0.90268,0.74418,2.28343
-1.14842,0.81359,2.41553
-1.34534,0.87196,2.49018
-1.48715,0.91839,2.51071
-1.57918,0.94949,2.48015
-1.63388,0.95963,2.3993
-1.66191,0.94341,2.2664
-1.66547,0.89833,2.08194
-1.64003,0.82441,1.8518
-1.58178,0.72705,1.58569
-1.49276,0.61301,1.29459
-1.38281,0.4859,0.98646
-1.26329,0.34707,0.66655
-1.14227,0.1954,0.33662
-1.02111,0.03088,-0.00016
-0.89735,-0.14176,-0.33869
-0.76826,-0.31507,-0.67069
-0.63438,-0.47982,-0.9855
-0.50023,-0.62969,-1.27485
-0.37251,-0.76288,-1.53173
-0.25723,-0.87805,-1.7528
-0.15836,-0.97586,-1.93695
-0.0759,-1.05158,-2.08274
-0.0067,-1.10207,-2.18794
0.05415,-1.12438,-2.24762
0.11145,-1.11784,-2.25717
0.16697,-1.08652,-2.215
0.2188,-1.03378,-2.12173
0.26352,-0.96053,-1.98263
0.29839,-0.86791,-1.80389
0.32355,-0.755,-1.59142
0.34187,-0.62248,-1.35061
0.3576,-0.47306,-1.08721
0.37524,-0.31146,-0.80725
0.39849,-0.14086,-0.51806
0.42953,0.03516,-0.22569
0.46878,0.21523,0.06446
0.51377,0.39575,0.34856
0.55917,0.57357,0.62087
0.59896,0.74576,0.87409
0.63028,0.91073,1.1001
0.65421,1.06556,1.29475
0.67513,1.20506,1.45645
0.69564,1.32293,1.58823
0.71219,1.41173,1.69153
0.71534,1.46694,1.76617
0.69496,1.48926,1.80819
0.64628,1.48114,1.81471
0.57325,1.44553,1.78654
0.48437,1.38175,1.72766
0.38604,1.28462,1.64489
0.27692,1.15075,1.54256
0.15042,0.98082,1.42207
0.00123,0.78227,1.28249
-0.16752,0.56523,1.12588
-0.34516,0.33693,0.95701
-0.51855,0.10119,0.78242
-0.68088,-0.14041,0.6083
-0.83335,-0.38561,0.43609
-0.98022,-0.62315,0.26372
-1.12066,-0.84086,0.08961
-1.24551,-1.02724,-0.08579
-1.34096,-1.18072,-0.25959
-1.39676,-1.3058,-0.42718
-1.41248,-1.40812,-0.58634
-1.39457,-1.48926,-0.73929
-1.34944,-1.54402,-0.8881
-1.27751,-1.56431,-1.03437
-1.17386,-1.54605,-1.17442
-1.03437,-1.49061,-1.30191
-0.86138,-1.40249,-1.41061
-0.66392,-1.28642,-1.49751
-0.45237,-1.14511,-1.56118
-0.23275,-0.97947,-1.60081
-0.00752,-0.79308,-1.61354
0.21976,-0.5925,-1.59492
0.44047,-0.38516,-1.54096
0.64163,-0.17602,-1.4512
0.8127,0.03403,-1.32737
0.95178,0.24588,-1.17188
1.06364,0.45615,-0.98455
1.15362,0.65786,-0.76284
1.2198,0.84266,-0.50739
1.25331,1.0029,-0.22346
1.24524,1.13497,0.07608
1.19478,1.2409,0.37704
1.11109,1.32203,0.66544
1.00702,1.38018,0.93457
0.89202,1.41376,1.18095
0.76853,1.42232,1.40266
0.63725,1.40294,1.59412
0.50269,1.35381,1.74835
0.37374,1.2729,1.85864
0.25791,1.15976,1.92151
0.15562,1.01891,1.93615
0.06003,0.85619,1.90273
-0.03542,0.68085,1.82108
-0.12827,0.49852,1.69184
-0.20635,0.31034,1.52011
-0.25709,0.11381,1.3156
-0.27787,-0.09128,1.08912
-0.27993,-0.30222,0.84926
-0.27883,-0.50866,0.59795
-0.28293,-0.70226,0.3355
-0.28635,-0.87602,0.06478
-0.27569,-1.03017,-0.20404
-0.24287,-1.16652,-0.4563
-0.19418,-1.28462,-0.67706
-0.14783,-1.38175,-0.85961
-0.12102,-1.4532,-1.00285
-0.11966,-1.49579,-1.10996
-0.13675,-1.50841,-1.18079
-0.16054,-1.49286,-1.21183
-0.18447,-1.45027,-1.19782
-0.21073,-1.37837,-1.13957
-0.24533,-1.27538,-1.04328
-0.29155,-1.14016,-0.91945
-0.34625,-0.97609,-0.77796
-0.40245,-0.79083,-0.62453
-0.45414,-0.59408,-0.46347
-0.49859,-0.39305,-0.29731
-0.53483,-0.19292,-0.13242
-0.56245,0.00654,0.02499
-0.58009,0.20712,0.16903
-0.58789,0.40815,0.29603
-0.58761,0.60602,0.40331
-0.58118,0.79241,0.48814
-0.56833,0.95738,0.54941
-0.54508,1.09395,0.58729
-0.50707,1.20078,0.6048
-0.45264,1.28056,0.60655
-0.38563,1.33826,0.59605
-0.31247,1.3768,0.57376
-0.23767,1.39347,0.53875
-0.16164,1.38378,0.49084
-0.08205,1.34367,0.43243
0.00246,1.27245,0.3694
0.08916,1.17306,0.30542
0.17244,1.05091,0.2424
0.24875,0.90892,0.17778
0.31863,0.75094,0.11109
0.38577,0.57853,0.04377
0.45291,0.3953,-0.01942
0.51773,0.20622,-0.07608
0.57394,0.016,-0.1251
0.61483,-0.17038,-0.17014
0.63835,-0.35023,-0.2155
0.64723,-0.52016,-0.26102
0.64669,-0.67859,-0.30463
0.64053,-0.82464,-0.34092
0.62891,-0.9558,-0.36718
0.6099,-1.06961,-0.38309
0.58132,-1.16179,-0.3901
0.54248,-1.22783,-0.38962
0.49339,-1.26727,-0.38086
0.43391,-1.28394,-0.36352
0.36293,-1.28101,-0.33821
0.28006,-1.2596,-0.30542
0.1868,-1.2152,-0.26691
0.08766,-1.14016,-0.22123
-0.01162,-1.03062,-0.16552
-0.10694,-0.89112,-0.09756
-0.1961,-0.73516,-0.01703
-0.28006,-0.57582,0.07353
-0.36033,-0.41874,0.17173
-0.43773,-0.25895,0.27375
-0.51199,-0.08564,0.37752
-0.58255,0.10435,0.48145
-0.65011,0.30515,0.5814
-0.71588,0.50168,0.67419
-0.7807,0.68085,0.75552
-0.84402,0.84086,0.823
-0.90296,0.98668,0.876
-0.95383,1.12528,0.91372
-0.99307,1.25419,0.93425
-1.01933,1.3626,0.93521
-1.03246,1.43742,0.91484
-1.03314,1.47303,0.87187
-1.02179,1.47461,0.80725
-0.998,1.45162,0.72051
-0.96094,1.4097,0.61053
-0.91007,1.34795,0.47747
-0.84484,1.26005,0.32229
-0.76457,1.14061,0.14993
-0.66911,0.99164,-0.0331
-0.55821,0.8172,-0.22298
-0.43254,0.62518,-0.4154
-0.29292,0.42054,-0.6083
-0.14085,0.20622,-0.7977
0.02202,-0.01172,-0.97691
0.19282,-0.22965,-1.13798
0.36717,-0.44015,-1.27406
0.53934,-0.64141,-1.38133
0.70344,-0.83185,-1.45852
0.85427,-1.01034,-1.50468
0.98829,-1.17193,-1.51677
1.10234,-1.30941,-1.49194
1.19273,-1.41579,-1.42764
1.25563,-1.48926,-1.32499
1.28886,-1.52982,-1.18763
1.29242,-1.53997,-1.0194
1.26903,-1.51901,-0.8238
1.22186,-1.46447,-0.60289
1.15239,-1.37432,-0.36161
1.06022,-1.25149,-0.10695
0.94576,-1.10207,0.15184
0.8127,-0.93169,0.4076
0.66734,-0.74395,0.65493
0.51596,-0.53864,0.89065
0.36157,-0.3153,1.11156
0.20253,-0.07911,1.31114
0.03706,0.16069,1.48239
-0.13333,0.39485,1.62086
-0.30249,0.61707,1.72638
-0.46276,0.82711,1.8015
-0.61072,1.02612,1.84877
-0.7487,1.2116,1.86612
-0.88108,1.37815,1.84909
-1.00948,1.51653,1.79466
-1.12914,1.62042,1.7041
-1.23211,1.68871,1.5833
-1.31225,1.72387,1.43926
-1.36927,1.72725,1.2739
-1.40715,1.69637,1.08641
-1.42835,1.62651,0.87537
-1.4319,1.5145,0.64236
-1.41399,1.36418,0.39296
-1.37201,1.18365,0.13433
-1.30678,0.98217,-0.12892
-1.22062,0.76514,-0.39519
-1.11382,0.53345,-0.66225
-0.98391,0.2878,-0.92391
-0.82884,0.03178,-1.17092
-0.65216,-0.22717,-1.39358
-0.46358,-0.48072,-1.58664
-0.27418,-0.72254,-1.74882
-0.09094,-0.95084,-1.87901
0.08561,-1.1654,-1.97355
0.25736,-1.36192,-2.02671
0.42187,-1.53118,-2.03133
0.57052,-1.66189,-1.98613
0.69414,-1.74798,-1.89286
0.78863,-1.79058,-1.75567
0.85783,-1.79914,-1.57693
0.90843,-1.77999,-1.35698
0.94234,-1.73401,-1.09835
0.95506,-1.65333,-0.80852
0.93933,-1.5296,-0.50055
0.89434,-1.36147,-0.18797
0.82897,-1.15841,0.11969
0.75691,-0.93529,0.41747
0.68867,-0.70384,0.70332
0.62659,-0.46742,0.97198
0.56683,-0.22244,1.21644
0.5057,0.0329,1.42764
0.4443,0.29591,1.60065
0.387,0.55689,1.73307
0.33722,0.80435,1.82554
0.29415,1.0313,1.87838
0.2549,1.23752,1.89095
0.21729,1.42277,1.86501
0.18065,1.58481,1.8031
0.144,1.71666,1.71047
0.10379,1.81244,1.58998
0.05538,1.86856,1.44292
-0.00273,1.88591,1.27071
-0.06632,1.8672,1.07829
-0.12772,1.81289,0.87489
-0.18352,1.72026,0.67117
-0.23876,1.58797,0.47286
-0.3029,1.41736,0.27853
-0.3818,1.21566,0.08292
-0.47014,0.99186,-0.11682
-0.55356,0.75274,-0.31688
-0.61756,0.50033,-0.50771
-0.65571,0.23484,-0.68151
-0.6713,-0.04169,-0.83494
-0.67035,-0.32251,-0.97054
-0.65503,-0.59814,-1.0915
-0.62248,-0.85822,-1.19607
-0.56929,-1.09756,-1.28042
-0.49763,-1.31392,-1.33963
-0.41339,-1.50638,-1.37385
-0.32232,-1.67203,-1.38451
-0.22482,-1.8059,-1.37289
-0.1187,-1.90259,-1.33613
-0.00479,-1.95826,-1.26976
0.10885,-1.97245,-1.17172
0.21128,-1.94631,-1.04503
0.29524,-1.88185,-0.8951
0.36184,-1.78044,-0.72624
0.41654,-1.64273,-0.53827
0.46071,-1.4719,-0.32993
0.48737,-1.27222,-0.1052
0.48628,-1.04843,0.12605
0.45346,-0.80503,0.3519
0.39712,-0.54517,0.56246
0.33244,-0.27022,0.75552
0.27104,0.01645,0.9325
0.21278,0.30853,1.09278
0.14974,0.59701,1.22997
0.07535,0.87151,1.33358
-0.00615,1.12393,1.39693
-0.08273,1.35133,1.41953
-0.14222,1.55349,1.40759
-0.18188,1.72973,1.36573
-0.20731,1.87577,1.29491
-0.22509,1.98507,1.19177
-0.23535,2.05133,1.05537
-0.23193,2.07207,0.88985
-0.20841,2.04931,0.70427
-0.16424,1.98575,0.50771
-0.1053,1.88276,0.30542
-0.03829,1.73942,0.0982
0.03282,1.55394,-0.11173
0.10844,1.33059,-0.31911
0.18776,1.07773,-0.51535
0.26762,0.80638,-0.69138
0.34256,0.52421,-0.84083
0.40902,0.23326,-0.9602
0.46604,-0.06581,-1.0463
0.51281,-0.37231,-1.09484
0.54454,-0.67814,-1.1028
0.55301,-0.97135,-1.07145
0.53113,-1.23932,-1.0054
0.47876,-1.47641,-0.91102
0.403,-1.68172,-0.79372
0.31384,-1.85706,-0.65446
0.21757,-1.99882,-0.49466
0.11528,-2.10001,-0.31736
0.00615,-2.15207,-0.12971
-0.10735,-2.1505,0.05968
-0.21921,-2.09686,0.24399
-0.32314,-1.99679,0.41906
-0.41709,-1.85594,0.58045
-0.50337,-1.67654,0.72417
-0.58378,-1.45883,0.84433
-0.6553,-1.20641,0.93616
-0.7111,-0.92628,0.99935
-0.74569,-0.62743,1.03516
-0.75978,-0.31913,1.04503
-0.75964,-0.00541,1.02816
-0.75103,0.31169,0.98184
-0.73421,0.63217,0.90561
-0.70412,0.94994,0.80327
-0.6564,1.25555,0.68231
-0.59308,1.53433,0.54909
-0.52156,1.77503,0.40697
-0.44991,1.96997,0.25561
-0.38139,2.11985,0.09518
-0.31384,2.22712,-0.07114
-0.24423,2.29406,-0.23714
-0.17299,2.31772,-0.39614
-0.10407,2.29181,-0.5432
-0.0413,2.20977,-0.67467
0.01518,2.07026,-0.78783
0.06865,1.87892,-0.87855
0.12102,1.64431,-0.94189
0.17053,1.37635,-0.97595
0.21237,1.07976,-0.98232
0.24369,0.75747,-0.96386
0.26625,0.41468,-0.92311
0.28485,0.06085,-0.85929
0.30372,-0.29186,-0.77048
0.32287,-0.63307,-0.65859
0.33928,-0.95806,-0.52888
0.3509,-1.26636,-0.38898
0.35924,-1.55664,-0.24558
0.36786,-1.82145,-0.10186
0.37962,-2.0484,0.04027
0.39329,-2.22307,0.17857
0.4056,-2.33981,0.30813
0.41353,-2.40066,0.42288
0.41736,-2.4126,0.51901
0.41955,-2.38038,0.59573
0.42256,-2.3033,0.65493
0.42679,-2.17596,0.69902
0.43049,-1.99544,0.72894
0.43008,-1.76489,0.7447
0.42105,-1.49286,0.74597
0.39903,-1.18929,0.73276
0.36102,-0.8616,0.7057
0.30741,-0.51452,0.66528
0.24287,-0.15461,0.61371
0.17299,0.21072,0.55657
0.09969,0.57447,0.50039
0.01764,0.92921,0.44914
-0.0826,1.26974,0.40219
-0.20731,1.59112,0.35397
-0.35186,1.88591,0.29938
-0.5016,2.14193,0.23874
-0.63985,2.3486,0.17969
-0.75882,2.49982,0.13083
-0.86289,2.59493,0.09613
-0.96189,2.63662,0.07051
-1.0609,2.62558,0.04329
-1.1528,2.55819,0.00541
-1.22186,2.43131,-0.04297
-1.25399,2.24335,-0.09725
-1.24524,2.00108,-0.14993
-1.20216,1.71418,-0.20022
-1.13365,1.39437,-0.25242
-1.04367,1.04843,-0.3129
-0.92935,0.67995,-0.3823
-0.78562,0.29321,-0.4563
-0.61209,-0.10457,-0.52888
-0.41449,-0.50438,-0.59525
-0.20171,-0.89495,-0.65493
0.01819,-1.26727,-0.70841
0.24013,-1.61389,-0.75457
0.45989,-1.92941,-0.78974
0.67144,-2.20887,-0.80948
0.86713,-2.44461,-0.81123
1.04012,-2.62941,-0.79467
1.18493,-2.75697,-0.76045
1.29871,-2.82391,-0.70746
1.37789,-2.82909,-0.63488
1.41864,-2.77388,-0.54225
1.41836,-2.66029,-0.43164
1.3772,-2.49058,-0.30701
1.29926,-2.26589,-0.17205
1.18945,-1.98823,-0.02817
1.05065,-1.66189,0.12176
0.88449,-1.29611,0.27646
0.69223,-0.90239,0.42957
0.47931,-0.49221,0.57599
0.25381,-0.0746,0.71112
0.02379,0.34527,0.83399
-0.20608,0.76514,0.9438
-0.43527,1.17599,1.03914
-0.66351,1.56611,1.11601
-0.88627,1.92129,1.17029
-1.09523,2.23186,1.20053
-1.28093,2.49396,1.20785
-1.43792,2.70919,1.19591
-1.56592,2.87642,1.16726
-1.66725,2.99068,1.12158
-1.74287,3.04207,1.05792
-1.79087,3.02359,0.97643
-1.8081,2.93389,0.87903
-1.79388,2.77816,0.76937
-1.75053,2.56473,0.65
-1.68106,2.29924,0.52204
-1.58684,1.98372,0.3858
-1.46636,1.62042,0.2424
-1.3184,1.2152,0.09438
-1.14541,0.77934,-0.05602
-0.95383,0.32634,-0.20897
-0.75021,-0.13207,-0.36606
-0.53756,-0.58935,-0.52745
-0.3137,-1.03829,-0.69218
-0.07535,-1.47145,-0.85579
0.17736,-1.8778,-1.01288
0.43787,-2.24628,-1.15946
0.6951,-2.56766,-1.29507
0.9396,-2.83675,-1.42016
1.16757,-3.05108,-1.53332
1.37966,-3.20749,-1.63057
1.57795,-3.30102,-1.70506
1.76051,-3.32761,-1.75026
1.92023,-3.28637,-1.76108
2.04741,-3.17842,-1.73498
2.13397,-3.00714,-1.671
2.17541,-2.77523,-1.56802
2.17117,-2.48517,-1.42589
2.12208,-2.14081,-1.24461
2.02895,-1.75001,-1.02482
1.8922,-1.32248,-0.76905
1.71402,-0.86858,-0.48097
1.49768,-0.39823,-0.16712
1.24825,0.08136,0.16552
0.97133,0.5632,0.50915
0.67212,1.03671,0.85515
0.35651,1.48926,1.19448
0.03173,1.91025,1.51948
-0.29387,2.29181,1.82188
-0.6125,2.62964,2.09244
-0.91814,2.92104,2.32306
-1.2075,3.15949,2.50514
-1.47771,3.33595,2.63167
-1.72345,3.44165,2.69788
-1.93596,3.4714,2.70059
-2.10539,3.4261,2.64058
-2.22478,3.31296,2.52026
-2.29397,3.13785,2.3428
-2.32009,2.90504,2.1125
-2.31243,2.61566,1.83206
-2.27756,2.26837,1.50483
-2.21466,1.86563,1.13559
-2.11811,1.41466,0.73228
-1.9815,0.92628,0.30749
-1.80331,0.41356,-0.1251
-1.58875,-0.10908,-0.55482
-1.34643,-0.63127,-0.97452
-1.08511,-1.14218,-1.37894
-0.80997,-1.63214,-1.76331
-0.52348,-2.09122,-2.11982
-0.22755,-2.51019,-2.43702
0.07316,-2.8798,-2.70297
0.37141,-3.19284,-2.90845
0.65817,-3.44143,-3.04755
0.92456,-3.62105,-3.11567
1.16415,-3.72832,-3.11026
1.37132,-3.76145,-3.02797
1.54185,-3.71976,-2.86882
1.67135,-3.60302,-2.63597
1.75723,-3.41235,-2.33802
1.79921,-3.14844,-1.98533
1.79948,-2.81534,-1.58839
1.76284,-2.41846,-1.15835
1.69419,-1.96795,-0.70666
1.59833,-1.47393,-0.24701
1.47894,-0.94949,0.20468
1.34001,-0.40567,0.63536
1.18616,0.14491,1.0358
1.0222,0.69234,1.40138
0.85222,1.22625,1.72941
0.67841,1.73784,2.01541
0.50091,2.21743,2.25192
0.31945,2.65803,2.43129
0.13497,3.0495,2.55018
-0.04882,3.38238,2.61002
-0.22851,3.64719,2.61735
-0.40163,3.83763,2.57788
-0.56847,3.95077,2.49511
-0.7301,3.98773,2.37049
-0.88614,3.94806,2.20624
-1.03259,3.83042,2.00841
-1.16346,3.63367,1.78479
-1.27519,3.35714,1.54256
-1.36886,3.00578,1.28567
-1.44886,2.58975,1.01367
-1.51888,2.11962,0.72687
-1.57699,1.60577,0.42845
-1.61542,1.05587,0.12526
-1.62622,0.47891,-0.17396
-1.60571,-0.11246,-0.46394
-1.55716,-0.70293,-0.74215
-1.4866,-1.27493,-1.00858
-1.39689,-1.81492,-1.26148
-1.28585,-2.31434,-1.49608
-1.14897,-2.76734,-1.70633
-0.98487,-3.16805,-1.88681
-0.79834,-3.50881,-2.03515
-0.59773,-3.78016,-2.15086
-0.39001,-3.97488,-2.2333
-0.1775,-4.0896,-2.27882
0.03925,-4.12498,-2.28391
0.25736,-4.08081,-2.24476
0.46823,-3.9573,-2.16216
0.66214,-3.75402,-2.04024
0.83349,-3.47411,-1.88204
0.98323,-3.12478,-1.68803
1.11505,-2.71483,-1.45645
1.2276,-2.25282,-1.18668
1.31197,-1.74618,-0.88269
1.35546,-1.20281,-0.5553
1.35081,-0.63239,-0.21725
1.30185,-0.04733,0.12144
1.22117,0.53931,0.45615
1.11998,1.11829,0.78512
1.00087,1.67924,1.10535
0.85797,2.21202,1.40966
0.68511,2.70288,1.68643
0.48409,3.13875,1.92422
0.26639,3.50904,2.116
0.04636,3.80946,2.26004
-0.16629,4.03956,2.35665
-0.36963,4.19687,2.40455
-0.56409,4.2735,2.39914
-0.74679,4.25998,2.33611
-0.90938,4.15135,2.21468
-1.04217,3.95144,2.03976
-1.14008,3.67356,1.82013
-1.2049,3.33054,1.56516
-1.24086,2.92916,1.28138
-1.25044,2.46782,0.97373
-1.2317,1.94518,0.64634
-1.18151,1.36958,0.30654
-1.10029,0.75815,-0.03613
-0.9928,0.13455,-0.37259
-0.86576,-0.48297,-0.69361
-0.7245,-1.08584,-0.99044
-0.57243,-1.66955,-1.25591
-0.41476,-2.22938,-1.48239
-0.26051,-2.75292,-1.66383
-0.12143,-3.22237,-1.79657
-0.00725,-3.62082,-1.87695
,-3.93747,-1.90273
,-4.16735,-1.87058
,-4.30911,-1.78002
,-4.36162,
,-4.32353,
,-4.19552,
,-3.97984,
,-3.68167,
,-3.30575,
,-2.85771,
,-2.3468,
,-1.78517,
,-1.18884,
,-0.57132,
,0.05544,
,0.68378,
,1.3022,
,1.89763,
,2.45317,
,2.95507,
,3.39523,
,3.77047,
,4.07765,
,4.30978,
,4.4556,
,4.50338,
,4.44951,
,4.29671,
,4.05511,
,3.73599,
,3.34587,
,2.89039,
,2.37474,
,1.80545,
,1.19537,
,0.5578,
,-0.09082,
,-0.73674,
,-1.36553,
,-1.96502,
,-2.52259,
,-3.02652,
,-3.46577,
,-3.83042,
,-4.11439,
,-4.31362,
,-4.42585,
,-4.45019,
,-4.38393,
,-4.22482,
,-3.97421,
,-3.63885,
,-3.2298,
,-2.75923,
,-2.23591,
,-1.66662,
,-1.05947,
,-0.42663,
,0.2132,
,0.84379,
,1.45162,
,2.02789,
,2.56698,
,3.0601,
,3.49416,
,3.85386,
,4.12949,
,4.31677,
,4.41774,
,4.43374,
,4.36275,
,4.20115,
,3.94896,
,3.61113,
,3.19712,
,2.71979,
,2.18881,
,1.61231,
,0.99997,
,0.36307,
,-0.28284,
,-0.92267,
,-1.54289,
,-2.13247,
,-2.6799,
,-3.17414,
,-3.60234,
,-3.9546,
,-4.22437,
,-4.40782,
,-4.5027,
,-4.50743,
,-4.41841,
,-4.23609,
,-3.96361,
,-3.60775,
,-3.17909,
,-2.68733,
,-2.14306,
,-1.55461,
,-0.93372,
,-0.29298,
,0.35226,
,0.9878,
,1.60059,
,2.1807,
,2.71888,
,3.20343,
,3.62172,
,3.96113,
,4.2131,
,4.37447,
,4.44771,
,4.43577,
,4.33796,
,4.15247,
,3.87684,
,3.51602,
,3.08083,
,2.58682,
,2.0484,
,1.47461,
,0.87196,
,0.24904,
,-0.38088,
,-1.00133,
,-1.59608,
,-2.15298,
,-2.66277,
,-3.11757,
,-3.50791,
,-3.82321,
,-4.05714,
,-4.20566,
,-4.26741,
,-4.24195,
,-4.12566,
,-3.91674,
,-3.61947,
,-3.24423,
,-2.8052,
,-2.31547,
,-1.78201,
,-1.21205,
,-0.61391,
,-0.00158,
,0.6076,
,1.1983,
,1.75925,
,2.28076,
,2.75292,
,3.16444,
,3.50431,
,3.76709,
,3.95212,
,4.06075,
,4.09253,
,4.04227,
,3.90817,
,3.69136,
,3.39951,
,3.04274,
,2.62693,
,2.15681,
,1.63823,
,1.08381,
,0.5125,
,-0.05634,
,-0.61098,
,-1.14579,
,-1.65738,
,-2.13675,
,-2.57036,
,-2.9429,
,-3.2458,
,-3.47726,
,-3.63727,
,-3.72247,
,-3.72427,
,-3.63547,
,-3.45788,
,-3.20276,
,-2.88543,
,-2.51853,
,-2.10655,
,-1.65085,
,-1.15728,
,-0.63983,
,-0.11584,
,0.40116,
,0.90442,
,1.39032,
,1.85256,
,2.27806,
,2.64992,
,2.95598,
,3.19149,
,3.35872,
,3.46081,
,3.49754,
,3.46644,
,3.36277,
,3.18585,
,2.94065,
,2.63392,
,2.274,
,1.86923,
,1.42886,
,0.96324,
,0.47982,
,-0.01127,
,-0.50348,
,-0.98442,
,-1.44148,
,-1.85954,
,-2.22825,
,-2.54174,
,-2.79844,
,-2.99722,
,-3.13515,
,-3.20749,
,-3.2102,
,-3.14258,
,-3.00714,
,-2.80836,
,-2.55076,
,-2.23727,
,-1.87374,
,-1.46852,
,-1.03423,
,-0.58349,
,-0.12756,
,0.32476,
,0.76762,
,1.19289,
,1.59248,
,1.95578,
,2.27175,
,2.53228,
,2.73331,
,2.87326,
,2.95282,
,2.97153,
,2.92735,
,2.81692,
,2.64,
,2.40134,
,2.10993,
,1.77796,
,1.41421,
,1.02567,
,0.61752,
,0.19743,
,-0.22447,
,-0.63825,
,-1.0331,
,-1.40294,
,-1.74212,
,-2.04502,
,-2.3024,
,-2.50433,
,-2.64361,
,-2.71866,
,-2.73128,
,-2.68576,
,-2.58411,
,-2.425,
,-2.21,
,-1.94316,
,-1.63304,
,-1.29115,
,-0.92853,
,-0.55329,
,-0.17309,
,0.20554,
,0.57785,
,0.93552,
,1.27087,
,1.57535,
,1.84039,
,2.05945,
,2.22938,
,2.3495,
,2.42027,
,2.44123,
,2.41035,
,2.32539,
,2.18791,
,2.00355,
,1.77908,
,1.52103,
,1.23323,
,0.91771,
,0.57988,
,0.22717,
,-0.12914,
,-0.47801,
,-0.81044,
,-1.11739,
,-1.39347,
,-1.63214,
,-1.82912,
,-1.98327,
,-2.0946,
,-2.16199,
,-2.18092,
,-2.14734,
,-2.059,
,-1.91927,
,-1.73649,
,-1.52058,
,-1.27651,
,-1.00696,
,-0.71285,
,-0.40139,
,-0.08474,
,0.22357,
,0.51452,
,0.78452,
,1.03378,
,1.26118,
,1.46176,
,1.62741,
,1.75272,
,1.83723,
,1.88185,
,1.88794,
,1.85346,
,1.77548,
,1.65378,
,1.49286,
,1.3013,
,1.08742,
,0.85551,
,0.6085,
,0.34888,
,0.08226,
,-0.1821,
,-0.43722,
,-0.67724,
,-0.89878,
,-1.10004,
,-1.27696,
,-1.4248,
,-1.53726,
,-1.61141,
,-1.64769,
,-1.64837,
,-1.61637,
,-1.55146,
,-1.45162,
,-1.31437,
,-1.14151,
,-0.93935,
,-0.72029,
,-0.49492,
,-0.27045,
,-0.04823,
,0.17354,
,0.3962,
,0.61459,
,0.81968,
,1.00223,
,1.15638,
,1.28191,
,1.37928,
,1.44711,
,1.48047,
,1.47461,
,1.42841,
,1.34524,
,1.23143,
,1.09148,
,0.92538,
,0.73471,
,0.52219,
,0.29614,
,0.06626,
,-0.16227,
,-0.38764,
,-0.60986,
,-0.82509,
,-1.02454,
,-1.19672,
,-1.33375,
,-1.43449,
,-1.50143,
,-1.53794,
,-1.54289,
,-1.51247,
,-1.44351,
,-1.33826,
,-1.20078,
,-1.03536,
,-0.84559,
,-0.63307,
,-0.40229,
,-0.16114,
,0.07978,
,0.31349,
,0.53436,
,0.74125,
,0.93372,
,1.10815,
,1.25825,
,1.37815,
,1.46334,
,1.51089,
,1.52058,
,1.49174,
,1.42683,
,1.32902,
,1.20236,
,1.04933,
,0.87174,
,0.67116,
,0.45052,
,0.21839,
,-0.016,
,-0.24611,
,-0.46855,
,-0.68288,
,-0.88864,
,-1.08043,
,-1.24856,
,-1.38333,
,-1.48114,
,-1.54244,
,-1.57287,
,-1.5749,
,-1.5474,
,-1.48768,
,-1.3928,
,-1.26366,
,-1.10522,
,-0.92087,
,-0.71443,
,-0.48793,
,-0.24701,
,0.00023,
,0.24498,
,0.47914,
,0.7,
,0.90667,
,1.09914,
,1.27538,
,1.42796,
,1.54853,
,1.63102,
,1.67271,
,1.67564,
,1.64161,
,1.57219,
,1.46537,
,1.3209,
,1.14016,
,0.92786,
,0.69347,
,0.44488,
,0.18819,
,-0.07189,
,-0.33468,
,-0.59476,
,-0.84695,
,-1.08291,
,-1.29521,
,-1.47799,
,-1.62854,
,-1.74415,
,-1.82213,
,-1.86112,
,-1.86067,
,-1.82055,
,-1.74212,
,-1.62538,
,-1.47258,
,-1.28507,
,-1.06826,
,-0.82847,
,-0.57154,
,-0.3011,
,-0.01938,
,0.26977,
,0.5614,
,0.84312,
,1.10319,
,1.3342,
,1.5332,
,1.70043,
,1.83565,
,1.93346,
,1.98665,
,1.98823,
,1.93797,
,1.83971,
,1.70088,
,1.52464,
,1.31144,
,1.0606,
,0.77528,
,0.46359,
,0.13883,
,-0.18683,
