时间,457+508,505+457+508,505+457
0,-60.96164,-90.4258,-68.61302
0.1,-62.26416205,-96.54127184,-71.26127076
0.2,-63.11770568,-101.6704951,-73.07744032
0.3,-63.52162632,-105.7453671,-74.0138329
0.4,-63.47857061,-108.7106101,-74.03450038
0.5,-62.99441938,-110.5246278,-73.11597975
0.6,-62.07820682,-111.1601735,-71.24784934
0.7,-60.74201669,-110.6048184,-68.43309364
0.8,-59.00085665,-108.8612129,-64.68826933
0.9,-56.8725118,-105.9471348,-60.04346811
1,-54.37737879,-101.895324,-54.5420753
1.1,-51.53828199,-96.75310396,-48.24032583
1.2,-48.38027334,-90.58179529,-41.20666307
1.3,-44.93041746,-83.4559293,-33.52090825
1.4,-41.21756397,-75.46227179,-25.27325186
1.5,-37.27210887,-66.69867126,-16.56308082
1.6,-33.12574688,-57.27274772,-7.497657779
1.7,-28.81121678,-47.30044086,1.809328347
1.8,-24.36204191,-36.90443863,11.23931993
1.9,-19.81226764,-26.21250884,20.67053348
2,-15.19619819,-15.35575807,29.97966375
2.1,-10.5481346,-4.466843356,39.0436239
2.2,-5.902116038,6.321837428,47.74129607
2.3,-1.291666319,16.87994991,55.95526607
2.4,3.250452343,27.08099597,63.57351643
2.5,7.692476588,36.80402896,70.49105228
2.6,12.00386837,45.93528635,76.61143559
2.7,16.15552899,54.36971598,81.84820447
2.8,20.11999917,62.01237357,86.12615615
2.9,23.87164369,68.77967147,89.38247379
3,27.38681947,74.60046023,91.56768008
3.1,30.64402583,79.41692783,92.64640267
3.2,33.62403597,83.18530346,92.59793964
3.3,36.31000892,85.87635628,91.4166159
3.4,38.68758136,87.47568225,89.11192481
3.5,40.74493864,87.98377556,85.70845214
3.6,42.4728649,87.41588429,81.24558324
3.7,43.8647721,85.80165334,75.77699705
3.8,44.91670788,83.18456067,69.36995411
3.9,45.62734269,79.62115608,62.1043887
4,45.99793639,75.18011483,54.07181824
4.1,46.03228488,69.94112085,45.37408561
4.2,45.73664753,63.99359719,36.12195301
4.3,45.11965627,57.43530339,26.43356765
4.4,44.19220717,50.37082131,16.43282191
4.5,42.9673358,42.90995292,6.24763205
4.6,41.46007756,35.16605445,-3.991839354
4.7,39.68731423,27.25433239,-14.15499108
4.8,37.66760834,19.29012711,-24.11259449
4.9,35.42102674,11.38721033,-33.73858179
5,32.96895509,3.656121794,-42.9117851
5.1,30.33390482,-3.79742961,-51.51760089
5.2,27.53931428,-10.87407662,-59.44955562
5.3,24.60934587,-17.48219374,-66.61074965
5.4,21.56868078,-23.53916621,-72.91515874
5.5,18.44231307,-28.97250923,-78.28877429
5.6,15.25534497,-33.72082137,-82.67056614
5.7,12.03278477,-37.73455874,-86.0132544
5.8,8.79934929,-40.97661909,-88.28387962
5.9,5.579272155,-43.42272838,-89.46416378
6,2.396119687,-45.06162512,-89.55065763
6.1,-0.727384393,-45.89504107,-88.55467321
6.2,-3.769524013,-45.93748012,-86.50200361
6.3,-6.709744358,-45.21580012,-83.43243522
6.4,-9.528792946,-43.76860567,-79.3990607
6.5,-12.20884716,-41.64546263,-74.46740421
6.6,-14.7336274,-38.90594794,-68.71437272
6.7,-17.08849513,-35.61855073,-62.22705031
6.8,-19.26053527,-31.85944318,-55.10135426
6.9,-21.2386224,-27.71114112,-47.44057394
7,-23.01347061,-23.26107658,-39.35381519
7.1,-24.57766673,-18.60010511,-30.95437399
7.2,-25.92568706,-13.8209722,-22.35806441
7.3,-27.05389762,-9.016763219,-13.68152638
7.4,-27.96053822,-4.279361735,-5.040538631
7.5,-28.64569091,0.302059418,3.451637582
7.6,-29.11123312,4.642490381,11.68585928
7.7,-29.36077634,8.662457033,19.55862339
7.8,-29.3995911,12.28929278,26.97348675
7.9,-29.23451908,15.45828964,33.84236379
8,-28.87387337,18.11371073,40.0866833
8.1,-28.32732802,20.2096489,45.63838786
8.2,-27.60579801,21.71071831,50.440762
8.3,-26.7213108,22.59256882,54.44907825
8.4,-25.6868709,22.84221586,57.63105266
8.5,-24.51631866,22.45818128,59.96710465
8.6,-23.22418471,21.45044387,61.45041929
8.7,-21.82554137,19.84020123,62.08681273
8.8,-20.33585256,17.6594478,61.89440508
8.9,-18.77082337,14.95037646,60.90310768
9,-17.14625094,11.76461438,59.15393469
9.1,-15.47787769,8.162306096,56.69815166
9.2,-13.78124841,4.21105925,53.59627606
9.3,-12.07157244,-0.01522931,49.91694715
9.4,-10.36359193,-4.437647559,45.73568445
9.5,-8.671457556,-8.973621422,41.13355552
9.6,-7.008612504,-13.53832469,36.19577542
9.7,-5.387685806,-18.04612261,31.01026076
9.8,-3.82039576,-22.41202554,25.66616201
9.9,-2.317464247,-26.55312893,20.25239792
10,-0.888542531,-30.39001624,14.85621557
10.1,0.457850927,-33.8481019,9.561799134
10.2,1.714380249,-36.85889269,4.448949359
10.3,2.874929241,-39.36114705,-0.408145381
10.4,3.93462565,-41.30191357,-4.942027419
10.5,4.889852554,-42.63743198,-9.092960211
10.6,5.738246956,-43.33388226,-12.80977584
10.7,6.478685805,-43.36796959,-16.050567
10.8,7.111259743,-42.72733613,-18.78321346
10.9,7.637235024,-41.4107929,-20.98573579
11,8.059004135,-39.42836831,-22.64647204
11.1,8.380025764,-36.8011725,-23.76407584
11.2,8.604754843,-33.56108017,-24.34733765
11.3,8.738563487,-29.75023682,-24.41483334
11.4,8.787653733,-25.42039683,-23.99440756
11.5,8.758963037,-20.63210401,-23.12250178
11.6,8.660063575,-15.45372821,-21.84333939
11.7,8.499056411,-9.960373446,-20.20798284
11.8,8.284461665,-4.232675554,-18.27327944
11.9,8.02510583,1.644491245,-16.10071465
12,7.730007401,7.583377803,-13.75519284
12.1,7.408262006,13.4947714,-11.3037668
12.2,7.068928208,19.28943211,-8.814338027
12.3,6.720915139,24.87953087,-6.354350242
12.4,6.372873114,30.18006594,-3.989498641
12.5,6.033088322,35.11023485,-1.782477051
12.6,5.709382652,39.59473942,0.208215483
12.7,5.409019663,43.56500298,1.929388212
12.8,5.138617646,46.96027973,3.334173212
12.9,4.904070636,49.72863849,4.38292349
13,4.710478166,51.8278047,5.043979241
13.1,4.562084476,53.22584715,5.294289022
13.2,4.462227772,53.90169802,5.119875073
13.3,4.413300058,53.84549801,4.516134622
13.4,4.41671793,53.05876065,3.487971769
13.5,4.472904647,51.5543532,2.049757402
13.6,4.581283657,49.35629421,0.225117462
13.7,4.740283651,46.49937103,-1.953447207
13.8,4.947355114,43.02858321,-4.445103376
13.9,5.198998219,38.99842087,-7.201381516
14,5.490801793,34.47198927,-10.16701405
14.1,5.817493001,29.51999407,-13.28090193
14.2,6.172997245,24.2196031,-16.47719364
14.3,6.55050772,18.65320343,-19.68645843
14.4,6.942563936,12.90707333,-22.83693453
14.5,7.341138438,7.069990851,-25.85583112
14.6,7.737730878,1.231801343,-28.67066233
14.7,8.123468498,-4.51803295,-31.21059062
14.8,8.489212046,-10.0918777,-33.40775688
14.9,8.825666041,-15.40534236,-35.19857437
15,9.123492312,-20.37864408,-36.52496445
15.1,9.373425636,-24.93789755,-37.33551266
15.2,9.566390331,-29.01630976,-37.586525
15.3,9.693616578,-32.55526018,-37.24296573
15.4,9.746755309,-35.50524878,-36.27925999
15.5,9.71799044,-37.82669608,-34.67994647
15.6,9.600147278,-39.49058237,-32.44016791
15.7,9.386795952,-40.47891515,-29.56598962
15.8,9.072348759,-40.78501706,-26.07453913
15.9,8.652150334,-40.41362926,-21.99396286
16,8.122559672,-39.38082822,-17.36319859
16.1,7.481023031,-37.71375684,-12.2315657
16.2,6.726136877,-35.45017391,-6.658177936
16.3,5.85770008,-32.63782871,-0.711186345
16.4,4.876754696,-29.3336706,5.533136885
16.5,3.78561475,-25.60290586,11.9914607
16.6,2.587882545,-21.51791675,18.57458783
16.7,1.288452155,-17.15705991,25.18876008
16.8,-0.106500149,-12.60336331,31.73705632
16.9,-1.589538643,-7.943142332,38.12086202
17,-3.152004076,-3.26455753,44.24138735
17.1,-4.784062621,1.343863126,50.00121048
17.2,-6.474767614,5.794713447,55.30582156
17.3,-8.212133691,10.0031857,60.06514325
17.4,-9.983222818,13.88851077,64.19500336
17.5,-11.7742416,17.37533841,67.61853609
17.6,-13.57064912,20.39503491,70.26748905
17.7,-15.35727449,22.88687697,72.08341485
17.8,-17.11844313,24.79912206,73.01872736
17.9,-18.83811077,26.08993722,73.037605
18,-20.50000406,26.72817099,72.1167256
18.1,-22.0877665,26.69395502,70.24581974
18.2,-23.58510851,25.97912497,67.42803253
18.3,-24.97596037,24.58745299,63.6800864
18.4,-26.24462643,22.53468703,59.03224061
18.5,-27.37593945,19.84839544,53.5280464
18.6,-28.35541351,16.56761816,47.22389971
18.7,-29.1693941,12.74232914,40.18839661
18.8,-29.80520393,8.432717485,32.50149969
18.9,-30.25128311,3.708297666,24.25352643
19,-30.4973223,-1.353137791,15.54397364
19.1,-30.53438755,-6.6667076,6.48019445
19.2,-30.35503538,-12.14175481,-2.824053308
19.3,-29.95341722,-17.68326364,-12.25016631
19.4,-29.32537176,-23.19335826,-21.67633986
19.5,-28.46850434,-28.57286021,-30.97927281
19.6,-27.38225249,-33.72288035,-40.03590816
19.7,-26.06793668,-38.5464203,-48.72518347
19.8,-24.52879563,-42.94995837,-56.92976506
19.9,-22.77000566,-46.8449948,-64.53773999
20,-20.79868359,-50.1495319,-71.44424054
20.1,-18.6238728,-52.78946546,-77.55297651
20.2,-16.25651255,-54.6998651,-82.77765235
20.3,-13.70939021,-55.82612291,-87.0432474
20.4,-10.99707681,-56.12495159,-90.28713985
20.5,-8.135846095,-55.56521564,-92.46005709
20.6,-5.143577423,-54.12858168,-93.5268378
20.7,-2.039643268,-51.80997668,-93.46699379
20.8,1.15521811,-48.61784569,-92.27506283
20.9,4.419043901,-44.57420412,-89.96074655
21,7.728800918,-39.71448222,-86.54883078
21.1,11.0605516,-34.08716311,-82.07888918
21.2,14.38963059,-27.75321852,-76.60477386
21.3,17.69083066,-20.78534983,-70.19390024
21.4,20.93859638,-13.26704476,-62.92633631
21.5,24.10722415,-5.291463139,-54.89370939
21.6,27.17106705,3.039832338,-46.19794638
21.7,30.10474266,11.6182818,-36.94986569
21.8,32.88334244,20.32984988,-27.26764165
21.9,35.48264061,29.05664085,-17.27516382
22,37.87930118,37.67858339,-7.100315196
22.1,40.05108098,46.07515983,3.12680518
22.2,41.9770273,54.12715415,13.27568934
22.3,43.6376682,61.71839249,23.21723055
22.4,45.01519389,68.73745011,32.82551002
22.5,46.09362763,75.0792991,41.97953399
22.6,46.85898451,80.64687197,50.56489576
22.7,47.29941669,85.35251755,58.47533856
22.8,47.40534369,89.11932713,65.61419632
22.9,47.16956656,91.88231065,71.89569176
23,46.58736468,93.58940524,77.24607305
23.1,45.65657424,94.20230041,81.60457274
23.2,44.37764746,93.69706758,84.9241757
23.3,42.75369194,92.06458395,87.17218538
23.4,40.79048945,89.31074417,88.33058078
23.5,38.49649377,85.45645645,88.39615996
23.6,35.88280739,80.5374227,87.3804689
23.7,32.96313692,74.60370591,85.30951769
23.8,29.75372734,67.71909081,82.22328953
23.9,26.27327539,59.9602473,78.17505086
24,22.54282242,51.41570874,73.23047391
24.1,18.58562741,42.18468028,67.46658592
24.2,14.42702092,32.37569468,60.97056169
24.3,10.09424086,22.1051355,53.83837844
24.4,5.616251138,11.49564951,46.17335391
24.5,1.023544544,0.674471579,38.08459043
24.6,-3.652068914,-10.22831314,29.68534888
24.7,-8.377686607,-21.08154415,21.09137736
24.8,-13.11954925,-31.75477175,12.41922007
24.9,-17.84328651,-42.12002798,3.784532042
25,-22.51417041,-52.05355671,-4.69957512
25.1,-27.09737465,-61.43747754,-12.92413151
25.2,-31.55823794,-70.16135939,-20.78582771
25.3,-35.86252917,-78.12368124,-28.18843162
25.4,-39.9767126,-85.23315897,-35.04408276
25.5,-43.86821082,-91.4099195,-41.27444539
25.6,-47.50566343,-96.58650589,-46.81170416
25.7,-50.85917954,-100.7086995,-51.59938854
25.8,-53.90058186,-103.736148,-55.59301495
25.9,-56.60364056,-105.6427919,-58.76053847
26,-58.94429487,-106.4170835,-61.08260908
26.1,-60.90086064,-106.0619976,-62.55263035
26.2,-62.45422216,-104.5948344,-63.17662163
26.3,-63.58800643,-102.04682,-62.9728879
26.4,-64.28873859,-98.4625112,-61.97150435
26.5,-64.5459769,-93.89901514,-60.21362567
26.6,-64.35242619,-88.42503788,-57.75063266
26.7,-63.70402865,-82.11977641,-54.64313132
26.8,-62.60003091,-75.07167282,-50.95982166
26.9,-61.04302693,-67.3770504,-46.77625557
27,-59.03897584,-59.13865323,-42.17350456
27.1,-56.59719456,-50.4641123,-37.23675955
27.2,-53.73032492,-41.46436198,-32.05388571
27.3,-50.45427531,-32.25203131,-26.71395608
27.4,-46.78813704,-22.93983479,-21.30578764
27.5,-42.75407583,-13.63898713,-15.9165034
27.6,-38.37719903,-4.457665768,-10.63014359
27.7,-33.68539932,4.500455721,-5.526347844
27.8,-28.7091759,13.13758194,-0.679129149
27.9,-23.48143427,21.36305745,3.844241288
28,-18.03726602,29.09449818,7.984221184
28.1,-12.41370996,36.25877635,11.68984131
28.2,-6.649496429,42.79284571,14.91939404
28.3,-0.784776422,48.64439625,17.64095649
28.4,5.13916249,53.77233035,19.83274092
28.5,11.0801914,58.14705533,21.48326823
28.6,16.99564434,61.75059041,22.59136321
28.7,22.84262942,64.57648876,23.16597296
28.8,28.57834436,66.62957864,23.22581312
28.9,34.16039435,67.92553033,22.79884915
29,39.54710956,68.49025818,21.92162257
29.1,44.69786009,68.35916994,20.63843478
29.2,49.57336587,67.57627775,19.00040318
29.3,54.1359992,66.19318723,17.0644065
29.4,58.35007745,64.26798314,14.89193793
29.5,62.18214379,61.8640315,12.54788622
29.6,65.60123366,59.04871912,10.09926586
29.7,68.57912476,55.89215276,7.613918525
29.8,71.09056873,52.46584008,5.159208043
29.9,73.11350248,48.84137517,2.800731448
30,74.62923747,45.08915078,0.601068262
30.1,75.62262536,41.27711916,-1.381410539
30.2,76.08219848,37.46962196,-3.093653453
30.3,76.0002841,33.72630887,-4.488940207
30.4,75.37309116,30.10116264,-5.527776991
30.5,74.2007688,26.64164637,-6.178659765
30.6,72.48743601,23.38798692,-6.418692478
30.7,70.24118179,20.37260554,-6.23404947
30.8,67.4740359,17.61970477,-5.620273955
30.9,64.20190996,15.14501737,-4.582407232
31,60.44450916,12.95572081,-3.134946107
31.1,56.22521523,11.05051757,-1.301628913
31.2,51.57094104,9.419878841,0.88494662
31.3,46.51195805,8.046446455,3.383867554
31.4,41.08169744,6.905584994,6.146603152
31.5,35.31652644,5.966073647,9.117844109
31.6,29.25550124,5.190924832,12.23646975
31.7,22.94009827,4.538314504,15.43662717
31.8,16.4139257,3.962607104,18.64890441
31.9,9.722417137,3.415456486,21.80157804
32,2.912509877,2.846962818,24.82191422
32.1,-3.967690212,2.206864446,27.63750144
32.2,-10.86925451,1.445743082,30.17759231
32.3,-17.7427858,0.516220399,32.37443172
32.4,-24.53877801,-0.625875842,34.16454868
32.5,-31.20797905,-2.020397498,35.48998964
32.6,-37.70175388,-3.701834195,36.29947201
32.7,-43.97244509,-5.698363341,36.54943772
32.8,-49.97372846,-8.031009956,36.20498833
32.9,-55.66096054,-10.71293248,35.24068476
33,-60.9915158,-13.74884865,33.64119722
33.1,-65.92511068,-17.13461321,31.40179296
33.2,-70.424112,-20.85695678,28.52865221
33.3,-74.45382752,-24.8933924,25.0390054
33.4,-77.98277604,-29.21229357,20.96108755
33.5,-80.98293536,-33.77314468,16.33390883
33.6,-83.42996567,-38.52696184,11.20684305
33.7,-85.30340696,-43.41687915,5.639039025
33.8,-86.58684859,-48.37889271,-0.301337474
33.9,-87.26806973,-53.34275192,-6.538020609
34,-87.33914952,-58.23298499,-12.98770705
34.1,-86.79654585,-62.97004328,-19.56124858
34.2,-85.64114214,-67.47154697,-26.1649569
34.3,-83.87826165,-71.65361263,-32.70200088
34.4,-81.51764898,-75.43224168,-39.07387483
34.5,-78.5734188,-78.72474765,-45.18191518
34.6,-75.06397206,-81.4511991,-50.92884189
34.7,-71.01188025,-83.53585461,-56.22030037
34.8,-66.44373826,-84.90856619,-60.96637961
34.9,-61.38998702,-85.50612752,-65.0830823
35,-55.884707,-85.27354428,-68.4937233
35.1,-49.96538408,-84.16520462,-71.13023387
35.2,-43.6726493,-82.14592935,-72.93435025
35.3,-37.04999459,-79.19188296,-73.85866706
35.4,-30.14346618,-75.29132865,-73.86753765
35.5,-23.00133827,-70.4452129,-72.93780607
35.6,-15.67376893,-64.66756758,-71.05935776
35.7,-8.212441104,-57.98572018,-68.23547873
35.8,-0.670191085,-50.44030608,-64.48301603
35.9,6.899372718,-42.08507926,-59.83233514
36,14.4422579,-32.98652143,-54.32707334
36.1,21.90448027,-23.22325238,-48.02369091
36.2,29.23245712,-12.8852476,-40.9908254
36.3,36.37339885,-2.07287225,-33.30845721
36.4,43.27569581,9.104256571,-25.06689755
36.5,49.88929762,20.52856454,-16.36561276
36.6,56.16608207,32.07595452,-7.311901666
36.7,62.06021088,43.61736104,1.980555413
36.8,67.52846966,55.02040344,11.39325479
36.9,72.53058943,66.15111415,20.80451219
37,77.02954738,76.87571775,30.09116596
37.1,80.99184454,87.06243504,39.13031572
37.2,84.38775827,96.58328604,47.8010705
37.3,87.19156765,105.3158655,55.98628053
37.4,89.38175006,113.1450646,63.57422658
37.5,90.94114742,119.964714,70.46024169
37.6,91.8571008,125.6791219,76.54824061
37.7,92.1215524,130.2044866,81.75213401
37.8,91.73111398,133.4701596,85.99710589
37.9,90.68710135,135.4197407,89.22073465
38,88.99553438,136.0119892,91.37394072
38.1,86.66710268,135.2215346,92.42174599
38.2,83.71709707,133.0393768,92.34383327
38.3,80.16530723,129.4731674,91.13489685
38.4,76.03588631,124.5472655,88.80477842
38.5,71.35718349,118.3025668,85.37838574
38.6,66.16154552,110.7961075,80.8953948
38.7,60.48508886,102.1004469,75.40973939
38.8,54.36744384,92.30283632,68.98889519
38.9,47.85147291,81.50418661,61.71296856
39,40.98296486,69.8178462,53.67360329
39.1,33.81030727,57.36820796,44.97272099
39.2,26.38413962,44.28916323,35.72111371
39.3,18.75698951,30.72242472,26.03690914
39.4,10.98289473,16.81574162,16.04393111
39.5,3.117013841,2.72103185,5.869979336
39.6,-4.784771751,-11.40754239,-4.354946415
39.7,-12.66626149,-25.41552868,-14.50045145
39.8,-20.47134199,-39.15014083,-24.43755427
39.9,-28.14439319,-52.46219002,-34.04047106
40,-35.63069113,-65.20796392,-43.18835045
40.1,-42.87680468,-77.25102724,-51.7669332
40.2,-49.83098304,-88.46391881,-59.67011262
40.3,-56.44353135,-98.72972176,-66.801373
40.4,-62.6671715,-107.9434849,-73.07508538
40.5,-68.45738567,-116.0134763,-78.41764192
40.6,-73.77273985,-122.862252,-82.7684128
40.7,-78.57518516,-128.4275254,-86.0805122
40.8,-82.83033461,-132.6628268,-88.32136274
40.9,-86.50771331,-135.5379445,-89.47305101
41,-89.58098033,-137.039143,-89.53246971
41.1,-92.0281205,-137.169156,-88.51124545
41.2,-93.83160472,-135.9469568,-86.43545417
41.3,-94.97851774,-133.4073105,-83.34512962
41.4,-95.46065224,-129.6001166,-79.29357318
41.5,-95.27456873,-124.5895522,-74.34647648
41.6,-94.42162066,-118.453031,-68.58087089
41.7,-92.90794469,-111.2799941,-62.08392058
41.8,-90.74441599,-103.1705517,-54.95157811
41.9,-87.94656918,-94.23399606,-47.28712356
42,-84.53448517,-84.58721043,-39.19960974
42.1,-80.532645,-74.35299552,-30.80223749
42.2,-75.96975158,-63.65834071,-22.21068579
42.3,-70.87852072,-52.63266484,-13.54142231
42.4,-65.29544296,-41.40605273,-4.91001969
42.5,-59.26051797,-30.10751321,3.570496912
42.6,-52.81696342,-18.86328408,11.79124644
42.7,-46.0109006,-7.795208049,19.64900897
42.8,-38.89101892,2.980797185,27.04764092
42.9,-31.50822191,13.35615354,33.89936776
43,-23.91525727,23.23090242,40.12593564
43.1,-16.16633366,32.51483272,45.6596057
43.2,-8.31672717,41.12844261,50.44397729
43.3,-0.422380213,49.00372294,54.43462906
43.4,7.460504078,56.08475354,57.59956982
43.5,15.27586902,62.3281062,59.91949414
43.6,22.96821011,67.70305161,61.38784055
43.7,30.48297631,72.19157023,62.01065347
43.8,37.76696403,75.78817039,61.80625303
43.9,44.76870069,78.49951972,60.80471979
44,51.43881537,80.34389914,59.04720435
44.1,57.73039351,81.35049088,56.58507448
44.2,63.5993133,81.55851496,53.47891492
44.3,69.00456113,81.01623054,49.79739697
44.4,73.90852394,79.77982047,45.61603738
44.5,78.27725622,77.91217931,41.01586708
44.6,82.08071983,75.48162593,36.08203216
44.7,85.29299477,72.56056333,30.90234992
44.8,87.89245956,69.22410843,25.56584371
44.9,89.86193982,65.54871505,20.16128021
45,91.18882397,61.61081312,14.77573281
45.1,91.86514539,57.48548661,9.493193947
45.2,91.88763038,53.24521165,4.393258371
45.3,91.25771165,48.95867545,-0.450101813
45.4,89.98150729,44.6896945,-4.969651407
45.5,88.06976549,40.49624935,-9.105878451
45.6,85.53777544,36.42965049,-12.80783769
45.7,82.40524513,32.53384802,-16.03383866
45.8,78.6961471,28.8448949,-18.75196839
45.9,74.43853322,25.39057117,-20.9404417
46,69.66432011,22.19017344,-22.58777468
46.1,64.40904671,19.25447136,-23.69278003
46.2,58.71160592,16.58582971,-24.26438583
46.3,52.61395239,14.17849212,-24.32128226
46.4,46.16078868,12.01901939,-23.89140341
46.5,39.3992321,10.08687313,-23.01125432
46.6,32.37846486,8.355132633,-21.72509562
46.7,25.14937011,6.791330899,-20.08400063
46.8,17.76415661,5.35839354,-18.14480169
46.9,10.27597487,4.015662743,-15.96894438
47,2.738527642,2.719986906,-13.62126972
47.1,-4.794322388,1.426855549,-11.16874557
47.2,-12.26894469,0.091558339,-8.679169104
47.3,-19.63232994,-1.329653337,-6.219862922
47.4,-26.83247312,-2.878423805,-3.856387163
47.5,-33.81874779,-4.593190809,-1.651289762
47.6,-40.54226892,-6.508143989,0.3370837
47.7,-46.95624148,-8.652263662,2.055700122
47.8,-53.01629234,-11.048458,3.457849982
47.9,-58.68078304,-13.71281507,4.504042018
48,-63.9111012,-16.65398415,5.16276615
48.1,-68.67192854,-19.87269871,5.411111438
48.2,-72.93148346,-23.36145077,5.2352284
48.3,-76.66173664,-27.10432403,4.630627543
48.4,-79.83859814,-31.07699021,3.602308787
48.5,-82.44207466,-35.24687035,2.164719249
48.6,-84.45639599,-39.57346009,0.341539759
48.7,-85.87010979,-44.00881482,-1.834696629
48.8,-86.67614428,-48.49818807,-4.323148077
48.9,-86.87183826,-52.98081374,-7.075360503
49,-86.45893874,-57.39082021,-10.03610586
49.1,-85.44356597,-61.6582621,-13.14434827
49.2,-83.83614665,-65.71025318,-16.33432214
49.3,-81.6513157,-69.47218222,-19.53670412
49.4,-78.90778759,-72.868992,-22.67985959
49.5,-75.62819844,-75.82650023,-25.69114253
49.6,-71.83891996,-78.27274058,-28.49822714
49.7,-67.569847,-80.13930104,-31.03044851
49.8,-62.85416036,-81.36263713,-33.22012974
49.9,-57.72806668,-81.88533716,-35.00387275
50,-52.23051752,-81.65731767,-36.32379074
50.1,-46.40290994,-80.63692799,-37.1286609
50.2,-40.28877067,-78.79194404,-37.37497723
50.3,-33.93342654,-76.10043313,-37.02788509
50.4,-27.38366359,-72.55147361,-36.06198044
50.5,-20.68737745,-68.14571501,-34.46195946
50.6,-13.89321771,-62.89576721,-32.22310606
50.7,-7.050228857,-56.82640938,-29.35160773
50.8,-0.207490586,-49.97461256,-25.86469285
50.9,6.586239953,-42.38937248,-21.79058518
51,13.28288124,-34.13135218,-17.16827474
51.1,19.83537323,-25.2723373,-12.04710667
51.2,26.19801351,-15.89450944,-6.486193099
51.3,32.32678115,-6.089546458,-0.553655641
51.4,38.17964616,4.042439092,5.67429084
51.5,43.71686211,14.39410923,12.1144001
51.6,48.90124005,24.85224095,18.67758635
51.7,53.69840168,35.29917912,25.2702283
51.8,58.07701009,45.61438116,31.79556558
51.9,62.00897647,55.67603114,38.15516623
52,65.46964144,65.36269988,44.25044252
52.1,68.43792989,74.55502641,49.98419162
52.2,70.89647818,83.1373958,55.26213671
52.3,72.83173316,90.99958817,59.99444447
52.4,74.23402228,98.03837383,64.09719444
52.5,75.0975947,104.1590302,67.49377696
52.6,75.42063299,109.2767573,70.11619678
52.7,75.20523589,113.3179693,71.90626121
52.8,74.45737216,116.2214424,72.81663308
52.9,73.18680633,117.9393009,72.81173072
53,71.40699691,118.4378239,71.86845971
53.1,69.13496817,117.6980623,69.97676333
53.2,66.39115649,115.7162516,67.13998159
53.3,63.19923283,112.504017,63.3750116
53.4,59.5859026,108.0883628,58.71226499
53.5,55.58068475,102.5114466,53.19542119
53.6,51.2156718,95.83014045,46.88097878
53.7,46.52527283,88.11538252,39.8376098
53.8,41.54594141,79.45132886,32.1453254
53.9,36.31589065,69.93431591,23.89446397
54,30.8747976,59.67164802,15.18451558
54.1,25.26349933,48.78022659,6.122799411
54.2,19.52368297,37.38504023,-3.176987029
54.3,13.69757211,25.61753697,-12.59632601
54.4,7.82761195,13.61390193,-22.01352222
54.5,1.956155584,1.513264682,-31.30540595
54.6,-3.874846305,-10.54413769,-40.34907164
54.7,-9.624149958,-22.41881568,-49.02362607
54.8,-15.25151507,-33.97387382,-57.21192014
54.9,-20.71799115,-45.0768219,-64.80223823
55,-25.98619166,-55.6013248,-71.68991998
55.1,-31.02055397,-65.42886579,-77.77888984
55.2,-35.7875833,-74.45029917,-82.98307138
55.3,-40.25607886,-82.56727013,-87.22766476
55.4,-44.39734085,-89.69348115,-90.45026793
55.5,-48.18535665,-95.75578713,-92.60182437
55.6,-51.59696517,-100.6951035,-93.6473826
55.7,-54.61199832,-104.4671146,-93.56665568
55.8,-57.2133985,-107.0427725,-92.35437186
55.9,-59.38731181,-108.4085794,-90.02041047
56,-61.12315609,-108.5666507,-86.58972055
56.1,-62.41366389,-107.534558,-82.10202297
56.2,-63.25489991,-105.3449545,-76.61129977
56.3,-63.64625332,-102.0449913,-70.18507812
56.4,-63.59040508,-97.69553102,-62.90351882
56.5,-63.09327082,-92.37017355,-54.85832271
56.6,-62.16391984,-86.15410755,-46.15147065
56.7,-60.81447131,-79.14280622,-36.89381567
56.8,-59.05996839,-71.44058691,-27.20354771
56.9,-56.91823171,-63.15905658,-17.20455341
57,-54.40969336,-54.41546663,-7.024695304
57.1,-51.55721295,-45.33100193,3.205964741
57.2,-48.38587735,-36.0290297,13.35697138
57.3,-44.92278571,-26.63333439,23.29928464
57.4,-41.19682165,-17.26636489,32.90706524
57.5,-37.23841458,-8.047519924,42.05941006
57.6,-33.0792919,0.90850308,50.64201266
57.7,-28.75222433,9.493271486,58.54872437
57.8,-24.2907662,17.60607068,65.68299351
57.9,-19.72899295,25.15522607,71.95916175
58,-15.10123781,32.05927515,77.30359913
58.1,-10.44182974,38.24797314,81.65566142
58.2,-5.784834599,43.66311857,84.96845658
58.3,-1.163801686,48.25918772,87.20940948
58.4,3.388482627,52.00377017,88.36061766
58.5,7.840232179,54.87780048,88.41899358
58.6,12.16088753,56.87558442,87.39619235
58.7,16.32133006,58.0046212,85.31832704
58.8,20.29408201,58.28522638,82.22547683
58.9,24.05349127,57.7499631,78.17099639
59,27.57589938,56.44289235,73.220638
59.1,30.83979184,54.41865548,67.4515003
59.2,33.82592967,51.74140492,60.95082059
59.3,36.5174613,48.48360119,53.81462949
59.4,38.90001442,44.72469637,46.14628909
59.5,40.96176702,40.54972562,38.05493706
59.6,42.69349748,36.04782992,29.65386076
59.7,44.08861363,31.31073391,21.05882623
59.8,45.14316056,26.43120339,12.3863874
59.9,45.8558078,21.50150704,3.752201215
60,46.2278158,16.61190698,-4.73062615
60.1,46.26298265,11.84920174,-12.95313706
60.2,45.96757142,7.295344741,-20.81204067
60.3,45.35021923,3.026159563,-28.21112919
60.4,44.42182882,-0.889828067,-35.06257165
60.5,43.19544386,-4.39242378,-41.28806642
60.6,41.68610924,-7.430647984,-46.81983634
60.7,39.91071759,-9.96345612,-51.60145253
60.8,37.88784363,-11.96028537,-55.58847606
60.9,35.63756765,-13.40142031,-58.74890914
61,33.18128998,-14.27817286,-61.06345087
61.1,30.54153792,-14.59287505,-62.52555546
61.2,27.74176681,-14.35868602,-63.14129406
61.3,24.80615712,-13.59921773,-62.92902417
61.4,21.75940914,-12.34798672,-61.91887386
61.5,18.62653704,-10.64770214,-60.15205077
61.6,15.43266402,-8.549402755,-57.67998843
61.7,12.20282029,-6.111458141,-54.56334501
61.8,8.961745333,-3.398451297,-50.87087196
61.9,5.733696231,-0.479961933,-46.67817161
62,2.542263447,2.570728917,-42.06636472
62.1,-0.589804512,5.677991031,-37.12069007
62.2,-3.640766209,8.765231113,-31.92905915
62.3,-6.590040948,11.75628964,-26.5805896
62.4,-9.4183499,14.57682509,-21.16414113
62.5,-12.1078437,17.15566253,-15.76687753
62.6,-14.64221567,19.42608406,-10.47287765
62.7,-17.00679993,21.32703972,-5.361817508
62.8,-19.18865381,22.80425886,-0.507744185
62.9,-21.17662416,23.81124354,4.022039473
63,-22.96139726,24.31012748,8.16796204
63.1,-24.53553212,24.2723865,11.8790277
63.2,-25.89347722,23.67938866,15.11350488
63.3,-27.03157087,22.52277496,17.83944934
63.4,-27.94802535,20.80466449,20.03505468
63.5,-28.64289539,18.5376804,21.68882576
63.6,-29.11803139,15.74479648,22.79957395
63.7,-29.37701818,12.45900655,23.37623546
63.8,-29.42510004,8.722822385,23.43751754
63.9,-29.26909285,4.58760811,23.0113796
64,-28.91728447,0.112762069,22.13435934
64.1,-28.37932432,-4.63524043,20.85075645
64.2,-27.66610341,-9.583927857,19.2116885
64.3,-26.78962596,-14.65601896,17.27403611
64.4,-25.76287402,-19.7706956,15.09929589
64.5,-24.59966633,-24.84494097,12.75236125
64.6,-23.3145128,-29.79492136,10.30025244
64.7,-21.92246601,-34.53738862,7.810817696
64.8,-20.43897111,-38.99108032,5.351428016
64.9,-18.87971556,-43.07809458,2.987687982
65,-17.26047991,-46.7252168,0.782184845
65.1,-15.59699121,-49.86517636,-1.206702689
65.2,-13.9047801,-52.43781258,-2.92591554
65.3,-12.19904299,-54.39113034,-4.328726126
65.4,-10.49451044,-55.6822279,-5.375633675
65.5,-8.805322874,-56.2780812,-6.035127555
65.6,-7.144914613,-56.15617142,-6.284305482
65.7,-5.52590723,-55.30494496,-6.109335845
65.8,-3.960013021,-53.72409776,-5.505756059
65.9,-2.457949336,-51.42467871,-4.478601588
66,-1.02936441,-48.4290098,-3.042363123
66.1,0.317224807,-44.77042356,-1.220772301
66.2,1.574482411,-40.49282141,0.953580784
66.3,2.736290636,-35.65005942,3.439792171
66.4,3.797774102,-30.30517053,6.189341892
66.5,4.755311202,-24.52943553,9.146933684
66.6,5.606532699,-18.40131671,12.2514627
66.7,6.350307749,-12.00527133,15.43709518
66.8,6.986717663,-5.430463067,18.63444216
66.9,7.51701784,1.230607924,21.77180756
67,7.943588408,7.883534825,24.77648981
67.1,8.269874221,14.43347111,27.57611499
67.2,8.500314925,20.78661127,30.09997912
67.3,8.64026594,26.85166172,32.28037661
67.4,8.695911233,32.5412783,34.05389246
67.5,8.674168864,37.77344724,35.36263573
67.6,8.582590334,42.47278747,36.15539318
67.7,8.42925481,46.57175315,36.38868282
67.8,8.222659348,50.01171686,36.02768887
67.9,7.971606276,52.74391587,35.04706124
68,7.68508889,54.73024593,33.43156503
68.1,7.372176654,55.94388945,31.17656776
68.2,7.041901081,56.36976742,28.28835464
68.3,6.703143444,56.00480747,24.78426489
68.4,6.36452547,54.85802315,20.69264528
68.5,6.03430412,52.95040243,16.05261949
68.6,5.720271497,50.31460679,10.91367545
68.7,5.429660918,46.99448497,5.335075344
68.8,5.169060055,43.04440843,-0.614903789
68.9,4.944332049,38.52843866,-6.859888502
69,4.76054536,33.51933894,-13.31647303
69.1,4.621913072,28.0974457,-19.89541345
69.2,4.53174225,22.34941699,-26.50293413
69.3,4.492393868,16.36687753,-33.04212648
69.4,4.505253708,10.24498138,-39.41441879
69.5,4.570714523,4.080914868,-45.52109438
69.6,4.688169661,-2.027636757,-51.26483432
69.7,4.856018221,-7.984034849,-56.55126063
69.8,5.071681692,-13.69422052,-61.29045549
69.9,5.331631943,-19.06821125,-65.39843224
70,5.631430285,-24.02153704,-68.79853462
70.1,5.965777232,-28.47659339,-71.42274144
70.2,6.328572499,-32.36388924,-73.21285545
70.3,6.71298463,-35.62317,-74.12155675
70.4,7.111529605,-38.20439742,-74.11330286
70.5,7.516157633,-40.06857047,-73.16506018
70.6,7.918347293,-41.18837366,-71.26685389
70.7,8.30920609,-41.54864206,-68.42212607
70.8,8.679576426,-41.14663516,-64.64789476
70.9,9.020145926,-39.99211454,-59.97470985
71,9.321561028,-38.10722349,-54.44640453
71.1,9.574542672,-35.52616992,-48.11964447
71.2,9.770002924,-32.29471682,-41.06327981
71.3,9.899161348,-28.46948771,-33.3575083
71.4,9.953659915,-24.11709734,-25.09286066
71.5,9.925675263,-19.31312083,-16.36902226
71.6,9.808027124,-14.14091678,-7.293507613
71.7,9.59428177,-8.690322469,2.019793303
71.8,9.278849359,-3.056241168,11.45217605
71.9,8.857074118,2.66285664,20.88176721
72,8.325316352,8.366494893,30.18523028
72.1,7.68102534,13.95379217,39.23950677
72.2,6.922802267,19.32507551,47.92356677
72.3,6.050452398,24.38348266,56.12014282
72.4,5.065025834,29.0365276,63.71742113
72.5,3.968846262,33.19760462,70.61066488
72.6,2.765527234,36.78740739,76.703745
72.7,1.459975614,39.73524043,81.91055523
72.8,0.058381962,41.98020208,86.15629017
72.9,-1.431802263,43.47222013,89.37856649
73,-3.001900677,44.17292335,91.52837037
73.1,-4.642060981,44.05633483,92.57081637
73.2,-6.341316764,43.10937554,92.48570585
73.3,-8.087661698,41.33216972,91.2678762
73.4,-9.86813564,38.73814647,88.92733497
73.5,-11.668922,35.35393531,85.48917649
73.6,-13.47545568,31.21905654,80.99328158
73.7,-15.27254065,26.38541037,75.49380442
73.8,-17.04447635,20.91657197,69.05845365
73.9,-18.77519175,14.88690267,61.76757799
74,-20.44838601,8.380490257,53.7130696
74.1,-22.04767453,1.489934171,44.99710106
74.2,-23.55673913,-5.685006454,35.73071431
74.3,-24.95948094,-13.03888143,26.03228244
74.4,-26.24017485,-20.46211287,16.02586655
74.5,-27.3836238,-27.8426295,5.839492064
74.6,-28.37531186,-35.06754736,-4.39663034
74.7,-29.20155435,-42.02487114,-14.551913
74.8,-29.84964371,-48.60519044,-24.49720223
74.9,-30.30798984,-54.70334507,-34.10656534
75,-30.56625324,-60.22003384,-43.25902765
75.1,-30.61546994,-65.0633425,-51.84023402
75.2,-30.44816671,-69.15016706,-59.74401067
75.3,-30.05846548,-72.40751108,-66.87380468
75.4,-29.44217584,-74.77363662,-73.14398027
75.5,-28.59687446,-76.19905136,-78.48095334
75.6,-27.52197068,-76.64731658,-82.82414794
75.7,-26.21875736,-76.0956634,-86.12676146
75.8,-24.69044622,-74.53540777,-88.35632782
75.9,-22.94218728,-71.97215762,-89.49507125
76,-20.98107177,-68.42580865,-89.54004633
76.1,-18.81611829,-63.93032881,-88.50306332
76.2,-16.45824215,-58.53333425,-86.41040071
76.3,-13.92020767,-52.29546303,-83.30231063
76.4,-11.21656378,-45.28955596,-79.23232525
76.5,-8.363563074,-37.59965651,-74.26637586
76.6,-5.379064819,-29.31984493,-68.48173869
76.7,-2.282422449,-20.55292393,-61.96582415
76.8,0.90564371,-11.40897561,-54.8148287
76.9,4.163187641,-2.003811156,-47.13227019
77,7.467191777,7.542663295,-39.02742947
77.1,10.79373297,17.1081404,-30.61372224
77.2,14.11815906,26.56963949,-22.00702592
77.3,17.41527473,35.80524282,-13.32398725
77.4,20.65953517,44.69581433,-4.680335947
77.5,23.82524613,53.12667543,3.810769999
77.6,26.88676867,60.98921274,12.04034276
77.7,29.81872705,68.18239426,19.90508315
77.8,32.59621799,74.61417145,27.30879668
77.9,35.19501963,80.20274687,34.1636868
78,37.5917985,84.8776887,40.39150643
78.1,39.76431255,88.58087636,45.92455179
78.2,41.69160878,91.26726358,50.70648456
78.3,43.35421354,92.90544834,54.69297153
78.4,44.73431394,93.47804215,57.85213355
78.5,45.8159287,92.98183385,60.16479879
78.6,46.58506697,91.42774675,61.6245583
78.7,47.02987354,88.84059066,62.23762493
78.8,47.14075917,85.25861373,62.02249986
78.9,46.91051477,80.7328619,61.00945387
79,46.33440817,75.32635675,59.23983334
79.1,45.41026264,69.11310531,56.7652037
79.2,44.13851618,62.17695761,53.64634543
79.3,42.52226079,54.6103304,49.95212006
79.4,40.56726135,46.51281718,45.75822545
79.5,38.28195348,37.98970614,41.14586118
79.6,35.67742026,29.15042945,36.20032636
79.7,32.76734767,20.10696764,31.00957285
79.8,29.5679589,10.97223369,25.6627376
79.9,26.09792773,1.858461628,20.24867789
80,22.37827148,-7.12437599,14.85453295
80.1,18.43222406,-15.87009775,9.564335179
80.2,14.28508996,-24.2777674,4.457692737
80.3,9.964080044,-32.25305057,-0.391435654
80.4,5.498130332,-39.7094544,-4.915854604
80.5,0.917704871,-46.56943202,-9.056117545
80.6,-3.745415822,-52.76533638,-12.76136885
80.7,-8.458359306,-58.24021002,-15.99003006
80.8,-13.18739711,-62.9484004,-18.71032035
80.9,-17.89819026,-66.85599308,-20.90060407
81,-22.55604261,-69.94105788,-22.54956118
81.1,-27.12616011,-72.19370628,-23.65617919
81.2,-31.57391398,-73.61596135,-24.22956828
81.3,-35.86510592,-74.22144436,-24.28860418
81.4,-39.96623308,-74.03488506,-23.86140601
81.5,-43.844751,-73.09146565,-22.98465929
81.6,-47.46933223,-71.43601073,-21.70279656
81.7,-50.81011866,-69.12203809,-20.06705058
81.8,-53.83896557,-66.21068723,-18.13439689
81.9,-56.52967537,-62.76954448,-15.96640451
82,-58.85821911,-58.87138488,-13.62801495
82.1,-60.80294399,-54.59285244,-11.18627067
82.2,-62.34476496,-50.01310107,-8.709015205
82.3,-63.46733907,-45.21241897,-6.263587281
82.4,-64.15722063,-40.27085952,-3.915531459
82.5,-64.40399623,-35.26690117,-1.7273475
82.6,-64.20039802,-30.27615849,0.242700111
82.7,-63.54239443,-25.37016535,1.941692044
82.8,-62.42925718,-20.61524991,3.323064362
82.9,-60.86360404,-16.07151955,4.347501774
83,-58.85141663,-11.79197175,4.983698534
83.1,-56.40203296,-7.821745012,5.208973849
83.2,-53.52811443,-4.197521107,5.009731113
83.3,-50.24558744,-0.947087783,4.381752912
83.4,-46.57355968,1.910932034,3.33032648
83.5,-42.53421157,4.367181136,1.870197182
83.6,-38.15266338,6.421498569,0.025350436
83.7,-33.45681891,8.082682213,-2.171374588
83.8,-28.47718664,9.368088658,-4.678833334
83.9,-23.24667944,10.30307834,-7.448277407
84,-17.80039435,10.92031652,-10.42419779
84.1,-12.17537366,11.25894317,-13.54529586
84.2,-6.410349229,11.36362687,-16.74556609
84.3,-0.545471566,11.28352006,-19.95547243
84.4,5.377974237,11.07113423,-23.10319875
84.5,11.31786376,10.78115555,-26.11595236
84.6,17.23153751,10.4692218,-28.92129864
84.7,23.07611203,10.19068282,-31.44850428
84.8,28.80879549,9.999366308,-33.62986634
84.9,34.3872054,9.946371289,-35.40200433
85,39.76968616,10.07891085,-36.70709329
85.1,44.91562395,10.43922499,-37.49401643
85.2,49.78575659,11.06358326,-37.71941719
85.3,54.34247599,11.98139552,-37.34863229
85.4,58.55012082,13.21444725,-36.35648887
85.5,62.37525717,14.77627365,-34.72795126
85.6,65.78694489,16.67168489,-32.4586051
85.7,68.75698756,18.8964518,-29.55496924
85.8,71.26016406,21.43715907,-26.03462849
85.9,73.27443981,24.27122994,-21.92618325
86,74.78115595,27.36712363,-17.26901504
86.1,75.76519484,30.68470372,-12.1128698
86.2,76.21512053,34.17577291,-6.517263989
86.3,76.1232928,37.78476665,-0.550721156
86.4,75.48595387,41.44959546,5.710150163
86.5,74.30328676,45.10262317,12.18172416
86.6,72.57944481,48.67176587,18.77455524
86.7,70.3225518,52.08169435,25.39468743
86.8,67.5446725,55.25512078,31.94505587
86.9,64.26175363,58.11414889,38.32695885
87,60.49353556,60.58166571,44.44157778
87.1,56.26343503,62.5827519,50.19152129
87.2,51.59839973,64.04608733,55.48236931
87.3,46.52873555,64.90532825,60.22419262
87.4,41.08790765,65.10043288,64.33302378
87.5,35.31231664,64.57891246,67.73225569
87.6,29.2410514,63.29698623,70.35394519
87.7,22.91562025,61.22061978,72.14000036
87.8,16.37966231,58.32642815,73.04323188
87.9,9.678641172,54.60242674,73.02825072
88,2.859522947,50.04861581,72.07219685
88.1,-4.029558841,44.67738631,70.16528599
88.2,-10.93964922,38.51373797,67.31116444
88.3,-17.82132596,31.59530325,63.52706458
88.4,-24.62505947,23.97217369,58.84375708
88.5,-31.30157561,15.70652861,53.30529855
88.6,-37.80221885,6.872068692,46.96857698
88.7,-44.07931295,-2.446739356,39.90265999
88.8,-50.08651649,-12.15559824,32.18795432
88.9,-55.77917057,-22.15148378,23.91518776
89,-61.11463595,-32.32390229,15.1842276
89.1,-66.05261711,-42.55628451,6.102752176
89.2,-70.55547074,-52.72749676,-3.215205403
89.3,-74.58849622,-62.7134479,-12.65082051
89.4,-78.12020587,-72.3887692,-22.08212431
89.5,-81.12257273,-81.62854252,-31.38571104
89.6,-83.57125409,-90.31005176,-40.43848007
89.7,-85.44578883,-98.31453147,-49.11938687
89.8,-86.72976694,-105.5288867,-57.31117694
89.9,-87.41096999,-111.8473581,-64.90207648
90,-87.48148124,-117.1731074,-71.7874148
90.1,-86.93776433,-121.419698,-77.87115362
90.2,-85.78071013,-124.5124498,-83.06730045
90.3,-84.01565088,-126.3896448,-87.30118428
90.4,-81.6523417,-127.0035662,-90.51057441
90.5,-78.70490928,-126.3213532,-92.64662497
90.6,-75.191768,-124.325659,-93.67463072
90.7,-71.1355041,-121.0150982,-93.57458224
90.8,-66.56272854,-116.4044784,-92.34151174
90.9,-61.50389953,-110.5248087,-89.9856237
91,-55.99311596,-103.4230848,-86.53220805
91.1,-50.06788316,-95.1618512,-82.02133643
91.2,-43.76885269,-85.81854671,-76.50734571
91.3,-37.13953783,-75.48463966,-70.058116
91.4,-30.22600708,-64.26456538,-62.75415333
91.5,-23.0765576,-52.27447939,-54.68749034
91.6,-15.74137115,-39.64084339,-45.96042091
91.7,-8.272154944,-26.49886333,-36.68408721
91.8,-0.72177008,-12.99080125,-26.97693984
91.9,6.856149786,0.735815716,-16.96309358
92,14.40758663,14.530064,-6.770602986
92.1,21.87853032,28.23954389,3.470316958
92.2,29.21537204,41.71232436,13.6290989
92.3,36.36529586,54.79888495,23.57663341
92.4,43.27666577,67.35402757,33.187055
92.5,49.89940496,79.2387311,42.33947754
92.6,56.1853649,90.32192279,50.91965394
92.7,62.08868106,100.4821415,58.82153575
92.8,67.56611298,109.6090697,65.94871006
92.9,72.57736584,117.6049124,72.21569301
93,77.08539129,124.3856047,77.54906118
93.1,81.05666513,129.8818305,81.88840498
93.2,84.4614399,134.0398393,85.18709047
93.3,87.27397028,136.8220498,87.41281915
93.4,89.47270976,138.2074328,88.54797848
93.5,91.04047685,138.1916692,88.58977862
93.6,91.96458981,136.7870814,87.5501746
93.7,92.23696861,134.0223408,85.45557599
93.8,91.85420344,129.9419561,82.34634953
93.9,90.81758917,124.6055522,78.27612322
94,89.13312548,118.0869502,73.31090324
94.1,86.8114825,110.4730627,67.52801812
94.2,83.86793233,101.8626235,61.01490669
94.3,80.32224671,92.36476809,53.86776904
94.4,76.19856169,82.09748954,46.19010153
94.5,71.52521016,71.18599027,38.09113837
94.6,66.33452345,59.76095612,29.68422395
94.7,60.66260346,47.95677721,21.08514076
94.8,54.54906689,35.90974217,12.41041824
94.9,48.03676346,23.75623179,3.77564833
95,41.17147018,11.63093831,-4.706167106
95.1,34.00156379,-0.334864228,-12.92621217
95.2,26.57767391,-12.01497407,-20.78137259
95.3,18.95231927,-23.28981709,-28.17564868
95.4,11.17952982,-34.04788201,-35.02144528
95.5,3.314457263,-44.187016,-41.24071989
95.6,-4.587022789,-53.61556354,-46.7659729
95.7,-12.46871452,-62.25333398,-51.54106624
95.8,-20.27450825,-70.03238587,-55.52185945
95.9,-27.94878647,-76.89761926,-58.67665523
96,-35.43682677,-82.80716983,-60.9864494
96.1,-42.68519838,-87.73260234,-62.44498333
96.2,-49.64214979,-91.6589034,-63.05860009
96.3,-56.25798426,-94.58427709,-62.84590842
96.4,-62.48542071,-96.51974986,-61.83726186
96.5,-68.27993714,-97.48859384,-60.07406297
96.6,-73.60009425,-97.52558067,-57.60790539
96.7,-78.40783665,-96.67608029,-54.49956898
96.8,-82.66876969,-94.99502145,-50.81788536
96.9,-86.35240968,-92.54573262,-46.63849322
97,-89.43240565,-89.39868379,-42.04250419
97.1,-91.88673124,-85.63015078,-37.11510162
97.2,-93.69784498,-81.32082474,-31.94409526
97.3,-94.85281807,-76.55439015,-26.61845539
97.4,-95.34342848,-71.41609484,-21.22685034
97.5,-95.16622085,-65.9913353,-15.85621074
97.6,-94.32253162,-60.36428017,-10.59034362
97.7,-92.8184793,-54.61655374,-5.50861827
97.8,-90.66491981,-48.8260003,-0.68474444
97.9,-87.87736743,-43.0655482,3.814337941
98,-84.47588166,-37.40219113,7.92944055
98.1,-80.48492112,-31.89610157,11.60996502
98.2,-75.93316529,-26.5998892,14.81458545
98.3,-70.85330559,-21.55801449,17.51176514
98.4,-65.28180724,-16.80636495,19.68010065
98.5,-59.25864373,-12.37199868,21.30848884
98.6,-52.82700574,-8.273057125,22.39611571
98.7,-46.03298679,-4.518845864,22.95226872
98.8,-38.92524779,-1.11007955,22.99597712
98.9,-31.55466316,1.960715643,22.55548776
99,-23.97395086,4.70865144,21.66758635
99.1,-16.23728936,7.155790528,20.37677683
99.2,-8.399924072,9.330337308,18.73433373
99.3,-0.517766383,11.26572243,16.7972444
99.4,7.35301187,12.99959888,14.62705982
99.5,15.1563855,14.57276897,12.28867415
99.6,22.83688159,16.02806239,9.849054285
99.7,30.33998075,17.40918665,7.375941368
99.8,37.61251089,18.75957127,4.936546785
99.9,44.60303084,20.12122736,2.596265057
100,51.26220075,21.53364371,0.417425752
100.1,57.54313681,23.03274003,-1.541894131
100.2,63.40174747,24.64989683,-3.228976948
100.3,68.79704883,26.41108006,-4.597471364
100.4,73.69145685,28.33607691,-5.608282193
100.5,78.05105429,30.43785757,-6.2303278
100.6,81.84583041,32.72207493,-6.441152001
100.7,85.04989163,35.1867125,-6.227379815
100.8,87.64164185,37.82188766,-5.585009093
100.9,89.60393088,40.60981508,-4.51953274
101,90.92417009,43.52493205,-3.045889163
101.1,91.59441449,46.53418483,-1.18824141
101.2,91.61141054,49.59747233,1.020411626
101.3,90.97660961,52.66824034,3.538785745
101.4,89.69614686,55.69421746,6.31801479
101.5,87.78078588,58.61828065,9.30249529
101.6,85.24582952,61.37943667,12.43085849
101.7,82.11099763,63.91390305,15.63705364
101.8,78.40027274,66.1562706,18.8515246
101.9,74.14171482,68.04072811,22.00246
102,69.36724662,69.50232811,25.01709609
102.1,64.11241119,70.47827229,27.8230504
102.2,58.41610354,70.90919422,30.34966352
102.3,52.32027837,70.74041696,32.52932639
102.4,45.86963622,69.92316334,34.29877036
102.5,39.11129028,68.41569731,35.6002979
102.6,32.09441659,66.18437556,36.38293268
102.7,24.86989002,63.20458995,36.60346894
102.8,17.48990902,59.461583,36.22740162
102.9,10.00761174,54.95112027,35.22972058
103,2.476686541,49.68000601,33.59555439
103.1,-5.049020225,43.66643068,31.32065154
103.2,-12.5158963,36.94014151,28.41168938
103.3,-19.8709525,29.54243027,24.88640421
103.4,-27.06220576,21.52593497,20.7735383
103.5,-34.03905336,12.95425571,16.11260303
103.6,-40.75263561,3.901387244,10.95346012
103.7,-47.15618446,-5.549025598,5.355725846
103.8,-53.20535522,-15.30460103,-0.611993856
103.9,-58.85853929,-25.26529027,-6.873026709
104,-64.07715548,-35.32459027,-13.34370263
104.1,-68.82591786,-45.3708825,-19.93455168
104.2,-73.0730783,-55.28887909,-26.55161359
104.3,-76.79064194,-64.96115559,-33.09783897
104.4,-79.95455415,-74.2697481,-39.47456077
104.5,-82.54485767,-83.0977913,-45.58301326
104.6,-84.54581896,-91.33117298,-51.32587489
104.7,-85.94602288,-98.86018008,-56.6088108
104.8,-86.73843514,-105.5811114,-61.34199057
104.9,-86.92043237,-111.3978318,-65.44155708
105,-86.49379944,-116.2232448,-68.83102287
105.1,-85.46469449,-119.9806588,-71.44257136
105.2,-83.84358195,-122.6050267,-73.21824174
105.3,-81.6451342,-124.044039,-74.11097773
105.4,-78.88810281,-124.2590507,-74.08552282
105.5,-75.59516042,-123.2258291,-73.11914645
105.6,-71.79271467,-120.9351071,-71.20218843
105.7,-67.5106956,-117.3929335,-68.33841144
105.8,-62.7823183,-112.6208122,-64.54515447
105.9,-57.64382273,-106.6556272,-59.8532831
106,-52.13419272,-99.54935135,-54.30693556
106.1,-46.29485638,-91.36854191,-47.96306672
106.2,-40.16937026,-82.1936289,-40.89079525
106.3,-33.80308962,-72.1180039,-33.17056236
106.4,-27.24282751,-61.24692174,-24.89311318
106.5,-20.53650503,-49.69622931,-16.15831514
106.6,-13.73279566,-37.5909389,-7.073829685
106.7,-6.880766137,-25.06366533,2.24634356
106.8,-0.029516669,-12.25294889,11.68342916
106.9,6.772176818,0.698512793,21.11552211
107,13.47621583,13.64569881,30.4192937
107.1,20.03552522,26.44313912,39.471732
107.2,26.40438927,38.94680222,48.15189097
107.3,32.5387757,51.01596923,56.34262231
107.4,38.39664503,62.51506789,63.93226406
107.5,43.93824327,73.31543998,70.81626064
107.6,49.12637582,83.29701701,76.89868992
107.7,53.92666063,92.34988002,82.09367412
107.8,58.30775892,100.3756813,86.32665333
107.9,62.24158189,107.2889075,89.53550192
108,65.70347205,113.0179664,91.67147099
108.1,68.67235794,117.5060813,92.69994212
108.2,71.13088141,120.7119812,92.60098075
108.3,73.06549648,122.6103765,91.36968032
108.4,74.46653953,123.1922139,89.01629158
108.5,75.32827023,122.4647077,85.56613461
108.6,75.64888328,120.4511467,81.05929428
108.7,75.43049107,117.190481,75.55010323
108.8,74.67907748,112.7366942,69.10641965
108.9,73.40442354,107.1579724,61.80871005
109,71.6200056,100.5356806,53.74895037
109.1,69.34286701,92.96316364,45.02936131
109.2,66.59346443,84.54438918,35.76099642
109.3,63.3954902,75.39245253,26.06220343
109.4,59.77567211,65.62796663,16.05698162
109.5,55.76355245,55.37736024,5.873259155
109.6,51.39124796,44.77110988,-4.358884334
109.7,46.69319271,33.94193147,-14.50902365
109.8,41.70586596,23.02295824,-24.44819612
109.9,36.46750713,12.14593143,-34.05068518
110,31.01782013,1.439430103,-43.19575351
110.1,25.39766936,-8.972834358,-51.76930023
110.2,19.64876962,-18.97363468,-59.66541815
110.3,13.81337251,-28.45373207,-66.78782837
110.4,7.933951465,-37.31324727,-73.05117158
110.5,2.052887927,-45.46287949,-78.38213739
110.6,-3.787838969,-52.82495635,-82.72041585
110.7,-9.546957024,-59.33430099,-86.01945755
110.8,-15.18419756,-64.93890531,-88.24703204
110.9,-20.66058184,-69.6004011,-89.38557707
111,-25.93869533,-73.29432412,-89.43233451
111.1,-30.98294762,-76.01016939,-88.39927179
111.2,-35.75981651,-77.75123907,-86.31279132
111.3,-40.23807419,-78.53428741,-83.21323305
111.4,-44.38899429,-78.38897043,-79.15417883
111.5,-48.18653809,-77.35711097,-74.20156988
111.6,-51.60751904,-75.49179225,-68.43265181
111.7,-54.63174412,-72.8562959,-61.93476368
111.8,-57.24213152,-69.52290258,-54.8039903
111.9,-59.42480379,-65.57157524,-47.1436988
112,-61.16915602,-61.08854678,-39.06298202
112.1,-62.46789877,-56.16483519,-30.67503276
112.2,-63.31707558,-50.89471024,-22.09547372
112.3,-63.71605537,-45.37413616,-13.44066862
112.4,-63.66749972,-39.6992151,-4.826039891
112.5,-63.17730583,-33.96465602,3.635581556
112.6,-62.25452556,-28.26229268,11.83555003
112.7,-60.91126163,-22.67967388,19.67091843
112.8,-59.16254178,-17.29874754,27.04584916
112.9,-57.02617228,-12.1946585,33.87290193
113,-54.52257196,-7.434677975,40.07418006
113.1,-51.67458826,-3.077280657,45.58231895
113.2,-48.50729702,0.828617628,50.3413032
113.3,-45.04778748,4.244250872,54.30710135
113.4,-41.32493457,7.141414846,57.44811031
113.5,-37.36916015,9.502695214,59.74540443
113.6,-33.21218529,11.32151004,61.19278739
113.7,-28.88677558,12.60196789,61.79664787
113.8,-24.42648145,13.35854579,61.57562351
113.9,-19.86537569,13.61559401,60.56008011
114,-15.23779011,13.40667783,58.79141622
114.1,-10.57805349,12.77376837,56.32120583
114.2,-5.920232801,11.76629781,53.21019433
114.3,-1.29787968,10.44009557,49.52716503
114.4,3.256215889,8.856224647,45.34769564
114.5,7.710262872,7.079738317,40.75282551
114.6,12.03369571,5.178378845,35.82765587
114.7,16.19738837,3.221240679,30.65990601
114.8,20.17385451,1.277421031,25.33844909
114.9,23.93743212,-0.585319119,19.95185124
115,27.46445168,-2.301860826,14.58693759
115.1,30.7333864,-3.810977672,9.327407954
115.2,33.7249838,-5.056509821,4.25252431
115.3,36.42237767,-5.988441842,-0.564109434
115.4,38.81117989,-6.563866189,-5.055656274
115.5,40.87955154,-6.747816161,-9.163026553
115.6,42.618253,-6.513954379,-12.8357151
115.7,44.020673,-5.845105263,-16.03248267
115.8,45.08283658,-4.733622599,-18.72187178
115.9,45.80339217,-3.181586081,-20.88255001
116,46.18357822,-1.200823512,-22.50347653
116.1,46.22716989,1.187241658,-23.58389047
116.2,45.94040651,3.951914957,-24.13312313
116.3,45.33190065,7.053722222,-24.17023821
116.4,44.41252975,10.44505947,-23.72350774
116.5,43.19531152,14.07099045,-22.82973367
116.6,41.69526425,17.87017859,-21.53342769
116.7,39.92925345,21.77593777,-19.88586405
116.8,37.91582617,25.71738435,-17.9440226
116.9,35.67503469,29.62067127,-15.76944027
117,33.22825095,33.41028348,-13.42699153
117.1,30.59797357,37.01037304,-10.98361881
117.2,27.80762906,40.34611151,-8.507035008
117.3,24.88136895,43.34503683,-6.064420385
117.4,21.84386454,45.93837194,-3.721136461
117.5,18.72010107,48.06229302,-1.539478839
117.6,15.53517299,49.65912554,0.422509512
117.7,12.31408193,50.6784479,2.112144208
117.8,9.081539139,51.07808367,3.483105645
117.9,5.861773874,50.82496512,4.496328155
118,2.678349251,49.89585306,5.120756833
118.1,-0.446012996,48.27790005,5.33395895
118.2,-3.489597531,45.96904664,5.12257935
118.3,-6.431849014,42.97824309,4.482631817
118.4,-9.253513135,39.32549167,3.419621164
118.5,-11.93676413,35.04170769,1.948493653
118.6,-14.46531794,30.16840025,0.093416219
118.7,-16.82453018,24.75717669,-2.112612137
118.8,-19.00147856,18.8690776,-4.628310606
118.9,-20.98502909,12.57375202,-7.404819548
119,-22.76588588,5.948485061,-10.3865447
119.1,-24.33662441,-0.922907388,-13.51212871
119.2,-25.69170822,-7.951299834,-16.71553386
119.3,-26.82748918,-15.04357553,-19.92721811
119.4,-27.74219159,-22.10402141,-23.07538463
119.5,-28.4358806,-29.03577776,-26.08728413
119.6,-28.91041542,-35.74231993,-28.89054784
119.7,-29.169388,-42.12894846,-31.41452877
119.8,-29.21804803,-48.10426412,-33.59162851
119.9,-29.06321507,-53.58160425,-35.35858681
120,-28.71317892,-58.48041728,-36.65771185
120.1,-28.17758914,-62.72755345,-37.43803007
120.2,-27.4673351,-66.25845054,-37.65633524
120.3,-26.5944176,-69.01819554,-37.27811842
120.4,-25.57181349,-70.96244456,-36.27836216
120.5,-24.41333452,-72.0581857,-34.6421843
120.6,-23.13348185,-72.28433212,-32.36531923
120.7,-21.74729756,-71.63213491,-29.45442715
120.8,-20.27021461,-70.10540833,-25.92722433
120.9,-18.71790655,-67.72056289,-21.81243055
121,-17.10613841,-64.50644478,-17.14953269
121.1,-15.4506201,-60.5039831,-11.98836642
121.2,-13.76686357,-55.76564953,-6.388520973
121.3,-12.07004504,-50.35473779,-0.418574848
121.4,-10.37487347,-44.34447348,5.844826917
121.5,-8.695466278,-37.81696721,12.31804064
121.6,-7.0452335,-30.86202661,18.91162135
121.7,-5.436771195,-23.57584514,25.53163167
121.8,-3.881764993,-16.05958752,32.08104243
121.9,-2.390904517,-8.41789322,38.46120365
122,-0.97380929,-0.757320994,44.57336293
122.1,0.361033338,6.815241743,50.32020796
122.2,1.606317866,14.19418014,55.60740859
122.3,2.755957638,21.27673903,60.34513434
122.4,3.805108993,27.9645713,64.44952301
122.5,4.750182558,34.16522355,67.84407695
122.6,5.588841746,39.79353566,70.46096425
122.7,6.31998868,44.77293265,72.24220362
122.8,6.943737853,49.03658832,73.14071339
122.9,7.46137796,52.52844246,73.12120692
123,7.875322446,55.20405553,72.16091912
123.1,8.189049393,57.03128714,70.25015124
123.2,8.4070315,57.99078739,67.39262383
123.3,8.534656959,58.07629318,63.60563071
123.4,8.578142134,57.29472431,58.91998983
123.5,8.544437019,55.66607753,53.37978987
123.6,8.441124489,53.22311975,47.04193491
123.7,8.276314437,50.01088474,39.97549226
123.8,8.058533918,46.08598066,32.26085176
123.9,7.796614438,41.51571884,23.98870789
124,7.49957758,36.37707693,15.25887873
124.1,7.176520126,30.75551202,6.178978258
124.2,6.836499861,24.74364212,-3.137038926
124.3,6.488423222,18.43981572,-12.57043947
124.4,6.140935925,11.94659182,-21.99935705
124.5,5.802317682,5.369153401,-31.30049792
124.6,5.480382062,-1.186320966,-40.35088099
124.7,5.182382501,-7.61430246,-49.02958678
124.8,4.914925404,-13.81154875,-57.21948908
124.9,4.683891211,-19.67870693,-64.80894346
125,4.494364216,-25.12185772,-71.69340728
125.1,4.350571829,-30.05397706,-77.77696681
125.2,4.255833916,-34.39629241,-82.9737483
125.3,4.212522694,-38.07951255,-87.20919158
125.4,4.222033613,-41.04491182,-90.42116678
125.5,4.284767505,-43.24525185,-92.56091704
125.6,4.400124198,-44.64552623,-93.59381253
125.7,4.566507661,-45.22351657,-93.49990417
125.8,4.781342649,-44.97015103,-92.27426817
125.9,5.041102687,-43.88965957,-89.92713564
126,5.341349142,-41.99952332,-86.48380499
126.1,5.676780994,-39.3302186,-81.98433771
126.2,6.041294846,-35.92475941,-76.48304171
126.3,6.428054574,-31.83804506,-70.04774931
126.4,6.829569947,-27.13602307,-62.75890037
126.5,7.237783453,-21.89467979,-54.70844351
126.6,7.644164462,-16.19887442,-45.99857168
126.7,8.039809814,-10.14103404,-36.74031027
126.8,8.415549824,-3.819729797,-27.05197864
126.9,8.762058647,2.661843958,-17.05754735
127,9.0699679,9.197464258,-6.884915521
127.1,9.329982401,15.67952327,3.335866632
127.2,9.53299683,22.00069598,13.47440391
127.3,9.670212154,28.05560609,23.40176434
127.4,9.733250577,33.74246459,32.99226298
127.5,9.714267855,38.96465565,42.12519525
127.6,9.606061776,43.63224556,50.6864944
127.7,9.402175654,47.66339129,58.57028895
127.8,9.09699574,50.98562714,65.68033754
127.9,8.685841451,53.53700959,71.93132042
128,8.165047447,55.26710267,77.24996897
128.1,7.532036584,56.13778869,81.57601736
128.2,6.785382902,56.12389188,84.86296271
128.3,5.924863869,55.2136053,87.07862356
128.4,4.951501195,53.40871429,88.20548908
128.5,3.867589649,50.7246133,88.24085482
128.6,2.676713402,47.19011551,87.19674406
128.7,1.383749542,42.84705833,85.09961686
128.8,-0.005141478,37.74971082,81.98987229
128.9,-1.482538566,31.96399194,77.92115237
129,-3.039795898,25.56651189,72.95945905
129.1,-4.667091863,18.64345091,67.18209855
129.2,-6.353490788,11.28929305,60.67646982
129.3,-8.087017072,3.60543391,53.53871609
129.4,-9.854741209,-4.301315938,45.87226066
129.5,-11.6428771,-12.32030936,37.78624948
129.6,-13.43688989,-20.33869854,29.39392454
129.7,-15.22161352,-28.24310348,20.81095298
129.8,-16.98137702,-35.92128774,12.15373732
129.9,-18.70013851,-43.26381589,3.537732361
130,-20.36162579,-50.16566746,-4.92420589
130.1,-21.94948234,-56.52778314,-13.12341462
130.2,-23.44741736,-62.25851962,-20.95693827
130.3,-24.8393587,-67.27499137,-28.32894004
130.4,-26.10960714,-71.50427914,-35.15199015
130.5,-27.24299068,-74.88448712,-41.34821251
130.6,-28.22501752,-77.36563321,-46.85027345
130.7,-29.0420261,-78.91035926,-51.60219892
130.8,-29.68133098,-79.49445095,-55.56000917
130.9,-30.13136301,-79.10716026,-58.69216299
131,-30.38180251,-77.75132588,-60.97980641
131.1,-30.42370407,-75.44329092,-62.41682405
131.2,-30.24961174,-72.2126194,-63.00969413
131.3,-29.8536634,-68.10161706,-62.77715161
131.4,-29.23168316,-63.16466423,-61.74966634
131.5,-28.3812608,-57.46737194,-59.96874666
131.6,-27.30181728,-51.08557471,-57.48608074
131.7,-25.99465552,-44.1041763,-54.36253127
131.8,-24.46299577,-36.61586659,-50.66700051
131.9,-22.71199495,-28.71972986,-46.47518532
132,-20.74874955,-20.51976631,-41.86824285
132.1,-18.5822818,-12.12334984,-36.93138917
132.2,-16.22350892,-3.639646046,-31.75245395
132.3,-13.68519546,4.821985075,-26.42041469
132.4,-10.98188884,13.15357718,-21.0239344
132.5,-8.129838458,21.25011208,-15.64992615
132.6,-5.146898628,29.01101691,-10.38216748
132.7,-2.052416114,36.34158154,-5.299986716
132.8,1.132897145,43.15427462,-0.477041676
132.9,4.387105226,49.36993894,4.019790024
133,7.687202343,54.91884824,8.131392098
133.1,11.00927879,59.74161038,11.80724723
133.2,14.32869749,63.78990376,15.00611878
133.3,17.62027979,67.02703701,17.69656672
133.4,20.85849913,69.42832453,19.85729074
133.5,24.01768101,70.98127355,21.47729639
133.6,27.0722077,71.68558125,22.55588292
133.7,29.99672607,71.55294369,23.10245458
133.8,32.7663568,70.60668099,23.13615991
133.9,35.35690326,68.88118638,22.68536643
134,37.74505841,66.42120931,21.78698084
134.1,39.90860777,63.28098541,20.48562728
134.2,41.82662695,59.52322852,18.83269857
134.3,43.47967184,55.21800209,16.88529736
134.4,44.84995998,50.44148907,14.70508583
134.5,45.92154131,45.27468095,12.35706424
134.6,46.68045683,39.80200772,9.908299402
134.7,47.11488379,34.10993144,7.426625284
134.8,47.21526588,28.28552657,4.979338068
134.9,46.97442729,22.41507008,2.631908214
135,46.38766941,16.58266443,0.446731618
135.1,45.4528492,10.86891548,-1.518058672
135.2,44.17043838,5.349686652,-3.209699801
135.3,42.54356263,0.094949131,-4.581806517
135.4,40.57802032,-4.832253658,-5.595261344
135.5,38.28228024,-9.376711144,-6.218972195
135.6,35.66745825,-13.49180624,-6.430484342
135.7,32.7472726,-17.14011996,-6.216436125
135.8,29.53797813,-20.29387116,-5.572850365
135.9,26.05827953,-22.93518513,-4.505256268
136,22.3292242,-25.05618782,-3.028639389
136.1,18.3740752,-26.65892529,-1.167220162
136.2,14.21816513,-27.75511088,1.045935639
136.3,9.888731862,-28.36570538,3.569468295
136.4,5.414737179,-28.5203385,6.35442848
136.5,0.826669613,-28.25658217,9.345122985
136.6,-3.843667224,-27.61908912,12.48008792
136.7,-8.56337925,-26.65861191,15.69317326
136.8,-13.29871788,-25.43091999,18.91472076
136.9,-18.01532562,-23.99563377,22.07281546
137,-22.67848945,-22.41499616,25.09458994
137.1,-27.25340014,-20.75260312,27.90755932
137.2,-31.70541551,-19.07211526,30.44096445
137.3,-36.00032559,-17.43597297,32.62710049
137.4,-40.10461774,-15.90413763,34.4026083
137.5,-43.98573952,-14.53288058,35.70970628
137.6,-47.61235736,-13.37364131,36.4973416
137.7,-50.95460893,-12.47197476,36.72224051
137.8,-53.98434716,-11.86660624,36.34983936
137.9,-56.67537398,-11.58861091,35.35507954
138,-59.00366185,-11.66073234,33.72305178
138.1,-60.94756119,-12.09685271,31.44947773
138.2,-62.48799208,-12.90162439,28.54101918
138.3,-63.60861842,-14.07027021,25.01540808
138.4,-64.29600319,-15.58855672,20.90139345
138.5,-64.53974336,-17.43294192,16.23850417
138.6,-64.33258316,-19.57089609,11.07662966
138.7,-63.67050469,-21.96139125,5.475423421
138.8,-62.55279494,-24.55555212,-0.496462716
138.9,-60.98208844,-27.29745858,-6.762302922
139,-58.96438502,-30.1250871,-13.23836703
139.1,-56.50904225,-32.97137618,-19.83511972
139.2,-53.6287424,-35.76539867,-26.45853142
139.3,-50.33943394,-38.433622,-33.01148085
139.4,-46.66024775,-40.90123575,-39.39522796
139.5,-42.6133885,-43.09352455,-45.51093438
139.6,-38.22400164,-44.93726376,-51.26120768
139.7,-33.52001703,-46.3621144,-56.55164531
139.8,-28.53196997,-47.30199398,-61.29235371
139.9,-23.29280084,-47.69639982,-65.39941835
140,-17.83763475,-47.4916623,-68.7963013
140.1,-12.20354258,-46.64210609,-71.41514337
140.2,-6.429285152,-45.11109916,-73.19794982
140.3,-0.555042234,-42.87197056,-74.09763982
140.4,5.377871605,-39.90878031,-74.07894208
140.5,11.32730235,-36.2169267,-73.11912131
140.6,17.25056091,-31.80357897,-71.2085226
140.7,23.10473429,-26.68792597,-68.35092376
140.8,28.84700125,-20.90123416,-64.56368835
140.9,34.43495015,-14.48671165,-59.87771525
141,39.82689656,-7.499177529,-54.33718392
141.1,44.98219824,-0.004539228,-47.99909729
141.2,49.86156504,7.920916343,-40.93262774
141.3,54.42736147,16.19140935,-33.21827432
141.4,58.64389942,24.71271963,-24.94684274
141.5,62.47771885,33.38339103,-16.21826199
141.6,65.89785428,42.09607078,-7.140254332
141.7,68.87608473,50.73896482,2.173122303
141.8,71.3871654,59.19738793,11.60303851
141.9,73.40903892,67.35538623,21.02754142
142,74.92302461,75.09740776,30.32326233
142.1,75.91398402,82.30999632,39.36715881
142.2,76.37046141,88.88348305,48.03826533
142.3,76.28479787,94.71364992,56.2194265
142.4,75.65321799,99.70333977,63.79898683
142.5,74.47588836,103.7639878,70.67241174
142.6,72.75694699,106.8170511,76.74381527
142.7,70.50450353,108.7953127,81.92737156
142.8,67.73060982,109.6440408,86.14858838
142.9,64.45120085,109.3219831,89.3454235
143,60.68600648,107.8021807,91.46922664
143.1,56.45843416,105.0725872,92.48549252
143.2,51.79542352,101.1364826,92.3744131
143.3,46.72727365,96.01267398,91.13122042
143.4,41.28744411,89.73547744,88.76631427
143.5,35.51233115,82.35448107,85.30517222
143.6,29.44102052,73.93408948,80.78804301
143.7,23.11501863,64.55285554,75.26942715
143.8,16.5779639,54.30260736,68.81735212
143.9,9.875320399,43.28738166,61.51245248
144,3.054055943,31.62217784,53.44686823
144.1,-3.837693089,19.43154958,44.72297726
144.2,-10.7509677,6.848053389,35.45198062
144.3,-17.6363405,-5.989424445,25.75236107
144.4,-24.44427558,-18.93743898,15.74823774
144.5,-31.12549139,-31.849831,5.567640854
144.6,-37.6313239,-44.57961841,-4.659268007
144.7,-43.91408726,-56.98090811,-14.80200399
144.8,-49.92742944,-68.91080076,-24.73156893
144.9,-55.62667983,-80.23126169,-34.32223649
145,-60.96918649,-90.81093098,-43.4532865
145.1,-65.91464021,-100.5268471,-52.01066302
145.2,-70.425383,-109.2660595,-59.88853198
145.3,-74.46669864,-116.9271069,-66.99071582
145.4,-78.00708286,-123.4213405,-73.23198432
145.5,-81.01849127,-128.6740742,-78.53918314
145.6,-83.47656283,-132.6255433,-82.85218398
145.7,-85.36081721,-135.231661,-86.12464299
145.8,-86.65482442,-136.464561,-88.32455704
145.9,-87.34634521,-136.312918,-89.43461048
146,-87.42744124,-134.7820442,-89.45230815
146.1,-86.89455388,-131.8937594,-88.38989366
146.2,-85.74855095,-127.6860375,-86.27405533
146.3,-83.99474103,-122.212436,-83.1454251
146.4,-81.64285492,-115.5413167,-79.05787898
146.5,-78.70699437,-107.7548698,-74.07765062
146.6,-75.20554832,-98.9479565,-68.28227221
146.7,-71.16107701,-89.22678693,-61.75935962
146.8,-66.60016495,-78.7074541,-54.60526066
146.9,-61.55324345,-67.51434468,-46.9235879
147,-56.05438416,-55.7784506,-38.82365836
147.1,-50.14106483,-43.63560632,-30.41886444
147.2,-43.85390914,-31.22467724,-21.8250008
147.3,-37.23640231,-18.6857258,-13.15857271
147.4,-30.33458459,-6.158181634,-4.535111529
147.5,-23.19672482,6.22095794,3.932477446
147.6,-15.87297636,18.31887155,12.13550999
147.7,-8.415018086,30.00857685,19.97103719
147.8,-0.875682831,41.17048996,27.34325668
147.9,6.691423842,51.69385975,34.16480019
148,14.23231177,61.47805748,40.3578791
148.1,21.6929984,70.43370492,45.85527159
148.2,29.01990206,78.48362617,50.60113792
148.3,36.16023359,85.56361171,54.55165281
148.4,43.06238313,91.62298565,57.67544709
148.5,49.67629949,96.62497069,59.9538535
148.6,55.953859,100.546848,61.38095494
148.7,61.84922129,103.3799124,61.96343619
148.8,67.31916917,105.1292275,61.72024366
148.9,72.32343018,105.8131852,60.68206008
149,76.82497731,105.4628824,58.89060459
149.1,80.79030663,104.1213239,56.39777069
149.2,84.18968981,101.8424686,53.26461761
149.3,86.9973994,98.69013559,49.56023223
149.4,89.19190545,94.73678827,45.36048112
149.5,90.75604169,90.06221853,40.74667361
149.6,91.67714012,84.75215235,35.80415803
149.7,91.94713295,78.8968001,30.6208744
149.8,91.56262104,72.58937518,25.285887
149.9,90.52490833,65.92460477,19.88792084
150,88.84000183,58.99725661,14.51392537
150.1,86.51857733,51.90070484,9.247688582
150.2,83.57591077,44.72555717,4.168523347
150.3,80.03177595,37.55836453,-0.649953319
150.4,75.91030912,30.48043252,-5.140929023
150.5,71.23984149,23.56675219,-9.245375762
150.6,66.05270083,16.88506576,-12.91288581
150.7,60.38498358,10.49508009,-16.10235132
150.8,54.27629905,4.447838418,-18.78247784
150.9,47.76948764,-1.214741849,-20.93212473
151,40.91031514,-6.460160468,-22.54046838
151.1,33.7471452,-11.26545282,-23.60698694
151.2,26.33059241,-15.61713641,-24.14126839
151.3,18.71315869,-19.51098912,-24.16264656
151.4,10.94885527,-22.95166598,-23.69967252
151.5,3.092813449,-25.95216341,-22.78943154
151.6,-4.799113349,-28.533143,-21.47671821
151.7,-12.67075316,-30.72212856,-19.8130847
151.8,-20.46602173,-32.55259276,-17.85577916
151.9,-28.12932859,-34.06295099,-15.66659294
152,-35.60597976,-35.29548183,-13.31063691
152.1,-42.84257432,-36.2951946,-10.85506814
152.2,-49.7873919,-37.10866505,-8.367788968
152.3,-56.3907681,-37.78286092,-5.916141077
152.4,-62.60545526,-38.36397904,-3.565616853
152.5,-68.38696583,-38.8963153,-1.37861036
152.6,-73.69389579,-39.42118823,0.586770721
152.7,-78.48822587,-39.9759359,2.277811785
152.8,-82.73559816,-40.59300442,3.648197633
152.9,-86.40556621,-41.29914484,4.658901164
153,-89.47181676,-42.11473312,5.278939141
153.1,-91.91236139,-43.05322581,5.485981971
153.2,-93.70969677,-44.12076157,5.266806912
153.3,-94.85093223,-45.31591628,4.617586747
153.4,-95.32788378,-46.62961651,3.544008717
153.5,-95.13713386,-48.04521354,2.061221382
153.6,-94.28005635,-49.53871744,0.193609935
153.7,-92.7628067,-51.07918738,-2.025596585
153.8,-90.59627716,-52.62927222,-4.554879931
153.9,-87.79601759,-54.14589239,-7.345140133
154,-84.38212221,-55.58105151,-10.34054425
154.1,-80.37908334,-56.88276417,-13.47950241
154.2,-75.81561311,-57.99608391,-16.69575495
154.3,-70.72443432,-58.86421365,-19.91955262
154.4,-65.14204231,-59.42967941,-23.07891006
154.5,-59.10843921,-59.63554669,-26.10091171
154.6,-52.66684286,-59.42665818,-28.91304792
154.7,-45.86337231,-58.75087073,-31.444559
154.8,-38.74671233,-57.56026955,-33.62776408
154.9,-31.36775942,-55.81233758,-35.3993524
155,-23.77925179,-53.47105862,-36.70161461
155.1,-16.03538625,-50.50793379,-37.48359295
155.2,-8.191424595,-46.90289192,-37.70213015
155.3,-0.303292617,-42.64507642,-37.3227986
155.4,7.572825501,-37.73349264,-36.32069303
155.5,15.38089429,-32.1775022,-34.6810723
155.6,23.06543266,-25.9971531,-32.39983807
155.7,30.57191512,-19.22333692,-29.48384094
155.8,37.84716565,-11.89776728,-25.95100713
155.9,44.83974119,-4.072776688,-21.83028196
156,51.50030219,4.189068497,-17.16138909
156.1,57.78196715,12.81553174,-11.99440766
156.2,63.64064892,21.72544299,-6.389172299
156.3,69.03537004,30.82959934,-0.414503972
156.4,73.92855487,40.03181838,5.852717599
156.5,78.28629655,49.2301299,12.32862663
156.6,82.07859655,58.31808947,18.92357322
156.7,85.27957537,67.18619537,25.54343666
156.8,87.86765274,75.72338808,32.09103008
156.9,89.82569595,83.81861045,38.46757502
157,91.1411355,91.36240508,44.57422307
157.1,91.80604703,98.24852484,50.31360097
157.2,91.81719908,104.3755318,55.59135473
157.3,91.17606643,109.64836,60.31766858
157.4,89.88880892,113.9798168,64.40873433
157.5,87.96621596,117.2920008,67.78814767
157.6,85.42361727,119.5176111,70.38820878
157.7,82.28076053,120.6011289,72.15110589
157.8,78.56165693,120.4998499,73.02996224
157.9,74.29439586,119.1847521,72.98972888
158,69.5109301,116.6411811,72.00790789
158.1,64.24683329,112.8693437,70.07509338
158.2,58.54103141,107.8845964,67.19532005
158.3,52.43551048,101.7175255,63.38621245
158.4,45.97500255,94.41381269,58.67893058
158.5,39.20665245,86.03388665,53.11791118
158.6,32.17966784,76.65236374,46.76040667
158.7,24.94495517,66.35728301,39.67582731
158.8,17.55474421,55.24914497,31.94489474
158.9,10.06220421,43.4397662,23.65861847
159,2.521054238,31.05096453,14.91710932
159.1,-5.01482909,18.21309249,5.828246597
159.2,-12.4918038,5.063438614,-3.493782029
159.3,-19.85685161,-8.255481109,-12.93004675
159.4,-27.05796104,-21.59771827,-22.35852524
159.5,-34.0445017,-34.81574824,-31.65581144
159.6,-40.76758712,-47.76236155,-40.69885821
159.7,-47.18042327,-60.2925636,-49.36672816
159.8,-53.2386405,-72.26545573,-57.54232644
159.9,-58.90060621,-83.54607083,-65.11408958
160,-64.12771625,-94.00713719,-71.97760513
160.1,-68.88466286,-103.5307453,-78.0371375
160.2,-73.13967716,-112.0098935,-83.20703707
160.3,-76.86474472,-119.3498909,-87.4130111
160.4,-80.03579255,-125.4695956,-90.59323695
160.5,-82.63284623,-130.3024734,-92.69930072
160.6,-84.64015631,-133.7974579,-93.69694656
160.7,-86.04629296,-135.9196032,-93.56662521
160.8,-86.84420855,-136.6505175,-92.3038328
160.9,-87.03126756,-135.9885724,-89.9192345
161,-86.60924407,-133.9488847,-86.4385706
161.1,-85.58428669,-130.563071,-81.90234582
161.2,-83.96685161,-125.8787799,-76.36530615
161.3,-81.77160428,-119.9590067,-69.89571037
161.4,-79.0172906,-112.8812031,-62.57440681
161.5,-75.72657886,-104.7361929,-54.49372853
161.6,-71.92587356,-95.62691151,-45.75622314
161.7,-67.64510289,-85.66698603,-36.47323557
161.8,-62.91748133,-74.97917822,-26.76336484
161.9,-57.77924946,-63.69371186,-16.75081715
162,-52.26939292,-51.94650946,-6.563679699
162.1,-46.42934283,-39.87736374,3.667859584
162.2,-40.30265991,-27.62807042,13.81332011
162.3,-33.93470477,-15.34054899,23.74373806
162.4,-27.37229689,-3.154978715,33.33345056
162.5,-20.66336493,8.792023654,42.46182858
162.6,-13.856591,20.36915862,51.01493303
162.7,-7.001051514,31.45210627,58.88707023
162.8,-0.145857401,41.92507306,65.98222376
162.9,6.66020371,51.68220152,72.21534244
163,13.36902064,60.62882387,77.51346558
163.1,19.93350461,68.68254243,81.8166697
163.2,26.30792536,75.77412303,85.07882337
163.3,32.44823517,81.84818997,87.26813986
163.4,38.31237827,86.86371445,88.36752011
163.5,43.86058356,90.79429141,88.37468215
163.6,49.05563852,93.62820296,87.30207586
163.7,53.8631424,95.36826987,85.17658547
163.8,58.25173701,96.03149555,82.03902529
163.9,62.19331346,95.64851039,77.9434373
164,65.66319346,94.26282704,72.95620209
164.1,68.64028415,91.92991998,67.1549776
164.2,71.10720539,88.71614547,60.62748229
164.3,73.05038864,84.69752018,53.47014214
164.4,74.46014724,79.95837866,45.78662239
164.5,75.3307173,74.58993176,37.68626674
164.6,75.66026957,68.68874912,29.28246823
164.7,75.45089208,62.35519019,20.69099649
164.8,74.70854402,55.69180834,12.02830699
164.9,73.44298145,48.80175328,3.409857718
165,71.66765548,41.78719642,-5.051541261
165.1,69.39958402,34.74780342,-13.24732077
165.2,66.65919819,27.77927714,-21.07466439
165.3,63.47016464,20.97199298,-28.43791705
165.4,59.8591855,14.40974658,-35.24986967
165.5,55.85577738,8.168632472,-41.43290161
165.6,51.49203144,2.316069431,-46.91996468
165.7,46.80235632,-3.090013813,-51.65539505
165.8,41.82320602,-8.0018217,-55.59554242
165.9,36.59279503,-12.3821558,-58.70920838
166,31.1508026,-16.20469455,-60.97788909
166.1,25.53806889,-19.4540867,-62.39582053
166.2,19.79628495,-22.12585945,-62.96982751
166.3,13.96767912,-24.22614534,-62.71898084
166.4,8.094702194,-25.77123457,-61.67406987
166.5,2.219713643,-26.78696256,-59.87690068
166.6,-3.615328643,-27.30794504,-57.37943263
166.7,-9.369172904,-27.3766751,-54.24276853
166.8,-15.00157003,-27.04249934,-50.53601596
166.9,-20.47355992,-26.36049142,-46.33503909
167,-25.74774566,-25.39024351,-41.72112187
167.1,-30.78855342,-24.19459697,-36.77956496
167.2,-35.5624764,-22.83833438,-31.59823937
167.3,-40.03830106,-21.38685602,-26.26612054
167.4,-44.18731398,-19.90486337,-20.87182649
167.5,-47.98348815,-18.45507244,-15.50218378
167.6,-51.40364732,-17.0969789,-10.24084394
167.7,-54.42760735,-15.88569601,-5.166972489
167.8,-57.0382939,-14.870885,-0.354031118
167.9,-59.22183543,-14.09579606,4.131328107
168,-60.96763142,-13.59643595,8.230239359
168.1,-62.26839521,-13.40087616,11.89245579
168.2,-63.12017156,-13.52871313,15.07702598
168.3,-63.5223289,-13.99068945,17.7528044
168.4,-63.47752673,-14.78848214,19.89878885
168.5,-62.99165841,-15.91466129,21.50428094
168.6,-62.07377034,-17.35281956,22.5688683
168.7,-60.73595803,-19.07787006,23.10223034
168.8,-58.99324035,-21.0565072,23.12377238
168.9,-56.86341299,-23.24782251,22.66209546
169,-54.36688251,-25.60406478,21.75431201
169.1,-51.52648244,-28.07153119,20.44522026
169.2,-48.36727305,-30.59157436,18.78635207
169.3,-44.91632643,-33.10170767,16.83491135
169.4,-41.20249875,-35.53679013,14.65262178
169.5,-37.25619159,-37.83027012,12.30450402
169.6,-33.10910429,-39.91546687,9.857603625
169.7,-28.79397921,-41.72686729,7.379691883
169.8,-24.34434226,-43.20141602,4.937961836
169.9,-19.79424034,-44.279776,2.597742054
170,-15.17797818,-44.90753793,0.421250227
170.1,-10.52985628,-45.03635723,-1.53359201
170.2,-5.883912278,-44.62499852,-3.214262701
170.3,-1.273667478,-43.64026914,-4.57464269
170.4,3.268119374,-42.05782474,-5.575901025
170.5,7.709689296,-39.86283238,-6.187247396
170.6,12.02050949,-37.05047855,-6.386538624
170.7,16.17148731,-33.62631226,-6.160728666
170.8,20.13517029,-29.60641597,-5.506154209
170.9,23.88593073,-25.01739978,-4.428650732
171,27.40013369,-19.89621758,-2.94349672
171.1,30.65628716,-14.28980625,-1.075186624
171.2,33.6351735,-8.254552466,1.142963955
171.3,36.31996134,-1.855594047,3.669374582
171.4,38.69629722,4.834034067,6.454908755
171.5,40.75237663,11.73439686,9.443723539
171.6,42.47899399,18.75978432,12.57424605
171.7,43.86957159,25.81994744,15.78026062
171.8,44.92016744,32.82142624,18.99208859
171.9,45.62946224,39.66894909,22.13784096
172,45.99872592,46.26688151,25.14472298
172.1,46.0317642,52.52070157,27.94036873
172.2,45.73484598,58.33847844,30.45418303
172.3,45.11661231,63.63233063,32.61866809
172.4,44.1879679,68.3198402,34.37071201
172.5,42.96195648,72.32540033,35.65281734
172.6,41.453621,75.58147401,36.41424805
172.7,39.67985018,78.02974334,36.61207525
172.8,37.6592128,79.62213019,36.21210297
172.9,35.41178128,80.32167114,35.18965747
173,32.95894607,80.10323162,33.53022564
173.1,30.32322264,78.9540468,31.22993032
173.2,27.52805258,76.87407924,28.29583326
173.3,24.59760073,73.87618633,24.74605873
173.4,21.5565499,69.98609344,20.60973419
173.5,18.42989501,65.2421715,15.92674694
173.6,15.24273828,59.69502123,10.74731899
173.7,12.02008725,53.40686887,5.131405157
173.8,8.78665721,46.45078142,-0.852077705
173.9,5.566679523,38.90971224,-7.126179459
174,2.383717534,30.87539055,-13.60699017
174.1,-0.739508678,22.44707086,-20.20484245
174.2,-3.78128731,13.73016054,-26.82562472
174.3,-6.721068397,4.834745972,-33.37218541
174.4,-9.539604833,-4.125960993,-39.74580671
174.5,-12.21907985,-13.03723287,-45.84772499
174.6,-14.74322011,-21.78446846,-51.58067429
174.7,-17.09739372,-30.25484206,-56.8504286
174.8,-19.26869248,-38.33893489,-61.56731851
174.9,-21.24599812,-45.93232378,-65.6476982
175,-23.02003204,-52.93710301,-69.01533904
175.1,-24.58338847,-59.26331573,-71.6027273
175.2,-25.93055114,-64.83027296,-73.35224485
175.3,-27.05789347,-69.56773988,-74.21721299
175.4,-27.96366259,-73.41697079,-74.16278227
175.5,-28.6479477,-76.33157678,-73.16665264
175.6,-29.11263316,-78.27821223,-71.2196115
175.7,-29.36133715,-79.23706952,-68.32587948
175.8,-29.39933655,-79.20217374,-64.50325695
175.9,-29.23347901,-78.18147254,-59.7830673
176,-28.8720832,-76.19671941,-54.20989591
176.1,-28.32482829,-73.28315148,-47.84112726
176.2,-27.60263387,-69.48896668,-40.74628539
176.3,-26.71753152,-64.87460758,-33.00618621
176.4,-25.68252932,-59.51186254,-24.71191302
176.5,-24.51147061,-53.48279764,-15.96362936
176.6,-23.21888843,-46.87853521,-6.869245941
176.7,-21.81985695,-39.79789743,2.457039338
176.8,-20.32984132,-32.34593537,11.89630718
176.9,-18.7645473,-24.63236579,21.3265657
177,-17.13977207,-16.76993918,30.62445809
177.1,-15.47125757,-8.872763931,39.66700389
177.2,-13.77454755,-1.054611939,48.33334815
177.3,-12.06484974,6.572768562,56.50649235
177.4,-10.35690423,13.90130739,64.07498114
177.5,-8.664859112,20.82820886,70.93451978
177.6,-7.002154596,27.25746605,76.98949764
177.7,-5.381416311,33.10126988,82.15439491
177.8,-3.814358802,38.28129164,86.35505107
177.9,-2.31169988,42.72981953,89.52977571
178,-0.883086474,46.39073197,91.63028483
178.1,0.462967512,49.22029301,92.62244794
178.2,1.719130928,51.1877579,92.4868344
178.3,2.879292427,52.2757797,91.21905037
178.4,3.938584675,52.48061105,88.82986069
178.5,4.893395686,51.81209815,85.34509344
178.6,5.741367371,50.29346739,80.80532808
178.7,6.481381505,47.96090813,75.2653712
178.8,7.113533431,44.86295833,68.79352744
178.9,7.639093931,41.05970275,61.4706758
179,8.060459806,36.6217962,53.38916473
179.1,8.3810938,31.62932727,44.65154206
179.2,8.605454608,26.1705401,35.36913834
179.3,8.738917783,20.34043408,25.66052425
179.4,8.787688439,14.23926337,15.6498647
179.5,8.758706727,7.970959276,5.465193814
179.6,8.65954711,1.641500001,-4.763363883
179.7,8.498312516,-4.642746952,-14.90540001
179.8,8.283524491,-10.77668426,-24.83203001
179.9,8.024010505,-16.6581205,-34.41767554
180,7.728789583,-22.18935686,-43.54179546
180.1,7.406957429,-27.27870059,-52.09054003
180.2,7.067572236,-31.84188178,-59.9583044
180.3,6.719542333,-35.80335188,-67.04915868
180.4,6.371516807,-39.0974441,-73.27813402
180.5,6.031780215,-41.66937798,-78.57234623
180.6,5.708152431,-43.47609287,-82.87194091
180.7,5.407894646,-44.48689783,-86.13084691
180.8,5.137622454,-44.68392814,-88.31732775
180.9,4.9032269,-44.06240179,-89.41432365
181,4.70980427,-42.63067239,-89.41958016
181.1,4.561595337,-40.41007789,-88.34556239
181.2,4.461934661,-37.43458812,-86.21915725
181.3,4.413210464,-33.75025678,-83.08116915
181.4,4.416835468,-29.41448678,-78.98561786
181.5,4.473229008,-24.49512084,-73.99884987
181.6,4.581810607,-19.06937156,-68.19847786
181.7,4.741005074,-13.22260802,-61.67216481
181.8,4.948259099,-7.047017907,-54.51627212
181.9,5.200069189,-0.64016629,-46.83439263
182,5.492020684,5.896526601,-38.73579131
182.1,5.818837474,12.45936465,-30.33377774
182.2,6.174441943,18.94398767,-21.74403499
182.3,6.55202456,25.24699071,-13.08293064
182.4,6.944122431,31.26752568,-4.465835231
182.5,7.342706055,36.90886053,3.99452637
182.6,7.739273421,42.079872,12.18966624
182.7,8.124950514,46.69644877,20.01684359
182.8,8.490597248,50.68278362,27.38047171
182.9,8.826917753,53.97253479,34.19340126
183,9.124573915,56.50983889,40.37806132
183.1,9.37430103,58.2501599,45.8674423
183.2,9.567024387,59.16096176,50.60590694
183.3,9.6939756,59.22219432,54.5498187
183.4,9.746807475,58.42658588,57.66797962
183.5,9.71770624,56.77973813,59.94187278
183.6,9.599499928,54.30002264,61.36570742
183.7,9.385761792,51.0182812,61.94626821
183.8,9.070907618,46.97733508,61.70257284
183.9,8.650285874,42.23131158,60.66534518
184,8.120259688,36.84479873,58.87631438
184.1,7.478279721,30.89184207,56.38735245
184.2,6.722947067,24.45479934,53.25946569
184.3,5.854065409,17.62307163,49.56165741
184.4,4.872681752,10.49173095,45.36968125
184.5,3.781115157,3.160066005,40.76470609
184.6,2.582973005,-4.269930863,35.83191462
184.7,1.283154432,-11.69511187,30.65905881
184.8,-0.112159286,-19.01273288,25.33499573
184.9,-1.595527543,-26.12199897,19.94822759
185,-3.158286368,-32.92557265,14.58546929
185.1,-4.790597432,-39.33102114,9.330266674
185.2,-6.48150984,-45.25218059,4.261687082
185.3,-8.219034308,-50.61041618,-0.54689702
185.4,-9.990229244,-55.33575905,-5.028912456
185.5,-11.7812981,-59.36790268,-9.125560817
185.6,-13.57769724,-62.65704394,-12.7866502
185.7,-15.36425356,-65.16455642,-15.97127086
185.8,-17.12529075,-66.86348614,-18.64830507
185.9,-18.84476337,-67.73886307,-20.79676419
186,-20.50639744,-67.78782429,-22.40594898
186.1,-22.09383642,-67.01954795,-23.47543181
186.2,-23.59079134,-65.45500017,-24.01486275
186.3,-24.98119359,-63.12649982,-24.0436041
186.4,-26.24934933,-60.07710915,-23.59020083
186.5,-27.38009369,-56.35986089,-22.6916972
186.6,-28.35894372,-52.03683503,-21.39281201
186.7,-29.17224848,-47.17810089,-19.74498771
186.8,-29.80733478,-41.86054195,-17.80532999
186.9,-30.25264739,-36.16658309,-15.63545695
187,-30.49788216,-30.18284099,-13.30027768
187.1,-30.53411075,-23.99871981,-10.86672177
187.2,-30.35389576,-17.70497505,-8.40244163
187.3,-29.95139508,-11.3922687,-5.974510089
187.4,-29.32245418,-5.149739201,-3.64813568
187.5,-28.46468549,0.936390951,-1.485417733
187.6,-27.37753385,6.784147642,0.455837371
187.7,-26.0623272,12.31705634,2.123218479
187.8,-24.52231184,17.46529229,3.470711543
187.9,-22.76267174,22.16671151,4.45958389
188,-20.7905313,26.36774652,5.05913567
188.1,-18.61494144,30.02415291,5.247305485
188.2,-16.24684877,33.10159533,5.011119689
188.3,-13.69904781,35.57606418,4.346977434
188.4,-10.98611646,37.43411705,3.260766342
188.5,-8.124334956,38.67294186,1.767806492
188.6,-5.131588757,39.30024139,-0.107376697
188.7,-2.027255963,39.3339423,-2.331447204
188.8,1.16792007,38.80173392,-4.862814496
188.9,4.431972018,37.7404455,-7.652341943
189,7.741862809,36.19527292,-10.64419597
189.1,11.07365167,34.21886825,-13.77682195
189.2,14.40267075,31.87030818,-16.98403072
189.3,17.70371107,29.21395876,-20.19617753
189.4,20.9512162,26.31825605,-23.34141398
189.5,24.1194824,23.25442339,-26.34699166
189.6,27.18286334,20.09514713,-29.14059588
189.7,30.11597809,16.91323322,-31.65168664
189.8,32.89392035,13.78026753,-33.81282439
189.9,35.49246746,10.76530255,-35.56095769
190,37.88828731,7.93359273,-36.83865082
190.1,40.05914142,5.345400012,-37.59523006
190.2,41.98408255,3.054889747,-37.78782858
190.3,43.64364491,1.109135908,-37.38231158
190.4,45.0200256,-0.452747422,-36.35406501
190.5,46.09725541,-1.600333319,-34.68863338
190.6,46.86135754,-2.312455432,-32.38219471
190.7,47.30049281,-2.577617461,-29.4418631
190.8,47.4050899,-2.394231309,-25.88581207
190.9,47.16795941,-1.770679354,-21.74321503
191,46.58439062,-0.725199214,-17.05400182
191.1,45.65222988,0.714407695,-11.8684336
191.2,44.37193981,2.511239593,-6.246500861
191.3,42.74663847,4.619922627,-0.257152848
191.4,40.78211816,6.987394187,6.022631116
191.5,38.48684311,9.553828759,12.50891492
191.6,35.87192615,12.25369144,19.11200782
191.7,32.951084,15.01690202,25.73777743
191.8,29.74057146,17.77009078,32.28905376
191.9,26.2590947,20.43792517,38.66710265
192,22.52770404,22.94448586,44.77314604
192.1,18.5696669,25.21466905,50.50990521
192.2,14.41032168,27.1755919,55.78314283
192.3,10.07691342,28.75797746,60.50317958
192.4,5.598412432,29.8974957,64.58636089
192.5,1.005317105,30.53603801,67.95645056
192.6,-3.670557813,30.62290316,70.54592838
192.7,-8.39630586,30.11587426,72.29717086
192.8,-13.13816487,28.98216787,73.16349511
192.9,-17.86176259,27.19923811,73.11004876
193,-22.53237015,24.7554212,72.1145302
193.1,-27.11516139,21.65040815,70.16772684
193.2,-31.57547617,17.89553582,67.27386104
193.3,-35.87908563,13.51388991,63.45073682
193.4,-39.99245726,8.540215871,58.72968339
193.5,-43.88301791,3.020637172,53.15529431
193.6,-47.5194125,-2.987816807,46.78496481
193.7,-50.87175638,-9.417867772,39.68823245
193.8,-53.91187948,-16.19282204,31.94592962
193.9,-56.61356004,-23.22756931,23.6491592
194,-58.95274623,-30.42973267,14.89810747
194.1,-60.90776365,-37.70095344,5.800711153
194.2,-62.45950702,-44.93829197,-3.528802589
194.3,-63.59161444,-52.03572391,-12.97148201
194.4,-64.29062271,-58.88570931,-22.4052997
194.5,-64.54610224,-65.38081109,-31.70686042
194.6,-64.35077044,-71.41533815,-40.75314265
194.7,-63.70058234,-76.88698786,-49.42324803
194.8,-62.59479766,-81.69846269,-57.60013266
194.9,-61.03602357,-85.7590356,-65.17229432
195,-59.0302324,-88.98603977,-72.03539032
195.1,-56.58675424,-91.30625896,-78.0937616
195.2,-53.71824387,-92.65719638,-83.26183999
195.3,-50.44062237,-92.98820143,-87.46541727
195.4,-46.77299335,-92.26143592,-90.64275665
195.5,-42.73753437,-90.45266352,-92.74552966
195.6,-38.35936403,-87.55184897,-93.73956393
195.7,-33.66638562,-83.56355616,-93.60539011
195.8,-28.68910821,-78.50713744,-92.33857941
195.9,-23.46044633,-72.41670941,-89.94986609
196,-18.01549968,-65.34091382,-86.46505246
196.1,-12.39131424,-57.34246518,-81.92469748
196.2,-6.626626463,-48.49749045,-76.38359296
196.3,-0.76159238,-38.89466854,-69.91003466
196.4,5.162496551,-28.63418118,-62.58489893
196.5,11.10350871,-17.82648912,-54.50053784
196.6,17.01877664,-6.590950373,-45.7595092
196.7,22.86540817,4.945700051,-36.47315981
196.8,28.600602,16.65098786,-26.76008268
196.9,34.18196556,28.38843116,-16.74447094
197,39.56783248,40.01934168,-6.55439239
197.1,44.71757756,51.40466942,3.679989708
197.2,49.59192665,62.40686458,13.8282237
197.3,54.1532591,72.89172959,23.76137785
197.4,58.36590051,82.73023459,33.35382334
197.5,62.19640332,91.80027009,42.48496599
197.6,65.61381326,99.98831129,51.04090123
197.7,68.58991927,107.19097,58.91596832
197.8,71.09948511,113.3164112,66.01418126
197.9,73.1204606,118.285615,72.2505156
198,74.63417079,122.0334629,77.55203283
198.1,75.62548154,124.5096366,81.85882628
198.2,76.08293989,125.6793119,85.12477528
198.3,75.9988882,125.523642,87.31809712
198.4,75.3695508,124.0400196,88.42168975
198.5,74.19509239,121.242117,88.43326079
198.6,72.47964756,117.1597023,87.36524224
198.7,70.23132088,111.8382345,85.24449293
198.8,67.4621575,105.3382454,82.11179447
198.9,64.18808412,97.73451505,78.02114912
199,60.42882064,89.11505532,73.03889123
199.1,56.20776294,79.57991543,67.24262643
199.2,51.55183747,69.23982743,60.72001566
199.3,46.49132848,58.2147116,53.56742282
199.4,41.05967916,46.63206385,45.88844744
199.5,35.29326779,34.62524848,37.79236487
199.6,29.2311606,22.33172147,29.39249812
199.7,22.91484299,9.891209936,20.80454614
199.8,16.3879309,-2.556125771,12.14489416
199.9,9.695864492,-14.87152094,3.528931463
200,2.885586306,-26.91940007,-4.930598042
